master_id,source_presence,canonical_binomial,ecocrop_match_method,ecocrop_match_confidence,permapeople_id,record_type,source_url,scientific_name,common_name,family,life_cycle_raw,hardiness_zone_raw,hardiness_zone_min,hardiness_zone_max,height_m,growth_rate,layer,edible,edible_parts_raw,edible_uses_raw,utility_raw,light_full_sun,light_partial_sun_shade,light_partial_shade,light_full_shade,water_dry,water_moist,water_wet,soil_light_sandy,soil_medium,soil_heavy_clay,ethmar_category,ethmar_relevant,ethmar_rule_applied,ecocrop_code,ecocrop_scientific_name,ecocrop_authority,ecocrop_family_raw,ecocrop_synonyms,ecocrop_common_names,ecocrop_life_form,ecocrop_habit,ecocrop_lifespan,ecocrop_physiology,ecocrop_category,ecocrop_scale_of_cultivation,ecocrop_temp_opt_min_c,ecocrop_temp_opt_max_c,ecocrop_temp_abs_min_c,ecocrop_temp_abs_max_c,ecocrop_rain_opt_min_mm,ecocrop_rain_opt_max_mm,ecocrop_rain_abs_min_mm,ecocrop_rain_abs_max_mm,ecocrop_ph_opt_min,ecocrop_ph_opt_max,ecocrop_ph_abs_min,ecocrop_ph_abs_max,ecocrop_latopmn,ecocrop_latopmx,ecocrop_latmn,ecocrop_latmx,ecocrop_altitude_max_m,ecocrop_liopmn,ecocrop_liopmx,ecocrop_limn,ecocrop_limx,ecocrop_dep,ecocrop_depr,ecocrop_text,ecocrop_textr,ecocrop_fer,ecocrop_ferr,ecocrop_sal,ecocrop_salr,ecocrop_dra,ecocrop_drar,ecocrop_ktmpr,ecocrop_ktmp,ecocrop_photo,ecocrop_cliz,ecocrop_abitol,ecocrop_abisus,ecocrop_intri,ecocrop_prosy,ecocrop_gmin,ecocrop_gmax,category_source,edible_evidence,category_confidence,variety_names,merged_row_count,repairs_applied,crop_group,is_common,name_ar,home_garden,ph_imputed
PP:1,both,cucurbita moschata,exact_scientific_name,high,1.0,Plant,https://permapeople.org/plants/cucurbita-moschata-squash,Cucurbita moschata,Butternut squash,Cucurbitaceae,Annual,2-11,2.0,11.0,0.6,Fast,Vines,1.0,"Flowers, Fruit, Leaves, Seed",Oil,oil,1.0,1.0,0.0,0.0,0.0,1.0,0.0,1.0,1.0,1.0,edible_vine,1.0,Layer contains 'Vine(s)' and Edible == true,820,Cucurbita moschata,Duch ez Poir,Magnoliopsida:Dilleniidae:Violales:Cucurbitaceae,"Zucchini moschata, Cucurbita maxima Duch ex Lam","pumpkin, squash, small horned melon, nangua, gramma, hina, pamkin, zucca, kuerbis",vine,climber/scrambler/scadent,annual,,"forage/pasture, fruits & nuts, vegetables",grown on large scale,20.0,30.0,10.0,40.0,600.0,1600.0,300.0,2800.0,5.5,7.5,4.5,8.3,10.0,,20.0,50.0,2400.0,clear skies,clear skies,very bright,cloudy skies,deep (>>150 cm),shallow (20-50 cm),"medium, organic","heavy, medium, light",high,low,low (<4 dS/m),low (<4 dS/m),well (dry spells),well (dry spells),,,"short day (<12 hours), neutral day (12-14 hours)","tropical wet & dry (Aw), tropical wet (Ar), steppe or semiarid (Bs), subtropical humid (Cf), subtropical dry summer (Cs), subtropical dry winter (Cw), temperate oceanic (Do), temperate continental (Dc), temperate with humid winters (Df), temperate with dry winters (Dw)",,,,home garden,80.0,140.0,original_rule,edible_flag,high,South Anna; Squash,2,,fruiting,1,قرع,1,0
PP:2,both,pisum sativum,exact_scientific_name,high,2.0,Plant,https://permapeople.org/plants/pisum-sativum-pea,Pisum sativum,Pea,Fabaceae or leguminosae,Annual,3-9,3.0,9.0,2.0,,Vines,1.0,"Leaves, Seed, Shoots",,Nitrogen fixer,1.0,0.0,0.0,0.0,0.0,1.0,0.0,1.0,1.0,0.0,legume,1.0,Family == Fabaceae and Edible parts contains Seed/Pod,1721,Pisum sativum,L.,Magnoliopsida:Rosidae:Fabales:Leguminosae,,"pea, garden pea, English pea, green pea, petits pois, guisante, arveja, erbse, mattar, ervilha, arapatao, bisillah",herb,"prostrate/procumbent/semi-erect, climber/scrambler/scadent",annual,single stem,"pulses (grain legumes), medicinals & aromatic",grown on large scale,10.0,24.0,4.0,30.0,800.0,1200.0,350.0,2500.0,5.5,7.0,4.5,8.3,,,60.0,70.0,2700.0,very bright,very bright,very bright,cloudy skies,medium (50-150 cm),shallow (20-50 cm),"heavy, medium, light","heavy, medium, light",moderate,low,low (<4 dS/m),low (<4 dS/m),well (dry spells),well (dry spells),-2,0.0,"short day (<12 hours), neutral day (12-14 hours)","tropical wet & dry (Aw), tropical wet (Ar), steppe or semiarid (Bs), subtropical humid (Cf), subtropical dry summer (Cs), subtropical dry winter (Cw), temperate oceanic (Do), temperate continental (Dc), temperate with humid winters (Df), temperate with dry winters (Dw)",,,,"home garden, large scale/commercial",60.0,140.0,original_rule,edible_flag,high,Field Pea; First early May; Grey redblossoming; Nairobi; Pea; Snow pea; Sugar Pea; Wild Pea,8,,legume,1,بازلاء,1,0
PP:4,both,morus rubra,exact_scientific_name,high,4.0,Plant,https://permapeople.org/plants/morus-rubra-red-mulberry,Morus rubra,Red mulberry,Moraceae,Perennial,4-9,4.0,9.0,15.0,,Trees,1.0,"Fruit, Leaves, Shoots",,"Fiber, Lumber",1.0,1.0,0.0,0.0,0.0,1.0,0.0,1.0,1.0,1.0,fruit_tree,1.0,Layer contains 'Tree' and Edible parts contains 'Fruit',7829,Morus rubra,L.,Magnoliopsida:Dilleniidae:Urticales:Moraceae,,"red mulberry, American mulberry, murier rouge, amoreira vermelha",tree,erect,perennial,"deciduous, single stem",fruits & nuts,grown on small scale,19.0,25.0,12.0,32.0,800.0,1200.0,650.0,1700.0,5.5,7.0,5.0,8.0,25.0,25.0,50.0,50.0,1000.0,clear skies,very bright,light shade,very bright,medium (50-150 cm),medium (50-150 cm),"heavy, medium, light","heavy, medium, light",high,moderate,low (<4 dS/m),low (<4 dS/m),well (dry spells),well (dry spells),,,"short day (<12 hours), neutral day (12-14 hours), long day (>14 hours)","subtropical humid (Cf), subtropical dry summer (Cs)",flooding,,,,240.0,270.0,original_rule,edible_flag,high,Illinois Everbearing; Red mulberry,2,,fruit_tree,0,,0,0
PP:5,both,phaseolus vulgaris,exact_scientific_name,high,5.0,Plant,https://permapeople.org/plants/phaseolus-vulgaris-common-bean,Phaseolus vulgaris,Green bean,"Fabaceae, Leguminosae",Annual,2-11,2.0,11.0,2.0,Fast,Vines,1.0,"Leaves, Seed, Seedpod","Coffee, Condiment","Biomass, Dye, antifungal, Nitrogen fixer",1.0,0.0,0.0,0.0,0.0,1.0,0.0,1.0,1.0,1.0,legume,1.0,Family == Fabaceae and Edible parts contains Seed/Pod,1668,Phaseolus vulgaris,L.,Magnoliopsida:Rosidae:Fabales:Leguminosae,"Phaseolus communis Pritzel, Phaseolus esculentus Salisb.","common bean, french bean, frijol, garden bean, green bean, wandou, Buschbohne, adenguare, Stangenbohne, Reiserbohne, habichuela, haricot, haricot bean, haricot commun, haricot francais, kidney bean, mange-tout, pois, snap bean, pini, piini, field bean, wax bean, bean - common, Phaseoli legumina",herb,prostrate/procumbent/semi-erect,annual,"multi stem, C3 photosynthesis","pulses (grain legumes), forage/pasture, vegetables, medicinals & aromatic",grown on large scale,16.0,25.0,7.0,32.0,500.0,2000.0,300.0,4300.0,5.5,7.5,4.0,9.0,,,20.0,60.0,3000.0,very bright,clear skies,very bright,cloudy skies,medium (50-150 cm),shallow (20-50 cm),"medium, organic","heavy, medium, light",moderate,low,low (<4 dS/m),low (<4 dS/m),well (dry spells),well (dry spells),,,"short day (<12 hours), neutral day (12-14 hours)","tropical wet & dry (Aw), steppe or semiarid (Bs), subtropical humid (Cf), subtropical dry summer (Cs), subtropical dry winter (Cw), temperate oceanic (Do), temperate continental (Dc), temperate with humid winters (Df), temperate with dry winters (Dw)",,,,,50.0,270.0,original_rule,edible_flag,high,Blue lake; Cobra; Common bean; Flagrano; Flat bean; Great northern white; Helda; Jacob’s cattle; Kentucky wonder; Kidney bean; Tendergreen; Vermont cranberry,12,,legume,1,فاصوليا,0,0
PP:6,both,prunus avium,exact_scientific_name,high,6.0,Plant,https://permapeople.org/plants/prunus-avium-sweet-cherry,Prunus avium,Sweet cherry,Rosaceae,Perennial,3-7,3.0,7.0,18.0,Fast,Trees,1.0,"Fruit, Seed",Gum,"Dye, Gum, Tannin, Lumber, Espalier",1.0,1.0,0.0,0.0,0.0,1.0,0.0,1.0,1.0,1.0,fruit_tree,1.0,Layer contains 'Tree' and Edible parts contains 'Fruit',8965,Prunus avium,L.,Magnoliopsida:Rosidae:Rosales:Rosaceae,"Cerasus avium (L.) Moench, Cerasus dulcis Gaertn.","gean, heart cherry, sweet cherry, mazzard cherry, fugle kirsebær, cereja doce, cereja galega, Kirsche, Cerasorum stipites",tree,erect,perennial,"deciduous, single stem","fruits & nuts, medicinals & aromatic, forest/wood","grown on large scale, harvested from wild",18.0,28.0,6.0,40.0,500.0,900.0,300.0,1500.0,5.5,6.5,4.5,7.0,,40.0,,60.0,,very bright,very bright,very bright,clear skies,deep (>>150 cm),medium (50-150 cm),"heavy, medium","heavy, medium, light",moderate,low,low (<4 dS/m),low (<4 dS/m),well (dry spells),well (dry spells),-3,0.0,,"steppe or semiarid (Bs), subtropical dry summer (Cs), temperate oceanic (Do), temperate continental (Dc), temperate with humid winters (Df), temperate with dry winters (Dw)",,,,,180.0,240.0,original_rule,edible_flag,high,Sweet cherry,1,,fruit_tree,0,,0,0
PP:7,both,prunus persica,exact_scientific_name,high,7.0,Plant,https://permapeople.org/plants/prunus-persica-peach,Prunus persica,Peach,Rosaceae,Perennial,5-9,5.0,9.0,6.0,Fast,Trees,1.0,"Flowers, Fruit, Seed","Oil, Gum, Tea","Adhesive, Cleanser, Dye, Gum, oil, Espalier",1.0,0.0,0.0,0.0,0.0,1.0,0.0,1.0,1.0,1.0,fruit_tree,1.0,Layer contains 'Tree' and Edible parts contains 'Fruit',1796,Prunus persica,(L.)Batsch,Magnoliopsida:Rosidae:Rosales:Rosaceae,"Prunus persicae Stokes, Prunus persica Stokes, Amygdalus persica Linn.","peach, pêche, melocoton, pesca, Pfirsich, pessego, Semen Persicae, red Ceylon peach, bonanza peach, clingstone peach, freestone peach, red haven peach, Rio Oso gem peach","shrub, tree",erect,perennial,"deciduous, single stem, multi stem","fruits & nuts, ornamentals/turf, environmental",grown on large scale,20.0,33.0,7.0,35.0,900.0,1100.0,750.0,1600.0,5.5,6.3,4.5,7.5,30.0,30.0,50.0,50.0,1000.0,very bright,very bright,very bright,cloudy skies,deep (>>150 cm),medium (50-150 cm),"medium, light","heavy, medium, light",high,moderate,low (<4 dS/m),low (<4 dS/m),well (dry spells),well (dry spells),-5,-5.0,"short day (<12 hours), neutral day (12-14 hours), long day (>14 hours)","subtropical humid (Cf), subtropical dry summer (Cs)",,,,"home garden, small scale (manual)",240.0,270.0,original_rule,edible_flag,high,Elberta Peach; Nectarine; Peach; Reliance; Siberian C,5,,fruit_tree,1,خوخ,1,0
PP:8,both,salvia officinalis,exact_scientific_name,high,8.0,Plant,https://permapeople.org/plants/salvia-officinalis-sage,Salvia officinalis,Sage,Lamiaceae or Labiatae,"Annual, Perennial",3-11,3.0,11.0,0.6,Medium,Herbs,1.0,"Flowers, Leaves","Condiment, Tea","Compost, Essential Oil, Strewing, Teeth, Dynamic accumulator, Ground cover, Fragrance",1.0,0.0,0.0,0.0,1.0,1.0,0.0,1.0,1.0,0.0,herb,1.0,Layer contains 'Herbs' and Edible uses contains Condiment/Tea,2412,Salvia officinalis,,Magnoliopsida:Asteridae:Lamiales:Labiatae,,"sage, common sage, sauge, Salbei, salvia, mariyamiya, salie, salva, shalfey, ching-chieh, Salviae folium, Salviae herba, Aetheroleum salviae",sub-shrub,erect,perennial,,medicinals & aromatic,grown on large scale,15.0,26.0,5.0,30.0,500.0,1000.0,300.0,1500.0,5.0,6.5,4.2,8.3,30.0,20.0,50.0,60.0,1000.0,very bright,very bright,very bright,clear skies,medium (50-150 cm),shallow (20-50 cm),medium,"heavy, medium",high,moderate,low (<4 dS/m),low (<4 dS/m),well (dry spells),"well (dry spells), excessive (dry/moderately dry)",,,"short day (<12 hours), neutral day (12-14 hours), long day (>14 hours)","tropical wet & dry (Aw), steppe or semiarid (Bs), subtropical dry summer (Cs), temperate oceanic (Do), temperate continental (Dc), temperate with humid winters (Df), temperate with dry winters (Dw)",,,,"home garden, large scale/commercial",120.0,240.0,original_rule,edible_flag,high,Sage,1,,leafy_herb,1,مريمية,1,0
PP:9,both,helianthus tuberosus,exact_scientific_name,high,9.0,Plant,https://permapeople.org/plants/helianthus-tuberosus-jerusalem-artichoke,Helianthus tuberosus,Jerusalem artichoke,Asteraceae or Compositae,Perennial,4-8,4.0,8.0,,Fast,Roots,1.0,Root,"Coffee, Sweetener","Biomass, Dynamic accumulator",1.0,1.0,0.0,0.0,1.0,1.0,0.0,1.0,1.0,1.0,root_crop,1.0,Layer or Edible parts indicates Root/Tuber,1193,Helianthus tuberosus,L.,Magnoliopsida:Asteridae:Asterales:Compositae,,"Jerusalem artichoke, earth apple, sunchoke, topinambour, girasole, tupinambo, giganteia, girassol batateiro",herb,erect,perennial,single stem,"roots/tubers, forage/pasture, materials",grown on large scale,15.0,27.0,7.0,30.0,700.0,1500.0,300.0,2000.0,6.0,6.6,4.5,8.3,20.0,,50.0,50.0,3600.0,clear skies,clear skies,very bright,cloudy skies,medium (50-150 cm),,"medium, organic","heavy, medium, light",moderate,,low (<4 dS/m),low (<4 dS/m),well (dry spells),"well (dry spells), excessive (dry/moderately dry)",,,short day (<12 hours),"tropical wet & dry (Aw), steppe or semiarid (Bs), subtropical humid (Cf), subtropical dry summer (Cs), subtropical dry winter (Cw), temperate oceanic (Do), temperate continental (Dc), temperate with humid winters (Df), temperate with dry winters (Dw)",,,,,80.0,150.0,original_rule,edible_flag,high,Jerusalem artichoke,1,,root,0,,0,0
PP:10,both,fagus sylvatica,exact_scientific_name,high,10.0,Plant,https://permapeople.org/plants/fagus-sylvatica-beech,Fagus sylvatica,Beech,Fagaceae,Perennial,4-7,4.0,7.0,30.0,Medium,Tall trees,1.0,"Leaves, Seed","Oil, Coffee","Fire starter, Hedgerow, oil, textiles, Teeth, Lumber, Dynamic accumulator",1.0,1.0,0.0,1.0,1.0,1.0,0.0,1.0,1.0,1.0,vegetable,1.0,Edible parts contains Leaves/Stem/Flowers,49181,Fagus sylvatica,L.,Magnoliopsida:Hamamelidae:Fagales:Fagaceae,Fagus sylvestris Gaertn.,"beech, European beech, Irish fea, buche, rotbuche, faggio, hêtre, faia europeia, haya, bok, bøk, bøg, pyökki",tree,erect,perennial,"deciduous, single stem","materials, medicinals & aromatic, forest/wood",grown on large scale,10.0,20.0,6.0,35.0,500.0,1000.0,300.0,1500.0,5.0,7.0,4.0,8.2,45.0,40.0,56.0,60.0,1700.0,cloudy skies,very bright,heavy shade,very bright,deep (>>150 cm),deep (>>150 cm),medium,"heavy, medium",high,moderate,low (<4 dS/m),low (<4 dS/m),well (dry spells),well (dry spells),-28,-1.0,long day (>14 hours),"subtropical dry summer (Cs), temperate oceanic (Do), temperate continental (Dc)",,,,large scale/commercial,0.0,0.0,original_rule,edible_flag,high,Beech,2,,leafy_herb,0,,0,0
PP:11,both,robinia pseudoacacia,exact_scientific_name,high,11.0,Plant,https://permapeople.org/plants/robinia-pseudoacacia-black-locust,Robinia pseudoacacia,Black locust,Fabaceae or leguminosae,Perennial,4-9,4.0,9.0,25.0,Fast,Trees,1.0,"Flowers, Seed, Seedpod","Oil, Condiment, Drink","Dye, Essential Oil, Fiber, Animal feed, Fire starter, oil, Erosion control, Lumber, Dynamic accumulator, Nitrogen fixer, Fragrance",1.0,0.0,0.0,0.0,1.0,1.0,0.0,1.0,1.0,1.0,legume,1.0,Family == Fabaceae and Edible parts contains Seed/Pod,9297,Robinia pseudoacacia,L.,Magnoliopsida:Rosidae:Fabales:Leguminosae,,"false acacia, bastard acacia, black locust, faux acacia, Akazie, robinie, falsk acacie, robinia, acacia bastarda, robinia falsa acacia, acacia para-sol, Robiniae pseudoacaciae flos",tree,erect,perennial,"deciduous, single stem","ornamentals/turf, medicinals & aromatic",grown on small scale,15.0,32.0,6.0,40.0,450.0,700.0,300.0,1600.0,5.5,6.5,4.5,8.2,34.0,30.0,40.0,60.0,3300.0,very bright,clear skies,very bright,cloudy skies,deep (>>150 cm),medium (50-150 cm),"medium, light","heavy, medium, light",moderate,low,low (<4 dS/m),medium (4-10 dS/m),well (dry spells),"well (dry spells), excessive (dry/moderately dry)",-35,-1.0,"short day (<12 hours), neutral day (12-14 hours), long day (>14 hours)","steppe or semiarid (Bs), subtropical humid (Cf), subtropical dry summer (Cs), temperate oceanic (Do)",,,,,120.0,240.0,original_rule,edible_flag,high,Black locust,1,,legume,0,,0,0
PP:12,both,juglans nigra,exact_scientific_name,high,12.0,Plant,https://permapeople.org/plants/juglans-nigra-black-walnut,Juglans nigra,Black walnut,Juglandaceae,Perennial,4-9,4.0,9.0,30.0,Fast,Tall trees,1.0,"Sap, Seed","Oil, Sweetener","Crafting, Compost, Dye, Filter, Herbicide, Pest control, oil, Tannin, Lumber, Dynamic accumulator, Fragrance",1.0,0.0,0.0,0.0,0.0,1.0,0.0,1.0,1.0,1.0,nut,1.0,Common name contains 'nut' or Edible uses contains 'Nut',7013,Juglans nigra,L.,Magnoliopsida:Hamamelidae:Juglandales:Juglandaceae,,,tree,erect,perennial,"deciduous, single stem","fruits & nuts, forest/wood",grown on small scale,13.0,28.0,2.0,36.0,800.0,1000.0,300.0,1300.0,6.5,7.5,5.8,8.3,18.0,18.0,43.0,43.0,1200.0,very bright,very bright,very bright,cloudy skies,deep (>>150 cm),deep (>>150 cm),medium,"heavy, medium, light",high,moderate,low (<4 dS/m),low (<4 dS/m),well (dry spells),well (dry spells),,,long day (>14 hours),"steppe or semiarid (Bs), subtropical humid (Cf), subtropical dry summer (Cs), subtropical dry winter (Cw), temperate oceanic (Do), temperate continental (Dc), temperate with humid winters (Df), temperate with dry winters (Dw)",,,,,150.0,180.0,original_rule,edible_flag,high,Black walnut; Eastern,2,,fruit_tree,0,,0,0
PP:13,both,castanea mollissima,exact_scientific_name,high,13.0,Plant,https://permapeople.org/plants/castanea-mollissima-chinese-chestnut,Castanea mollissima,Chinese chestnut,Fagaceae,Perennial,4-8,4.0,8.0,25.0,Medium,Tall trees,1.0,Seed,,"Fire starter, Tannin, Lumber",1.0,1.0,0.0,0.0,1.0,1.0,0.0,1.0,1.0,1.0,nut,1.0,Common name contains 'nut' or Edible uses contains 'Nut',4314,Castanea mollissima,Blume,Magnoliopsida:Hamamelidae:Fagales:Fagaceae,"Castanea bungeana Blume, Castanea formosana (Hayata) Hayata","Chinese chestnut, chataignier de Chine, castanheiro da China","shrub, tree",erect,perennial,"deciduous, single stem, multi stem","fruits & nuts, materials, forest/wood",grown on small scale,15.0,26.0,10.0,30.0,1000.0,1400.0,800.0,1600.0,5.5,6.5,5.0,7.5,35.0,30.0,50.0,50.0,2500.0,very bright,very bright,very bright,clear skies,deep (>>150 cm),deep (>>150 cm),"medium, light","heavy, medium, light",moderate,moderate,low (<4 dS/m),low (<4 dS/m),well (dry spells),"well (dry spells), excessive (dry/moderately dry)",-29,-1.0,long day (>14 hours),"subtropical humid (Cf), subtropical dry summer (Cs), subtropical dry winter (Cw), temperate oceanic (Do), temperate continental (Dc), temperate with humid winters (Df), temperate with dry winters (Dw)",,,,,150.0,210.0,original_rule,edible_flag,high,Chinese chestnut,1,,fruit_tree,0,,0,0
PP:14,both,juglans regia,exact_scientific_name,high,14.0,Plant,https://permapeople.org/plants/juglans-regia-english-walnut,Juglans regia,English walnut,Juglandaceae,Perennial,5-9,5.0,9.0,20.0,Medium,Tall trees,1.0,"Sap, Seed","Oil, Sweetener, Tea","Dye, Herbicide, oil, Paint, Polish, Tannin, Teeth, Lumber, Dynamic accumulator, Fragrance",1.0,0.0,0.0,0.0,0.0,1.0,0.0,1.0,1.0,1.0,nut,1.0,Common name contains 'nut' or Edible uses contains 'Nut',2315,Juglans regia,L.,Magnoliopsida:Hamamelidae:Juglandales:Juglandaceae,,"walnut, walnut tree, Nussbaum, Walnussbaum, echte Walnuß, noce, noyer, nogal, valnød, almindelig valnød, valnöt, valnötsträd, äkta valnöt, Juglandis folium, Juglandis pericarpium, Juglandis disseptum",tree,erect,perennial,"deciduous, single stem","fruits & nuts, materials, ornamentals/turf, medicinals & aromatic, forest/wood",grown on large scale,15.0,30.0,7.0,40.0,800.0,1700.0,400.0,2200.0,5.5,6.5,4.5,8.3,30.0,30.0,60.0,60.0,3650.0,very bright,very bright,very bright,cloudy skies,deep (>>150 cm),deep (>>150 cm),medium,"heavy, medium, light",high,moderate,low (<4 dS/m),low (<4 dS/m),well (dry spells),well (dry spells),-24,-2.0,long day (>14 hours),"steppe or semiarid (Bs), subtropical dry summer (Cs), temperate oceanic (Do), temperate continental (Dc), temperate with humid winters (Df), temperate with dry winters (Dw)",,,,large scale/commercial,150.0,180.0,original_rule,edible_flag,high,English walnut; Walnut,3,,fruit_tree,0,,0,0
PP:15,both,gleditsia triacanthos,exact_scientific_name,high,15.0,Plant,https://permapeople.org/plants/gleditsia-triacanthos-honey-locust,Gleditsia triacanthos,Honey locust,Fabaceae or leguminosae,Perennial,3-9,3.0,9.0,20.0,Medium,Tall trees,1.0,"Seed, Seedpod","Coffee, Drink, Gum, Sweetener","Animal feed, Gum, Soil reclamation, Tannin, Lumber, Fragrance",1.0,0.0,0.0,0.0,1.0,1.0,0.0,1.0,1.0,1.0,legume,1.0,Family == Fabaceae and Edible parts contains Seed/Pod,6438,Gleditsia triacanthos,L.,Magnoliopsida:Rosidae:Fabales:Leguminosae,,"honey-locust, three-thorned acacia, sweet locust, honey-shuck, espinheiro da Virginia",tree,erect,perennial,"deciduous, single stem","pulses (grain legumes), forage/pasture, materials, ornamentals/turf, forest/wood, environmental",grown on small scale,26.0,38.0,6.0,40.0,700.0,1500.0,500.0,1800.0,5.5,8.0,4.5,9.0,28.0,10.0,40.0,50.0,2200.0,very bright,very bright,very bright,clear skies,deep (>>150 cm),medium (50-150 cm),"heavy, medium, light","heavy, medium, light",high,moderate,low (<4 dS/m),high (>10 dS/m)),well (dry spells),"well (dry spells), excessive (dry/moderately dry)",-34,-1.0,"short day (<12 hours), neutral day (12-14 hours), long day (>14 hours)","steppe or semiarid (Bs), subtropical humid (Cf), subtropical dry summer (Cs), subtropical dry winter (Cw), temperate oceanic (Do), temperate continental (Dc), temperate with humid winters (Df), temperate with dry winters (Dw)",drought,"fire, wind",,,180.0,300.0,original_rule,edible_flag,high,Honey locust,1,,legume,0,,0,0
PP:22,both,pinus ponderosa,exact_scientific_name,high,22.0,Plant,https://permapeople.org/plants/pinus-ponderosa-ponderosa-pine,Pinus ponderosa,Ponderosa pine,Pinaceae,Perennial,4-8,4.0,8.0,25.0,Medium,Tall trees,1.0,"Inner bark, Seed","Condiment, Gum","Weaving material, Cosmetic, Dye, Fire starter, Gum, Herbicide, textiles, Resin, Wind breaker, Strewing, Lumber",1.0,0.0,0.0,0.0,1.0,1.0,0.0,1.0,1.0,0.0,other_productive,1.0,"Edible == true, no more specific rule matched",2545,Pinus ponderosa,Dougl.,Pinopsida:Pinaceae,,"Ponderosa pine, Western pine, Western yellow pine, California white pine, foothills yellow pine, Sierra brownbark pine, heavy pine, pin jaune, heavy-wooded pine, pinheiro Ponderosa",tree,erect,perennial,"evergreen, single stem","ornamentals/turf, forest/wood, environmental",,15.0,24.0,4.0,28.0,500.0,800.0,250.0,1750.0,5.5,7.5,4.9,9.1,25.0,23.0,48.0,52.0,3000.0,very bright,clear skies,very bright,light shade,medium (50-150 cm),shallow (20-50 cm),"medium, light","medium, light",moderate,low,low (<4 dS/m),low (<4 dS/m),well (dry spells),"well (dry spells), excessive (dry/moderately dry)",-5,0.0,"short day (<12 hours), neutral day (12-14 hours), long day (>14 hours)","steppe or semiarid (Bs), subtropical dry summer (Cs), temperate oceanic (Do)",,,,,240.0,330.0,original_rule,edible_flag,high,Ponderosa pine,1,,other,0,,0,0
PP:25,both,prunus cerasus,exact_scientific_name,high,25.0,Plant,https://permapeople.org/plants/prunus-cerasus-sour-cherry,Prunus cerasus,Sour cherry,Rosaceae,Perennial,3-7,3.0,7.0,6.0,,Trees,1.0,"Fruit, Seed","Oil, Gum, Tea","Adhesive, Dye, Gum, Hedgerow, oil, Lumber",1.0,1.0,0.0,0.0,0.0,1.0,0.0,1.0,1.0,1.0,fruit_tree,1.0,Layer contains 'Tree' and Edible parts contains 'Fruit',8970,Prunus cerasus,L.,Magnoliopsida:Rosidae:Rosales:Rosaceae,,"sour cherry, pie-cherry, cerisier commun, ginjeira da ginjas galegas",tree,erect,perennial,"deciduous, single stem","fruits & nuts, materials, forest/wood","grown on small scale, harvested from wild",15.0,25.0,4.0,30.0,800.0,1600.0,500.0,2700.0,6.0,6.5,4.5,7.5,45.0,30.0,60.0,60.0,800.0,very bright,clear skies,very bright,cloudy skies,deep (>>150 cm),medium (50-150 cm),medium,"heavy, medium, light",moderate,low,low (<4 dS/m),low (<4 dS/m),well (dry spells),well (dry spells),-10,-4.0,"short day (<12 hours), neutral day (12-14 hours), long day (>14 hours)","steppe or semiarid (Bs), subtropical humid (Cf), subtropical dry summer (Cs), temperate oceanic (Do)",,,,,180.0,240.0,original_rule,edible_flag,high,Bush Sour Cherry; Kentish Red Cherry; Maraschino Cherry; Morello Cherry; Sour cherry,5,,fruit_tree,0,,0,0
PP:26,both,pinus pinea,exact_scientific_name,high,26.0,Plant,https://permapeople.org/plants/pinus-pinea-stone-pine,Pinus pinea,Stone pine,Pinaceae,Perennial,7-11,7.0,11.0,10.0,Medium,Tall trees,1.0,Seed,Condiment,"Dye, Herbicide, Resin, Lumber",1.0,0.0,0.0,0.0,1.0,1.0,0.0,1.0,1.0,0.0,other_productive,1.0,"Edible == true, no more specific rule matched",8647,Pinus pinea,L.,Pinopsida:Pinaceae,,"Italian stone pine, Roman pine, umbrella pine, pignon pine, pignolia, bull pine, stone pine, nut pine, pin pignon, pin parasol, pino domestico, pino marittimo, pinheiro manso",tree,erect,perennial,"evergreen, single stem","fruits & nuts, ornamentals/turf, forest/wood, environmental",,18.0,32.0,8.0,38.0,500.0,700.0,400.0,800.0,4.5,5.5,4.0,6.5,33.0,33.0,44.0,44.0,2500.0,very bright,very bright,very bright,clear skies,medium (50-150 cm),shallow (20-50 cm),"medium, light","medium, light",moderate,low,low (<4 dS/m),low (<4 dS/m),well (dry spells),"well (dry spells), excessive (dry/moderately dry)",-2,0.0,"short day (<12 hours), neutral day (12-14 hours), long day (>14 hours)","steppe or semiarid (Bs), subtropical dry summer (Cs)","fire, drought",,,,180.0,240.0,original_rule,edible_flag,high,Stone pine,1,,other,0,,0,0
PP:27,both,acer saccharum,exact_scientific_name,high,27.0,Plant,https://permapeople.org/plants/acer-saccharum-sugar-maple,Acer saccharum,Sugar maple,Aceraceae,Perennial,3-8,3.0,8.0,30.0,Slow,Tall trees,1.0,"Inner bark, Leaves, Sap, Seed",Sweetener,"Companion, Animal feed, Fire starter, Potash, Preservative, Lumber, Dynamic accumulator",1.0,1.0,0.0,0.0,0.0,1.0,0.0,1.0,1.0,1.0,vegetable,1.0,Edible parts contains Leaves/Stem/Flowers,2756,Acer saccharum,Forsk.,Magnoliopsida:Rosidae:Sapindales:Aceraceae,,"sugar maple, sugarwood, rock maple, hard maple, bird's-eye maple, erable a sucre, bordo do Canada', bordo sacarino",tree,erect,perennial,"deciduous, single stem",forest/wood,,14.0,24.0,4.0,28.0,700.0,1300.0,500.0,1500.0,6.0,6.5,5.3,7.3,,,,,1600.0,very bright,clear skies,very bright,cloudy skies,deep (>>150 cm),medium (50-150 cm),medium,medium,moderate,moderate,low (<4 dS/m),low (<4 dS/m),well (dry spells),well (dry spells),-18,-1.0,long day (>14 hours),"steppe or semiarid (Bs), temperate oceanic (Do), temperate continental (Dc), boreal (E)",,,,,130.0,240.0,original_rule,edible_flag,high,Big-Tooth Maple; Black Maple; Sugar maple,3,,leafy_herb,0,,0,0
PP:28,both,castanea sativa,exact_scientific_name,high,28.0,Plant,https://permapeople.org/plants/castanea-sativa-sweet-chestnut,Castanea sativa,Sweet chestnut,Fagaceae,Perennial,5-7,5.0,7.0,30.0,Medium,Tall trees,1.0,Seed,"Coffee, Sweetener","Weaving material, Fire starter, Hair, Starch, Tannin, Lumber",1.0,0.0,0.0,0.0,1.0,1.0,0.0,1.0,1.0,1.0,nut,1.0,Common name contains 'nut' or Edible uses contains 'Nut',2234,Castanea sativa,Mill.,Magnoliopsida:Hamamelidae:Fagales:Fagaceae,"Castanea vesca Gaertn., Castanea vulgaris Lam., Fagus castanea L.","chestnut, European chestnut, French chestnut, Italian chestnut, Spanish chestnut, Sardian chestnut, sweet chestnut, Congo stick, chataignier, castagno, Kastanienbaum, Edelkastanie, ægte kastanie, castanheiro vulgar, Castaneae folium, aila",tree,erect,perennial,"deciduous, single stem","fruits & nuts, materials, medicinals & aromatic, forest/wood","grown on large scale, harvested from wild",15.0,25.0,7.0,30.0,900.0,1300.0,500.0,1600.0,5.0,6.0,4.0,7.0,30.0,30.0,50.0,50.0,2000.0,very bright,very bright,very bright,cloudy skies,deep (>>150 cm),deep (>>150 cm),"medium, light","heavy, medium, light",moderate,moderate,low (<4 dS/m),low (<4 dS/m),well (dry spells),"well (dry spells), excessive (dry/moderately dry)",,,long day (>14 hours),"steppe or semiarid (Bs), subtropical dry summer (Cs), temperate oceanic (Do), temperate continental (Dc), temperate with humid winters (Df), temperate with dry winters (Dw)",,,,large scale/commercial,150.0,210.0,original_rule,edible_flag,high,Sweet chestnut,1,,fruit_tree,0,,0,0
PP:29,both,ailanthus altissima,exact_scientific_name,high,29.0,Plant,https://permapeople.org/plants/ailanthus-altissima-tree-of-heaven,Ailanthus altissima,Tree of heaven,Simaroubaceae,Perennial,5-8,5.0,8.0,25.0,Fast,Tall trees,1.0,Leaves,,"Dye, Hedgerow, Herbicide, Pest control, Soil reclamation, Erosion control, Tannin, Lumber, Fragrance",1.0,1.0,0.0,0.0,1.0,1.0,1.0,1.0,1.0,0.0,vegetable,1.0,Edible parts contains Leaves/Stem/Flowers,2943,Ailanthus altissima,L.,Magnoliopsida:Rosidae:Sapindales:Simaroubaceae,Ailanthus glandulosa Desf.,"Ailanthus, tree of heaven, false varnish tree, copal tree, stink tree, ailanto, Ailanthusbaum, Götterbaum, arvore celeste",tree,erect,perennial,"deciduous, single stem","ornamentals/turf, medicinals & aromatic",grown on small scale,14.0,28.0,6.0,40.0,400.0,600.0,350.0,1500.0,5.0,7.0,4.0,8.0,30.0,30.0,60.0,60.0,2000.0,very bright,cloudy skies,very bright,heavy shade,deep (>>150 cm),medium (50-150 cm),"heavy, medium, light","heavy, medium, light",moderate,low,low (<4 dS/m),medium (4-10 dS/m),"poorly (saturated >50% of year), well (dry spells), excessive (dry/moderately dry)","poorly (saturated >50% of year), well (dry spells), excessive (dry/moderately dry)",-34,-1.0,long day (>14 hours),"subtropical humid (Cf), subtropical dry summer (Cs), subtropical dry winter (Cw), temperate oceanic (Do), temperate continental (Dc), temperate with humid winters (Df), temperate with dry winters (Dw)",,wind,,home garden,120.0,210.0,original_rule,edible_flag,high,Tree of heaven,1,,leafy_herb,0,,1,0
PP:39,both,asimina triloba,exact_scientific_name,high,39.0,Plant,https://permapeople.org/plants/asimina-triloba-pawpaw,Asimina triloba,Pawpaw,Annonaceae,Perennial,5-8,5.0,8.0,4.5,Slow,Trees,1.0,Fruit,,"Dye, Fiber, Pest control, Lumber",1.0,1.0,0.0,0.0,0.0,1.0,0.0,0.0,1.0,0.0,fruit_tree,1.0,Layer contains 'Tree' and Edible parts contains 'Fruit',11029,Asimina triloba,,Magnoliopsida:Magnoliidae:Magnoliales:Annonaceae,,papaw,"shrub, tree","erect, prostrate/procumbent/semi-erect",perennial,"deciduous, single stem, multi stem","fruits & nuts, materials, medicinals & aromatic",,12.0,22.0,8.0,32.0,400.0,1200.0,225.0,1500.0,6.0,7.2,5.2,7.5,25.0,24.0,47.0,48.0,1500.0,clear skies,very bright,light shade,very bright,deep (>>150 cm),deep (>>150 cm),medium,"medium, light",high,high,low (<4 dS/m),low (<4 dS/m),well (dry spells),well (dry spells),-25,0.0,,"steppe or semiarid (Bs), subtropical humid (Cf), temperate continental (Dc)",,drought,poisonous to man or animals,,130.0,210.0,original_rule,edible_flag,high,Pawpaw,1,,fruit_tree,0,,0,0
PP:40,both,atriplex canescens,exact_scientific_name,high,40.0,Plant,https://permapeople.org/plants/atriplex-canescens-salt-bush,Atriplex canescens,Salt bush,Chenopodiaceae,Perennial,6-9,6.0,9.0,1.8,,Shrubs,1.0,"Leaves, Seed","Colouring, Drink","Dye, Fire retardant, Animal feed, Hedgerow, Potash",1.0,0.0,0.0,0.0,1.0,1.0,0.0,1.0,1.0,0.0,vegetable,1.0,Edible parts contains Leaves/Stem/Flowers,3540,Atriplex canescens,Lour.,Magnoliopsida:Caryophyllidae:Caryophyllales:Chenopodiaceae,,,shrub,erect,perennial,"multi stem, C4 photosynthesis",forage/pasture,,12.0,17.0,5.0,33.0,250.0,450.0,150.0,600.0,7.6,7.9,7.3,8.2,,,,,1900.0,very bright,very bright,very bright,clear skies,deep (>>150 cm),medium (50-150 cm),"medium, light","heavy, medium, light",low,low,medium (4-10 dS/m),high (>10 dS/m)),"well (dry spells), excessive (dry/moderately dry)","poorly (saturated >50% of year), well (dry spells), excessive (dry/moderately dry)",-15,-1.0,"short day (<12 hours), neutral day (12-14 hours), long day (>14 hours)","desert or arid (Bw), steppe or semiarid (Bs), subtropical humid (Cf), subtropical dry summer (Cs), subtropical dry winter (Cw), temperate oceanic (Do), temperate continental (Dc), temperate with humid winters (Df), temperate with dry winters (Dw)",,,,,90.0,150.0,original_rule,edible_flag,high,Salt bush,1,,leafy_herb,0,,0,0
PP:50,both,caragana arborescens,exact_scientific_name,high,50.0,Plant,https://permapeople.org/plants/caragana-arborescens-siberian-pea-shrub,Caragana arborescens,Siberian pea shrub,Fabaceae or leguminosae,Perennial,2-7,2.0,7.0,6.0,Fast,Shrubs,1.0,"Seed, Seedpod",Oil,"Companion, Dye, Fiber, Hedgerow, oil, Wind breaker, Erosion control, Nitrogen fixer",1.0,0.0,0.0,0.0,1.0,1.0,0.0,1.0,1.0,0.0,legume,1.0,Family == Fabaceae and Edible parts contains Seed/Pod,12852,Caragana arborescens,Lam.,Magnoliopsida:Rosidae:Fabales:Leguminosae,,Siberian peashrub,"shrub, tree",erect,perennial,"deciduous, single stem, multi stem","vegetables, medicinals & aromatic, environmental",harvested from wild,14.0,28.0,10.0,36.0,350.0,800.0,250.0,900.0,6.5,8.5,6.0,9.0,37.0,35.0,63.0,65.0,1500.0,clear skies,very bright,cloudy skies,very bright,medium (50-150 cm),shallow (20-50 cm),"medium, light","medium, light",moderate,low,low (<4 dS/m),medium (4-10 dS/m),well (dry spells),"well (dry spells), excessive (dry/moderately dry)",-38,0.0,,"steppe or semiarid (Bs), subtropical dry summer (Cs), temperate oceanic (Do), temperate continental (Dc), boreal (E)",drought,,,,0.0,0.0,original_rule,edible_flag,high,Siberian pea shrub,1,,legume,0,,0,0
PP:61,both,corylus avellana,exact_scientific_name,high,61.0,Plant,https://permapeople.org/plants/corylus-avellana-common-hazelnut,Corylus avellana,Common Hazelnut,Betulaceae,Perennial,4-8,4.0,8.0,6.0,Medium,Trees,1.0,"Seed, Milk",Oil,"Weaving material, Fire starter, Cosmetic, Hedgerow, oil, Plant support, Polish, Tannin, Lumber",1.0,1.0,0.0,0.0,0.0,1.0,0.0,1.0,1.0,1.0,nut,1.0,Common name contains 'nut' or Edible uses contains 'Nut',2246,Corylus avellana,L.,Magnoliopsida:Hamamelidae:Fagales:Betulaceae,,"hazel nut, European hazel, cob nuts, Irish coll, fertile de Coutard, longue d'Espagne, lungha di Spagne, nocciolo, Gunslebenert Zellernuss, Gunslebert, Haselnuss, Haselnussbaum, hassel, hasselbuske, vanlig hassel, pähkinäpensas, Coryli folium","shrub, tree",erect,perennial,"deciduous, single stem, multi stem","fruits & nuts, materials, medicinals & aromatic, forest/wood",grown on large scale,10.0,24.0,5.0,35.0,900.0,1100.0,600.0,1400.0,6.0,6.5,5.5,7.5,40.0,40.0,60.0,60.0,1600.0,very bright,very bright,very bright,clear skies,deep (>>150 cm),medium (50-150 cm),medium,"heavy, medium, light",moderate,moderate,low (<4 dS/m),low (<4 dS/m),well (dry spells),well (dry spells),-10,-3.0,"short day (<12 hours), neutral day (12-14 hours), long day (>14 hours)","subtropical humid (Cf), subtropical dry summer (Cs), temperate oceanic (Do), temperate continental (Dc)",,,,,150.0,210.0,original_rule,edible_flag,high,Common Hazelnut; Corylus avellana pontica,2,,fruit_tree,0,,0,0
PP:64,both,diospyros kaki,exact_scientific_name,high,64.0,Plant,https://permapeople.org/plants/diospyros-kaki-persimmon,Diospyros kaki,Persimmon,Ebenaceae,Perennial,7-10,7.0,10.0,12.0,Medium,Trees,1.0,Fruit,"Coffee, Condiment, Sweetener","Cosmetic, Lumber",1.0,1.0,0.0,0.0,0.0,1.0,0.0,1.0,1.0,1.0,fruit_tree,1.0,Layer contains 'Tree' and Edible parts contains 'Fruit',945,Diospyros kaki,L.f.,Magnoliopsida:Dilleniidae:Theales:Ebenaceae,,"kaki, persimmon, Chinese persimmon, Japanese persimmon, plaqueminier, raquemine, kaki-meca, Kakifrucht, kesemek, buah kaki, buah samak, tonloëp, phlap chin, thi hông, hông thi, oriental persimmon, sharon fruit",tree,erect,perennial,"deciduous, single stem","fruits & nuts, medicinals & aromatic",grown on small scale,20.0,31.0,8.0,35.0,1000.0,1700.0,300.0,3000.0,5.5,6.5,5.0,8.3,,,,,2500.0,very bright,very bright,very bright,cloudy skies,deep (>>150 cm),medium (50-150 cm),medium,"heavy, medium, light",high,moderate,low (<4 dS/m),low (<4 dS/m),well (dry spells),"well (dry spells), excessive (dry/moderately dry)",-18,0.0,"short day (<12 hours), neutral day (12-14 hours), long day (>14 hours)","tropical wet & dry (Aw), tropical wet (Ar), steppe or semiarid (Bs), subtropical humid (Cf), subtropical dry summer (Cs), subtropical dry winter (Cw), temperate oceanic (Do), temperate continental (Dc), temperate with humid winters (Df), temperate with dry winters (Dw)",,,,,150.0,270.0,original_rule,edible_flag,high,Persimmon,1,,fruit_tree,0,,0,0
PP:66,both,diospyros virginiana,exact_scientific_name,high,66.0,Plant,https://permapeople.org/plants/diospyros-virginiana-american-persimmon,Diospyros virginiana,American persimmon,Ebenaceae,Perennial,4-8,4.0,8.0,20.0,Medium,Trees,1.0,Fruit,"Oil, Coffee, Sweetener, Tea","oil, Erosion control, Lumber",1.0,1.0,0.0,0.0,0.0,1.0,0.0,1.0,1.0,1.0,fruit_tree,1.0,Layer contains 'Tree' and Edible parts contains 'Fruit',5474,Diospyros virginiana,L.,Magnoliopsida:Dilleniidae:Theales:Ebenaceae,,kaki,tree,erect,perennial,"deciduous, single stem","fruits & nuts, ornamentals/turf, medicinals & aromatic, forest/wood, environmental",,19.0,25.0,10.0,28.0,1000.0,1400.0,700.0,1700.0,6.5,7.0,5.8,8.0,25.0,25.0,45.0,45.0,,very bright,clear skies,very bright,cloudy skies,deep (>>150 cm),medium (50-150 cm),"heavy, medium, light","heavy, medium, light",moderate,moderate,low (<4 dS/m),low (<4 dS/m),well (dry spells),well (dry spells),,,long day (>14 hours),"subtropical dry summer (Cs), temperate oceanic (Do), temperate continental (Dc), temperate with humid winters (Df), temperate with dry winters (Dw)",flooding,,,,240.0,270.0,original_rule,edible_flag,high,American persimmon,1,,fruit_tree,0,,0,0
PP:69,both,elaeagnus angustifolia,exact_scientific_name,high,69.0,Plant,https://permapeople.org/plants/elaeagnus-angustifolia-russian-olive,Elaeagnus angustifolia,Russian olive,Elaeagnaceae,Perennial,2-7,2.0,7.0,7.0,Medium,Shrubs,1.0,"Fruit, Seed",Gum,"Companion, Essential Oil, Animal feed, Fire starter, Gum, Hedgerow, Lumber, Nitrogen fixer, Fragrance",1.0,0.0,0.0,0.0,1.0,1.0,0.0,1.0,1.0,1.0,fruit,1.0,Edible parts contains 'Fruit' (non-tree layer),5624,Elaeagnus angustifolia,L.,Magnoliopsida:Rosidae:Proteales:Elaeagnaceae,,Russian olive,tree,erect,perennial,single stem,environmental,,20.0,32.0,5.0,36.0,350.0,500.0,250.0,600.0,6.5,7.5,6.0,8.5,30.0,20.0,44.0,44.0,2500.0,very bright,very bright,very bright,clear skies,medium (50-150 cm),shallow (20-50 cm),"medium, light","medium, light",low,low,low (<4 dS/m),high (>10 dS/m)),well (dry spells),"well (dry spells), excessive (dry/moderately dry)",-5,-1.0,"short day (<12 hours), neutral day (12-14 hours), long day (>14 hours)","steppe or semiarid (Bs), subtropical dry summer (Cs), temperate oceanic (Do), temperate continental (Dc), temperate with humid winters (Df), temperate with dry winters (Dw)",,,,,120.0,180.0,original_rule,edible_flag,high,Russian olive,1,,fruit_tree,0,,0,0
PP:75,both,acca sellowiana,exact_scientific_name,high,75.0,Plant,https://permapeople.org/plants/acca-sellowiana-pineapple-guava,Acca sellowiana,Pineapple guava,Myrtaceae,Perennial,8-11,8.0,11.0,3.0,Slow,Trees,1.0,"Flowers, Fruit",,Hedgerow,1.0,0.0,0.0,0.0,1.0,1.0,0.0,1.0,1.0,1.0,fruit_tree,1.0,Layer contains 'Tree' and Edible parts contains 'Fruit',2741,Acca sellowiana,(Berg) Burret,Magnoliopsida:Rosidae:Myrtales:Myrtaceae,"Feijoa sellowiana Berg., Orthostemon sellowianus (O.Berg.)","pineapple guava, feijoo, féijoa, guayaba, guayabo del país, guayaba chilena, guayaba del país, guayaba sumina, goiaba-feijoa, goiaba serrana, goiabeira serrana, araçá do Rio Grande, goiaba do campo, goiaba silvestre, Brasilianische guave","shrub, tree",erect,perennial,"evergreen, single stem, multi stem","fruits & nuts, ornamentals/turf",grown on small scale,18.0,21.0,12.0,28.0,750.0,1500.0,600.0,2000.0,5.5,7.0,4.5,8.0,12.0,10.0,50.0,52.0,1000.0,clear skies,very bright,cloudy skies,very bright,medium (50-150 cm),medium (50-150 cm),"medium, organic","heavy, medium, light, wide, organic",moderate,moderate,low (<4 dS/m),medium (4-10 dS/m),well (dry spells),well (dry spells),-10,-1.0,,"tropical wet & dry (Aw), subtropical humid (Cf), subtropical dry summer (Cs), temperate oceanic (Do)","wind, drought, salt winds",,,home garden,0.0,0.0,original_rule,edible_flag,high,Pineapple guava,1,,fruit_tree,0,,1,0
PP:76,both,ficus carica,exact_scientific_name,high,76.0,Plant,https://permapeople.org/plants/ficus-carica-fig,Ficus carica,Fig,Moraceae,Perennial,6-12,6.0,12.0,6.0,Medium,Trees,1.0,"Fruit, Sap",Curdling agent,Espalier,1.0,0.0,0.0,0.0,1.0,1.0,0.0,1.0,1.0,1.0,fruit_tree,1.0,Layer contains 'Tree' and Edible parts contains 'Fruit',1071,Ficus carica,L.,Magnoliopsida:Dilleniidae:Urticales:Moraceae,,"common fig, fig, Turkey fig, te biku, fico, Feige, figue, figo, figueira mansa, higo, etse-beles, arbre, ficus","shrub, tree",erect,perennial,"deciduous, single stem, multi stem, C3 photosynthesis","fruits & nuts, ornamentals/turf, medicinals & aromatic","grown on large scale, grown on small scale, harvested from wild",16.0,26.0,4.0,38.0,700.0,1500.0,300.0,2700.0,6.0,7.0,4.3,8.6,30.0,25.0,50.0,53.0,1200.0,very bright,clear skies,very bright,light shade,deep (>>150 cm),medium (50-150 cm),medium,"heavy, medium, light",moderate,low,low (<4 dS/m),medium (4-10 dS/m),well (dry spells),"well (dry spells), excessive (dry/moderately dry)",-12,-1.0,"short day (<12 hours), neutral day (12-14 hours), long day (>14 hours)","tropical wet & dry (Aw), tropical wet (Ar), steppe or semiarid (Bs), subtropical humid (Cf), subtropical dry summer (Cs), subtropical dry winter (Cw), temperate oceanic (Do), temperate continental (Dc), temperate with humid winters (Df), temperate with dry winters (Dw)",,,,home garden,120.0,300.0,original_rule,edible_flag,high,Chicago Cold Hardy; Fig; Perretta,3,,fruit_tree,1,تين,1,0
PP:82,both,hibiscus syriacus,exact_scientific_name,high,82.0,Plant,https://permapeople.org/plants/hibiscus-syriacus-mallow,Hibiscus syriacus,Mallow,Malvaceae,Perennial,5-9,5.0,9.0,3.0,Medium,Shrubs,1.0,"Flowers, Leaves, Root","Oil, Tea","Dye, Fiber, Hair, Hedgerow, oil",1.0,1.0,0.0,0.0,0.0,1.0,0.0,1.0,1.0,1.0,root_crop,1.0,Layer or Edible parts indicates Root/Tuber,1220,Hibiscus syriacus,L.,Magnoliopsida:Dilleniidae:Malvales:Malvaceae,Hibiscus mutabilis L.,"rose-of-Sharon, shrub mallow, shrubby althaea, rosa de Charao, alteia",shrub,erect,perennial,"deciduous, multi stem","vegetables, materials, ornamentals/turf, medicinals & aromatic",grown on small scale,15.0,28.0,11.0,41.0,600.0,1400.0,500.0,1500.0,5.5,7.5,5.0,8.0,27.0,25.0,48.0,50.0,1500.0,cloudy skies,very bright,light shade,very bright,medium (50-150 cm),shallow (20-50 cm),"medium, light, organic","heavy, medium, light, wide, organic",high,moderate,medium (4-10 dS/m),low (<4 dS/m),well (dry spells),well (dry spells),-20,0.0,,"tropical wet & dry (Aw), subtropical humid (Cf), subtropical dry summer (Cs), subtropical dry winter (Cw), temperate oceanic (Do), temperate continental (Dc)",drought,,,,0.0,0.0,original_rule,edible_flag,high,Mallow,1,,leafy_herb,0,,0,0
PP:83,both,hippophae rhamnoides,exact_scientific_name,high,83.0,Plant,https://permapeople.org/plants/hippophae-rhamnoides-sea-buckthorn,Hippophae rhamnoides,Sea-buckthorn,Elaeagnaceae,Perennial,3-7,3.0,7.0,6.0,Medium,Shrubs,1.0,Fruit,Oil,"Fire starter, Cosmetic, Dye, Animal feed, oil, Pioneer, Erosion control, Lumber, Nitrogen fixer",1.0,0.0,0.0,0.0,1.0,1.0,1.0,1.0,1.0,1.0,fruit,1.0,Edible parts contains 'Fruit' (non-tree layer),6732,Hippophae rhamnoides,L.,Magnoliopsida:Rosidae:Proteales:Elaeagnaceae,"Hippophae fructus, Oleum hippophae","sea buckthorn, Sanddorn, Hippophae fructus, Oleum hippophae","shrub, tree","erect, prostrate/procumbent/semi-erect",perennial,"deciduous, single stem, multi stem","fruits & nuts, medicinals & aromatic","grown on small scale, harvested from wild",8.0,20.0,4.0,39.0,300.0,600.0,200.0,800.0,6.5,7.5,6.0,8.0,30.0,30.0,60.0,60.0,4500.0,very bright,clear skies,very bright,cloudy skies,medium (50-150 cm),shallow (20-50 cm),"heavy, medium, light","heavy, medium, light",moderate,low,low (<4 dS/m),low (<4 dS/m),well (dry spells),"well (dry spells), excessive (dry/moderately dry)",-40,0.0,"short day (<12 hours), neutral day (12-14 hours), long day (>14 hours)","desert or arid (Bw), steppe or semiarid (Bs), temperate oceanic (Do), temperate continental (Dc), temperate with humid winters (Df), temperate with dry winters (Dw)","hail, wind, drought, grazing/browsing, coastal salt spray",,,,120.0,180.0,original_rule,edible_flag,high,Sea Buckthorn; Sea-buckthorn,2,,fruit_tree,0,,0,0
PP:86,both,hyssopus officinalis,exact_scientific_name,high,86.0,Plant,https://permapeople.org/plants/hyssopus-officinalis-hyssop,Hyssopus officinalis,Hyssop,Lamiaceae or labiatae,Perennial,3-11,3.0,11.0,0.6,Medium,Shrubs,1.0,"Flowers, Leaves, Shoots","Oil, Condiment","Essential Oil, antifungal, Hedgerow, oil, Fragrance, Strewing, Ground cover",1.0,0.0,0.0,0.0,1.0,1.0,0.0,1.0,1.0,0.0,vegetable,1.0,Edible parts contains Leaves/Stem/Flowers,6852,Hyssopus officinalis,L.,Magnoliopsida:Asteridae:Lamiales:Labiatae,,"hyssop, hysope, Ysop, Isop, Hyssopi herba, Aetheroleum hyssopi",sub-shrub,erect,perennial,multi stem,"ornamentals/turf, medicinals & aromatic","grown on small scale, harvested from wild",10.0,24.0,7.0,36.0,600.0,1000.0,400.0,1500.0,6.0,7.5,5.5,8.5,30.0,25.0,60.0,66.0,2000.0,cloudy skies,very bright,clear skies,very bright,medium (50-150 cm),very shallow (<20 cm),"medium, light","heavy, medium, light, wide",moderate,low,,,"well (dry spells), excessive (dry/moderately dry)","well (dry spells), excessive (dry/moderately dry)",-30,0.0,,"steppe or semiarid (Bs), subtropical dry summer (Cs), temperate oceanic (Do), temperate continental (Dc)",,,,,180.0,220.0,original_rule,edible_flag,high,Hyssop,1,,leafy_herb,0,,0,0
PP:90,both,laurus nobilis,exact_scientific_name,high,90.0,Plant,https://permapeople.org/plants/laurus-nobilis-bay-tree,Laurus nobilis,Bay tree,Lauraceae,Perennial,8-10,8.0,10.0,12.0,Slow,Trees,1.0,"Fruit, Leaves","Condiment, Tea","Essential Oil, Hedgerow, Pest control, Strewing, Lumber, Fragrance",1.0,1.0,0.0,0.0,1.0,1.0,0.0,1.0,1.0,1.0,fruit_tree,1.0,Layer contains 'Tree' and Edible parts contains 'Fruit',1333,Laurus nobilis,,Magnoliopsida:Magnoliidae:Magnoliales:Lauraceae,,"bay leaves, laurel leaves, laurel, laurier, Lorbeer, Lorbeerbaum, lager, ghar, alloro, loureiro, lauerbær blade, lavr, gekkeiju, yueh-kuei","shrub, tree",erect,perennial,"evergreen, single stem, multi stem",medicinals & aromatic,grown on small scale,17.0,25.0,8.0,30.0,600.0,1000.0,300.0,2200.0,5.0,6.5,4.5,8.2,,,,,,very bright,very bright,very bright,clear skies,deep (>>150 cm),medium (50-150 cm),"medium, light","heavy, medium, light",high,moderate,low (<4 dS/m),low (<4 dS/m),well (dry spells),"poorly (saturated >50% of year), well (dry spells)",-5,-1.0,"short day (<12 hours), neutral day (12-14 hours), long day (>14 hours)","tropical wet & dry (Aw), tropical wet (Ar), steppe or semiarid (Bs), subtropical dry summer (Cs), temperate oceanic (Do), temperate continental (Dc), temperate with humid winters (Df), temperate with dry winters (Dw)",,,,,120.0,180.0,original_rule,edible_flag,high,Bay tree,1,,fruit_tree,0,,0,0
PP:91,both,lavandula angustifolia,exact_scientific_name,high,91.0,Plant,https://permapeople.org/plants/lavandula-angustifolia-lavender,Lavandula angustifolia,Lavender,Lamiaceae or labiatae,Perennial,5-8,5.0,8.0,1.2,Slow,Shrubs,1.0,Flowers,"Condiment, Tea","Companion, Essential Oil, Hedgerow, Fragrance",1.0,0.0,0.0,0.0,1.0,1.0,0.0,1.0,1.0,1.0,vegetable,1.0,Edible parts contains Leaves/Stem/Flowers,7172,Lavandula angustifolia,Miller,Magnoliopsida:Asteridae:Lamiales:Labiatae,"Lavandula officinalis Chaix, Lavandula spica L, Lavandula vera DC., Lavandula vuigaris Lam.","true lavender, lavender, lavande, Lavendel, lavanda, Lavandulae flos, Aetheroleum lavandulae","sub-shrub, shrub",prostrate/procumbent/semi-erect,perennial,,"ornamentals/turf, medicinals & aromatic",grown on large scale,15.0,24.0,7.0,28.0,500.0,1000.0,300.0,1300.0,6.5,7.5,5.8,8.3,,,1400.0,1700.0,,very bright,very bright,very bright,clear skies,deep (>>150 cm),shallow (20-50 cm),"medium, light","medium, light",moderate,moderate,low (<4 dS/m),low (<4 dS/m),"well (dry spells), excessive (dry/moderately dry)","well (dry spells), excessive (dry/moderately dry)",-15,-20.0,"short day (<12 hours), neutral day (12-14 hours), long day (>14 hours)","steppe or semiarid (Bs), subtropical dry summer (Cs), temperate oceanic (Do), temperate continental (Dc), temperate with humid winters (Df), temperate with dry winters (Dw)",,,,,180.0,365.0,original_rule,edible_flag,high,Dwarf munstead; Lavender; Vera,3,,leafy_herb,0,,0,0
PP:96,both,lycium chinense,exact_scientific_name,high,96.0,Plant,https://permapeople.org/plants/lycium-chinense-chinese-boxthorn,Lycium chinense,Chinese Boxthorn,Solanaceae,Perennial,5-9,5.0,9.0,2.5,Medium,Shrubs,1.0,"Fruit, Leaves, Seed, Shoots","Coffee, Tea","Hedgerow, Erosion control",1.0,0.0,0.0,0.0,0.0,1.0,0.0,1.0,1.0,1.0,fruit,1.0,Edible parts contains 'Fruit' (non-tree layer),7444,Lycium chinense,Miller,Magnoliopsida:Asteridae:Solanales:Solanaceae,,,shrub,erect,perennial,"deciduous, multi stem","vegetables, ornamentals/turf, medicinals & aromatic, cover crop, environmental",,13.0,25.0,8.0,32.0,700.0,1500.0,300.0,2200.0,5.5,7.5,5.0,8.0,20.0,,45.0,,2000.0,very bright,very bright,very bright,clear skies,medium (50-150 cm),shallow (20-50 cm),"heavy, medium, light","heavy, medium, light",moderate,low,low (<4 dS/m),low (<4 dS/m),well (dry spells),well (dry spells),,,short day (<12 hours),"tropical wet & dry (Aw), tropical wet (Ar), steppe or semiarid (Bs), subtropical humid (Cf), subtropical dry summer (Cs), subtropical dry winter (Cw)",,,,,60.0,365.0,original_rule,edible_flag,high,Chinese Boxthorn,1,,fruit_tree,0,,0,0
PP:99,both,malus domestica,exact_scientific_name,high,99.0,Plant,https://permapeople.org/plants/malus-domestica-apple,Malus domestica,Apple,Rosaceae,Perennial,3-8,3.0,8.0,10.0,,Trees,1.0,Fruit,Oil,"Animal feed, Attracts insects, Hedgerow",1.0,1.0,0.0,0.0,0.0,1.0,0.0,1.0,1.0,1.0,fruit_tree,1.0,Layer contains 'Tree' and Edible parts contains 'Fruit',1407,Malus domestica,Borkh.,Magnoliopsida:Rosidae:Rosales:Rosaceae,Malus sylvestris Miller,"apple, mela, appel",tree,erect,perennial,"deciduous, single stem","fruits & nuts, materials, ornamentals/turf, forest/wood",grown on large scale,14.0,27.0,8.0,33.0,700.0,2500.0,500.0,3200.0,6.0,7.0,4.5,8.0,35.0,30.0,50.0,60.0,1800.0,very bright,clear skies,very bright,cloudy skies,deep (>>150 cm),medium (50-150 cm),"medium, light","heavy, medium, light",high,moderate,low (<4 dS/m),low (<4 dS/m),well (dry spells),well (dry spells),-30,-2.0,"short day (<12 hours), neutral day (12-14 hours), long day (>14 hours)","subtropical humid (Cf), subtropical dry summer (Cs), subtropical dry winter (Cw), temperate oceanic (Do), temperate continental (Dc), temperate with humid winters (Df), temperate with dry winters (Dw)",,,,,180.0,320.0,original_rule,edible_flag,high,Apple; Empire; Golden Delicious; Honeycrisp; MacIntosh; Pink Lady; Veendammer Glorie,7,,fruit_tree,0,,0,0
PP:101,both,morus alba,exact_scientific_name,high,101.0,Plant,https://permapeople.org/plants/morus-alba-white-mulberry,Morus alba,Mulberry,Moraceae,Perennial,3-9,3.0,9.0,18.0,Medium,Trees,1.0,"Fruit, Inner bark, Leaves, Shoots","Manna, Tea","Biomass, Dye, Fiber, Animal feed, Wind breaker, Tannin, Lumber",1.0,1.0,0.0,0.0,0.0,1.0,0.0,1.0,1.0,1.0,fruit_tree,1.0,Layer contains 'Tree' and Edible parts contains 'Fruit',1491,Morus alba,L.,Magnoliopsida:Dilleniidae:Urticales:Moraceae,,"mulberry, white mulberry, Chinese white mulberry, fruitless mulberry, downing mulberry, silkworm mulberry, weeping mulberry, murier, moreira, amoreira branca, shatut, wit moerbei",tree,erect,perennial,"deciduous, single stem","forage/pasture, fruits & nuts, vegetables, materials, ornamentals/turf, medicinals & aromatic, forest/wood, environmental",grown on large scale,20.0,28.0,13.0,45.0,700.0,2500.0,300.0,5100.0,5.5,7.5,4.3,8.3,20.0,,40.0,45.0,3300.0,clear skies,very bright,light shade,very bright,deep (>>150 cm),medium (50-150 cm),medium,"heavy, medium, light",high,moderate,low (<4 dS/m),low (<4 dS/m),well (dry spells),well (dry spells),,,"short day (<12 hours), neutral day (12-14 hours)","tropical wet & dry (Aw), steppe or semiarid (Bs), subtropical humid (Cf), subtropical dry summer (Cs), temperate oceanic (Do)",,"wind, drought",,,180.0,330.0,original_rule,edible_flag,high,Ivory; White Mulberry; White mulberry,3,,fruit_tree,1,توت,0,0
PP:102,both,morus nigra,exact_scientific_name,high,102.0,Plant,https://permapeople.org/plants/morus-nigra-black-mulberry,Morus nigra,Black mulberry,Moraceae,Perennial,5-9,5.0,9.0,10.0,Slow,Trees,1.0,"Fruit, Shoots",,"Dye, Fiber, Lumber",1.0,1.0,0.0,0.0,0.0,1.0,0.0,1.0,1.0,1.0,fruit_tree,1.0,Layer contains 'Tree' and Edible parts contains 'Fruit',2349,Morus nigra,L.,Magnoliopsida:Dilleniidae:Urticales:Moraceae,,"black mulberry, murier noir, gelso, maulbeerbaum, amoreira preta, mora negra",tree,erect,perennial,"deciduous, single stem","fruits & nuts, medicinals & aromatic",grown on large scale,15.0,25.0,10.0,38.0,700.0,1500.0,300.0,4000.0,5.5,7.0,4.3,8.3,20.0,,40.0,60.0,3000.0,very bright,very bright,very bright,cloudy skies,medium (50-150 cm),shallow (20-50 cm),medium,"heavy, medium, light",high,moderate,low (<4 dS/m),low (<4 dS/m),well (dry spells),well (dry spells),-5,-1.0,"short day (<12 hours), neutral day (12-14 hours), long day (>14 hours)","tropical wet & dry (Aw), steppe or semiarid (Bs), subtropical humid (Cf), subtropical dry summer (Cs), subtropical dry winter (Cw), temperate oceanic (Do), temperate continental (Dc)",,,,,180.0,330.0,original_rule,edible_flag,high,Black mulberry,1,,fruit_tree,0,,0,0
PP:103,both,myrtus communis,exact_scientific_name,high,103.0,Plant,https://permapeople.org/plants/myrtus-communis-myrtle,Myrtus communis,Myrtle,Myrtaceae,Perennial,8-9,8.0,9.0,4.5,Medium,Trees,1.0,"Flowers, Fruit","Condiment, Drink","Fire starter, Essential Oil, Hedgerow, Fragrance",1.0,0.0,0.0,0.0,1.0,1.0,0.0,1.0,1.0,1.0,fruit_tree,1.0,Layer contains 'Tree' and Edible parts contains 'Fruit',7900,Myrtus communis,L.,Magnoliopsida:Rosidae:Myrtales:Myrtaceae,,common myrtle,shrub,erect,perennial,,medicinals & aromatic,grown on small scale,15.0,24.0,10.0,28.0,500.0,800.0,300.0,1000.0,6.0,7.0,5.5,8.0,,,,,,very bright,clear skies,very bright,light shade,medium (50-150 cm),shallow (20-50 cm),"heavy, medium, light","heavy, medium, light",high,moderate,low (<4 dS/m),low (<4 dS/m),well (dry spells),well (dry spells),-2,0.0,long day (>14 hours),"steppe or semiarid (Bs), subtropical dry summer (Cs), temperate oceanic (Do)",,,,,120.0,150.0,original_rule,edible_flag,high,Myrtle,1,,fruit_tree,0,,0,0
PP:107,both,olea europaea,exact_scientific_name,high,107.0,Plant,https://permapeople.org/plants/olea-europaea-olive,Olea europaea,Olive,Oleaceae,Perennial,8-10,8.0,10.0,10.0,Slow,Trees,1.0,"Fruit, Leaves","Manna, Oil, Condiment","Dye, Hair, oil, Erosion control, Lumber, Espalier",1.0,0.0,0.0,0.0,1.0,1.0,0.0,1.0,1.0,1.0,fruit_tree,1.0,Layer contains 'Tree' and Edible parts contains 'Fruit',1553,Olea europaea,L.,Magnoliopsida:Asteridae:Scrophulariales:Oleaceae,,"olive, ulivo",tree,erect,perennial,"evergreen, single stem","materials, ornamentals/turf, medicinals & aromatic",grown on large scale,20.0,34.0,5.0,40.0,400.0,700.0,200.0,1200.0,6.0,7.0,5.3,8.5,30.0,25.0,45.0,50.0,1200.0,very bright,very bright,clear skies,very bright,deep (>>150 cm),shallow (20-50 cm),"medium, light",wide,moderate,low,,,well (dry spells),"well (dry spells), excessive (dry/moderately dry)",-10,0.0,,"tropical wet (Ar), steppe or semiarid (Bs), subtropical dry summer (Cs)",,,,,365.0,365.0,original_rule,edible_flag,high,'Montra'; Olive,2,,fruit_tree,1,زيتون,0,0
PP:110,both,phormium tenax,exact_scientific_name,high,110.0,Plant,https://permapeople.org/plants/phormium-tenax-new-zealand-flax,Phormium tenax,New Zealand flax,Agavaceae,Perennial,8-10,8.0,10.0,3.0,Fast,Shrubs,1.0,Nectar,"Coffee, Gum","Adhesive, Alcohol, Weaving material, Dye, Fiber, Gum, textiles, Tannin",1.0,1.0,0.0,0.0,0.0,1.0,1.0,1.0,1.0,1.0,other_productive,1.0,"Edible == true, no more specific rule matched",8530,Phormium tenax,Forster & Forster f.,Liliopsida:Liliidae:Asparagales:Phormiaceae,,,herb,prostrate/procumbent/semi-erect,perennial,multi stem,materials,grown on small scale,13.0,25.0,9.0,30.0,750.0,2000.0,500.0,3800.0,5.5,7.0,4.5,8.3,25.0,10.0,50.0,60.0,1300.0,very bright,cloudy skies,very bright,light shade,medium (50-150 cm),medium (50-150 cm),"heavy, medium, light","heavy, medium, light",high,low,low (<4 dS/m),low (<4 dS/m),well (dry spells),"poorly (saturated >50% of year), well (dry spells)",-5,-1.0,"short day (<12 hours), neutral day (12-14 hours), long day (>14 hours)","tropical wet & dry (Aw), tropical wet (Ar), steppe or semiarid (Bs), subtropical dry summer (Cs), temperate oceanic (Do)",,,,,180.0,365.0,original_rule,edible_flag,high,New Zealand flax,1,,other,0,,0,0
PP:113,both,prunus armeniaca,exact_scientific_name,high,113.0,Plant,https://permapeople.org/plants/prunus-armeniaca-apricot,Prunus armeniaca,Apricot,Rosaceae,Perennial,4-8,4.0,8.0,9.0,Medium,Trees,1.0,"Fruit, Seed","Oil, Gum","Adhesive, Dye, Gum, oil, Lumber, Espalier",1.0,1.0,0.0,0.0,0.0,1.0,0.0,1.0,1.0,0.0,fruit_tree,1.0,Layer contains 'Tree' and Edible parts contains 'Fruit',2398,Prunus armeniaca,L.,Magnoliopsida:Rosidae:Rosales:Rosaceae,,"apricot, albicocca, Aprikose, abricot, alperceiro, damasqueiro, albaricoque",tree,erect,perennial,"deciduous, single stem","forage/pasture, fruits & nuts, materials",grown on large scale,14.0,35.0,7.0,40.0,900.0,1300.0,800.0,1470.0,6.5,7.0,5.0,8.0,,,,,2000.0,very bright,very bright,very bright,clear skies,deep (>>150 cm),medium (50-150 cm),medium,"heavy, medium, light",moderate,moderate,low (<4 dS/m),low (<4 dS/m),well (dry spells),well (dry spells),-5,-1.0,"short day (<12 hours), neutral day (12-14 hours), long day (>14 hours)","subtropical humid (Cf), subtropical dry summer (Cs), subtropical dry winter (Cw), temperate oceanic (Do), temperate continental (Dc), temperate with humid winters (Df), temperate with dry winters (Dw)",,,,,180.0,240.0,original_rule,edible_flag,high,Apricot; Manchurian apricot,2,,fruit_tree,0,,0,0
PP:117,both,prunus domestica,exact_scientific_name,high,117.0,Plant,https://permapeople.org/plants/prunus-domestica-european-plum,Prunus domestica,European plum,Rosaceae,Perennial,4-9,4.0,9.0,12.0,Medium,Trees,1.0,"Flowers, Fruit, Seed","Oil, Gum, Tea","Adhesive, Dye, Gum, oil, Lumber",1.0,1.0,0.0,0.0,0.0,1.0,0.0,1.0,1.0,1.0,fruit_tree,1.0,Layer contains 'Tree' and Edible parts contains 'Fruit',16203,Prunus domestica,L.,Magnoliopsida:Rosidae:Rosales:Rosaceae,,"common plum, garden plum, European plum, quetschen plum, Pflaume, Zwetschge, Quetsche, prune, prugno, susino, ameixa, ameixeira, ciruela",tree,erect,perennial,,"fruits & nuts, medicinals & aromatic",grown on large scale,18.0,33.0,6.0,36.0,900.0,1500.0,600.0,1800.0,5.5,6.1,4.5,7.4,35.0,10.0,50.0,60.0,2500.0,very bright,very bright,very bright,clear skies,deep (>>150 cm),medium (50-150 cm),"heavy, medium","heavy, medium, light",high,moderate,low (<4 dS/m),low (<4 dS/m),well (dry spells),well (dry spells),-10,-2.0,"short day (<12 hours), neutral day (12-14 hours), long day (>14 hours)","subtropical humid (Cf), subtropical dry summer (Cs), subtropical dry winter (Cw), temperate oceanic (Do), temperate continental (Dc), temperate with humid winters (Df), temperate with dry winters (Dw)",,,,"home garden, large scale/commercial",180.0,210.0,original_rule,edible_flag,high,European plum; Gages; Victoria,3,,fruit_tree,0,,1,0
PP:118,both,prunus dulcis,ecocrop_synonym_binomial,medium,118.0,Plant,https://permapeople.org/plants/prunus-dulcis-almond,Prunus dulcis,Almond,Rosaceae,Perennial,5-8,5.0,8.0,6.0,,Trees,1.0,"Seed, Milk","Oil, Gum","Adhesive, Cleanser, Cosmetic, Dye, Gum, oil, Soap making, Espalier",1.0,0.0,0.0,0.0,0.0,1.0,0.0,1.0,1.0,1.0,other_productive,1.0,"Edible == true, no more specific rule matched",2397,Prunus amygdalus,Batsch.,Magnoliopsida:Rosidae:Rosales:Rosaceae,"Prunus dulcis Miller, Prunus communis Arch., Amygdalus communis DC.","almond, sweet almond, amandier, amendoeira, almendro",tree,erect,perennial,"deciduous, single stem","fruits & nuts, medicinals & aromatic",grown on large scale,12.0,35.0,10.0,40.0,600.0,900.0,250.0,1500.0,6.5,7.0,5.5,8.0,,,,,,very bright,very bright,very bright,very bright,medium (50-150 cm),shallow (20-50 cm),medium,"medium, light",moderate,moderate,low (<4 dS/m),low (<4 dS/m),well (dry spells),"well (dry spells), excessive (dry/moderately dry)",-5,-1.0,"short day (<12 hours), neutral day (12-14 hours), long day (>14 hours)","desert or arid (Bw), steppe or semiarid (Bs), subtropical dry summer (Cs), temperate oceanic (Do), temperate continental (Dc), temperate with humid winters (Df), temperate with dry winters (Dw)",,,,"home garden, large scale/commercial",150.0,240.0,original_rule,edible_flag,high,Almond,1,,other,0,,1,0
PP:134,both,ribes nigrum,exact_scientific_name,high,134.0,Plant,https://permapeople.org/plants/ribes-nigrum-black-currant,Ribes nigrum,Black currant,Grossulariaceae,Perennial,4-8,4.0,8.0,1.8,,Shrubs,1.0,"Fruit, Leaves",Tea,"Cosmetic, Dye, Preservative",1.0,1.0,0.0,0.0,0.0,1.0,0.0,1.0,1.0,1.0,fruit,1.0,Edible parts contains 'Fruit' (non-tree layer),9282,Ribes nigrum,L.,Magnoliopsida:Rosidae:Rosales:Grossulariaceae,,"black currant, schwarze Johannisbeere, Ribis nigri folium, Ribis nigri fructus",shrub,erect,perennial,"deciduous, multi stem",fruits & nuts,grown on large scale,17.0,25.0,5.0,30.0,700.0,900.0,500.0,1100.0,6.5,7.5,6.0,8.0,50.0,45.0,65.0,68.0,1500.0,very bright,clear skies,very bright,cloudy skies,deep (>>150 cm),medium (50-150 cm),medium,"heavy, medium, light",high,moderate,low (<4 dS/m),low (<4 dS/m),well (dry spells),well (dry spells),-28,-1.0,long day (>14 hours),"steppe or semiarid (Bs), temperate oceanic (Do), temperate continental (Dc), temperate with humid winters (Df), temperate with dry winters (Dw), boreal (E)",,,,,150.0,180.0,original_rule,edible_flag,high,Black currant,1,,fruit_tree,0,,0,0
PP:135,both,ribes rubrum,exact_scientific_name,high,135.0,Plant,https://permapeople.org/plants/ribes-rubrum-red-currant,Ribes rubrum,Red currant,Grossulariaceae,Perennial,4-8,4.0,8.0,1.2,,Shrubs,1.0,Fruit,,"Cosmetic, Dye",1.0,1.0,0.0,0.0,0.0,1.0,0.0,1.0,1.0,1.0,fruit,1.0,Edible parts contains 'Fruit' (non-tree layer),9285,Ribes rubrum,L.,Magnoliopsida:Rosidae:Rosales:Grossulariaceae,,"red current, ribs, rote Johannisbeere, Ribis rubri fructus",shrub,erect,perennial,,"fruits & nuts, medicinals & aromatic",grown on large scale,10.0,22.0,5.0,25.0,800.0,1200.0,500.0,1700.0,6.5,7.5,6.0,8.0,,,,,,very bright,clear skies,very bright,cloudy skies,medium (50-150 cm),medium (50-150 cm),"heavy, medium","heavy, medium, light",high,moderate,low (<4 dS/m),low (<4 dS/m),well (dry spells),well (dry spells),-10,0.0,long day (>14 hours),"steppe or semiarid (Bs), temperate oceanic (Do), temperate continental (Dc), temperate with humid winters (Df), temperate with dry winters (Dw), boreal (E)",,,,"home garden, large scale/commercial",150.0,180.0,original_rule,edible_flag,high,Red currant,1,,fruit_tree,0,,1,0
PP:136,both,ribes uva-crispa,exact_scientific_name,high,136.0,Plant,https://permapeople.org/plants/ribes-uva-crispa-gooseberry,Ribes uva-crispa,Gooseberry,Grossulariaceae,Perennial,4-8,4.0,8.0,1.2,Medium,Shrubs,1.0,"Fruit, Leaves",,Cosmetic,1.0,1.0,0.0,0.0,0.0,1.0,0.0,1.0,1.0,1.0,berry,1.0,Common name contains 'berry' and Edible parts contains 'Fruit',9290,Ribes uva-crispa,L.,Magnoliopsida:Rosidae:Rosales:Grossulariaceae,Ribes grossularia L.,"gooseberry, stikkelsbær, stachelbeere",shrub,erect,perennial,,"fruits & nuts, medicinals & aromatic",grown on large scale,15.0,25.0,3.0,40.0,900.0,1300.0,500.0,1700.0,6.0,7.0,5.0,7.5,45.0,40.0,55.0,60.0,1500.0,very bright,clear skies,very bright,cloudy skies,deep (>>150 cm),medium (50-150 cm),heavy,"heavy, medium",high,moderate,low (<4 dS/m),low (<4 dS/m),well (dry spells),well (dry spells),-28,0.0,"short day (<12 hours), neutral day (12-14 hours), long day (>14 hours)","steppe or semiarid (Bs), temperate oceanic (Do), temperate continental (Dc), temperate with humid winters (Df), temperate with dry winters (Dw), boreal (E)",,,,,150.0,180.0,original_rule,edible_flag,high,Gooseberry,1,,fruit_tree,0,,0,0
PP:138,permapeople_only,salvia rosmarinus,ecocrop_only,,138.0,Plant,https://permapeople.org/plants/salvia-rosmarinus-rosemary,Salvia rosmarinus,Rosemary,Lamiaceae or labiatae,Perennial,6-11,6.0,11.0,1.5,Medium,Herbs,1.0,Leaves,,"Attracts insects, Hedgerow",1.0,0.0,0.0,0.0,1.0,1.0,0.0,1.0,1.0,0.0,vegetable,1.0,Edible parts contains Leaves/Stem/Flowers,9326,Rosmarinus officinalis,L.,Magnoliopsida:Asteridae:Lamiales:Labiatae,,"rosemary, rosmarin, rosmarino, romero, romarin, iklil al-jabal, rozemarijn, alecrim, rozmarin, mannenro, mi-teih-hsiang",shrub,erect,perennial,,"ornamentals/turf, medicinals & aromatic",grown on large scale,18.0,30.0,8.0,38.0,600.0,1400.0,300.0,2700.0,6.0,7.5,4.5,8.7,35.0,30.0,45.0,50.0,1500.0,very bright,very bright,very bright,cloudy skies,shallow (20-50 cm),shallow (20-50 cm),"medium, light","heavy, medium, light",moderate,moderate,low (<4 dS/m),medium (4-10 dS/m),well (dry spells),"well (dry spells), excessive (dry/moderately dry)",,,"short day (<12 hours), neutral day (12-14 hours), long day (>14 hours)","steppe or semiarid (Bs), subtropical dry summer (Cs), temperate oceanic (Do), temperate continental (Dc), temperate with humid winters (Df), temperate with dry winters (Dw)",,,,"home garden, large scale/commercial",120.0,270.0,original_rule,edible_flag,high,Rosemary; rosemary,2,,leafy_herb,1,إكليل الجبل,1,0
PP:140,both,rubus idaeus,species_binomial_inheritance,medium,140.0,Plant,https://permapeople.org/plants/rubus-idaeus-red-raspberry,Rubus idaeus,Red raspberry,Rosaceae,Perennial,3-8,3.0,8.0,2.0,Medium,Shrubs,1.0,"Fruit, Root, Shoots, Stem","Coffee, Tea","Cosmetic, Dye, textiles",1.0,1.0,0.0,0.0,0.0,1.0,0.0,1.0,1.0,1.0,root_crop,1.0,Layer or Edible parts indicates Root/Tuber,1877,Rubus idaeus ssp. idaeus,L.,Magnoliopsida:Rosidae:Rosales:Rosaceae,"Rubus idaeus ssp. idaeus L., Rubus idaeus ssp. vulgatus Arrhen., 1839","European raspberry, red garden raspberry, red raspberry, hindberry, rasberry, raspberry, hindbær, frambuesa, framboise, framboeza, sarca-ideia, Himbeere, Rubi idaei folium",sub-shrub,erect,perennial,"deciduous, multi stem","fruits & nuts, medicinals & aromatic","grown on large scale, grown on small scale, harvested from wild",17.0,23.0,5.0,28.0,800.0,1200.0,300.0,1700.0,5.5,6.5,4.5,7.8,44.0,41.0,64.0,66.0,1500.0,very bright,clear skies,very bright,cloudy skies,deep (>>150 cm),medium (50-150 cm),"medium, organic","medium, light",high,moderate,low (<4 dS/m),low (<4 dS/m),well (dry spells),well (dry spells),-35,-1.0,"short day (<12 hours), neutral day (12-14 hours), long day (>14 hours)","steppe or semiarid (Bs), temperate oceanic (Do), temperate continental (Dc), temperate with humid winters (Df), temperate with dry winters (Dw), boreal (E)",,,,"home garden, small scale (manual)",120.0,180.0,original_rule,edible_flag,high,Red raspberry,1,,fruit_tree,0,,1,0
PP:141,both,rubus occidentalis,exact_scientific_name,high,141.0,Plant,https://permapeople.org/plants/rubus-occidentalis-black-raspberry,Rubus occidentalis,Black raspberry,Rosaceae,Perennial,3-7,3.0,7.0,3.0,,Shrubs,1.0,"Fruit, Shoots, Stem",Tea,Dye,1.0,1.0,0.0,0.0,0.0,1.0,0.0,1.0,1.0,1.0,berry,1.0,Common name contains 'berry' and Edible parts contains 'Fruit',9373,Rubus occidentalis,L.,Magnoliopsida:Rosidae:Rosales:Rosaceae,,"black raspberry, blackcap raspberry, framboise noire, frambuesa negra, framboeza preta",shrub,erect,perennial,"deciduous, multi stem",fruits & nuts,,14.0,20.0,5.0,26.0,700.0,1100.0,300.0,1500.0,6.0,7.0,5.5,7.8,,,,,,very bright,clear skies,very bright,cloudy skies,deep (>>150 cm),medium (50-150 cm),"medium, organic","medium, light",high,moderate,low (<4 dS/m),low (<4 dS/m),well (dry spells),well (dry spells),-29,0.0,"short day (<12 hours), neutral day (12-14 hours), long day (>14 hours)","steppe or semiarid (Bs), temperate oceanic (Do), temperate continental (Dc), temperate with humid winters (Df), temperate with dry winters (Dw)",,,,small scale (manual),120.0,150.0,original_rule,edible_flag,high,Black raspberry,2,,fruit_tree,0,,0,0
PP:145,both,sambucus nigra,exact_scientific_name,high,145.0,Plant,https://permapeople.org/plants/sambucus-nigra-black-elderberry,Sambucus nigra,Black elderberry,Caprifoliaceae,Perennial,5-7,5.0,7.0,6.0,Fast,Shrubs,1.0,"Flowers, Fruit","Colouring, Tea","Compost, Cosmetic, Dye, antifungal, Hedgerow, Pest control, Litmus, Microscope, Crafting, Pioneer, Poles, Lumber, Fragrance",1.0,1.0,0.0,0.0,0.0,1.0,0.0,1.0,1.0,1.0,berry,1.0,Common name contains 'berry' and Edible parts contains 'Fruit',2413,Sambucus nigra,L.,Magnoliopsida:Asteridae:Dipsacales:Caprifoliaceae,,"European elder, common elder, black elder, bour, bour tree, elder, sureau, Holunder, schwarzer Holunder, hyldebær, sambuco, sabugueiro da Europa, rosa do bem fazer, Sambuci flos, Sambuci herba, Sambuci fructus",shrub,erect,perennial,"deciduous, multi stem","fruits & nuts, medicinals & aromatic","grown on small scale, harvested from wild",12.0,22.0,5.0,30.0,500.0,12000.0,400.0,2000.0,6.0,7.5,5.5,8.0,10.0,,50.0,60.0,2600.0,cloudy skies,clear skies,light shade,very bright,deep (>>150 cm),medium (50-150 cm),"medium, organic",wide,high,moderate,low (<4 dS/m),low (<4 dS/m),well (dry spells),"poorly (saturated >50% of year), well (dry spells)",,,,"tropical wet & dry (Aw), subtropical dry summer (Cs), subtropical dry winter (Cw), temperate oceanic (Do), temperate continental (Dc)",,,,"home garden, small scale (manual)",0.0,0.0,original_rule,edible_flag,high,Black elderberry; Sambucus nigra spp canadensis,2,,fruit_tree,0,,1,0
PP:152,both,vaccinium corymbosum,exact_scientific_name,high,152.0,Plant,https://permapeople.org/plants/vaccinium-corymbosum-northern-highbush-blueberry,Vaccinium corymbosum,Northern Highbush Blueberry,Ericaceae,Perennial,3-8,3.0,8.0,2.0,Medium,Shrubs,1.0,"Fruit, Leaves",Tea,"Animal feed, Attracts insects, Hedgerow, Wildlife habitat",1.0,1.0,0.0,0.0,0.0,1.0,0.0,1.0,1.0,0.0,berry,1.0,Common name contains 'berry' and Edible parts contains 'Fruit',10704,Vaccinium corymbosum,L.,Magnoliopsida:Dilleniidae:Ericales:Ericaceae,Vaccinium constablaei A. Gray,"high-bush blueberry, swamp blueberry, American blueberry, blueberry, mirtilho dos pantanos, airelle d'Amérique, amerikanische Blueberry, arándano americano",shrub,erect,perennial,"deciduous, multi stem",fruits & nuts,"grown on large scale, harvested from wild",18.0,30.0,7.0,42.0,900.0,1100.0,700.0,1300.0,4.0,5.0,3.0,5.5,30.0,30.0,45.0,45.0,1000.0,clear skies,very bright,cloudy skies,very bright,shallow (20-50 cm),shallow (20-50 cm),"medium, organic","heavy, medium, light",moderate,low,low (<4 dS/m),low (<4 dS/m),well (dry spells),well (dry spells),-29,-1.0,"short day (<12 hours), neutral day (12-14 hours), long day (>14 hours)","temperate oceanic (Do), temperate continental (Dc), temperate with humid winters (Df), temperate with dry winters (Dw)",flooding,,,,160.0,200.0,original_rule,edible_flag,high,Duke; Northcountry; Northern Highbush Blueberry,3,,fruit_tree,0,,0,0
PP:155,both,ziziphus jujuba,ecocrop_synonym_binomial,medium,155.0,Plant,https://permapeople.org/plants/ziziphus-jujuba-jujube,Ziziphus jujuba,Jujube,Rhamnaceae,Perennial,5-10,5.0,10.0,10.0,Fast,Trees,1.0,"Fruit, Leaves",Coffee,"Fire starter, Hedgerow, Lumber, Espalier",1.0,0.0,0.0,0.0,1.0,1.0,0.0,1.0,1.0,1.0,fruit_tree,1.0,Layer contains 'Tree' and Edible parts contains 'Fruit',17633,Ziziphus mauritiana,Lam.,,"Ziziphus jujuba Lam. (1879)., Rhamnus jujuba L. (1753).","ber, cottony , Indian jujube, desert apple, Chinese apple, jujubier, anafega da India, widara, bidara, manzanitas, phutsaa, putrea, than, tao nhuc, sidr, beri, gob, abateri, wag'n bietjie, mkunazi, gava, ghob, gheb, jumuba, kurkura (Galinya, Harar), gusura (Afargna)","shrub, tree",erect,perennial,"deciduous, single stem, multi stem","forage/pasture, fruits & nuts, medicinals & aromatic, forest/wood",grown on small scale,25.0,42.0,7.0,50.0,300.0,1500.0,130.0,4000.0,5.5,7.5,5.0,8.5,,,40.0,45.0,1800.0,very bright,very bright,clear skies,very bright,medium (50-150 cm),shallow (20-50 cm),"medium, light",wide,moderate,low,low (<4 dS/m),medium (4-10 dS/m),well (dry spells),"poorly (saturated >50% of year), well (dry spells), excessive (dry/moderately dry)",-15,-1.0,neutral day (12-14 hours),"tropical wet & dry (Aw), tropical wet (Ar), desert or arid (Bw), steppe or semiarid (Bs), subtropical humid (Cf), subtropical dry summer (Cs)",drought,humidity,,,0.0,0.0,original_rule,edible_flag,high,Jujube,1,,fruit_tree,0,,0,0
PP:156,both,armoracia rusticana,exact_scientific_name,high,156.0,Plant,https://permapeople.org/plants/armoracia-rusticana-horseradish,Armoracia rusticana,Horseradish,Brassicaceae,Perennial,4-9,4.0,9.0,,Fast,Herbs,1.0,"Leaves, Root, Seed",Condiment,antifungal,1.0,1.0,0.0,0.0,0.0,1.0,0.0,1.0,1.0,1.0,root_crop,1.0,Layer or Edible parts indicates Root/Tuber,3384,Armoracia rusticana,"P. Gaertner, Meyer & Scherb.",Magnoliopsida:Dilleniidae:Capparales:Cruciferae,"Nasturtium armoracia Fries, Cochlearia armoracia L., Armoracia lapathifolia Gilib.","horseradish, horse radish, red cole, rabano picante, meerrettich, raifort, pepparrot, pepper rod, mierikwortel, rafano, rabano-picante, khren, wasabi, lagen, fujl har",herb,"erect, acaulescent (or rosette plants)","annual, perennial",single stem,vegetables,grown on small scale,14.0,20.0,6.0,28.0,600.0,900.0,390.0,1700.0,6.0,7.0,4.5,8.7,20.0,10.0,60.0,60.0,,very bright,very bright,very bright,cloudy skies,medium (50-150 cm),shallow (20-50 cm),"medium, light","heavy, medium, light",high,low,low (<4 dS/m),low (<4 dS/m),"poorly (saturated >50% of year), well (dry spells)","poorly (saturated >50% of year), well (dry spells), excessive (dry/moderately dry)",-5,-1.0,"short day (<12 hours), neutral day (12-14 hours), long day (>14 hours)","tropical wet & dry (Aw), steppe or semiarid (Bs), subtropical humid (Cf), subtropical dry summer (Cs), subtropical dry winter (Cw), temperate oceanic (Do), temperate continental (Dc), temperate with humid winters (Df), temperate with dry winters (Dw)",,,,,150.0,210.0,original_rule,edible_flag,high,Horseradish,1,,leafy_herb,0,,0,0
PP:163,both,allium schoenoprasum,exact_scientific_name,high,163.0,Plant,https://permapeople.org/plants/allium-schoenoprasum-chives,Allium schoenoprasum,Chives,Alliaceae,Perennial,3-12,3.0,12.0,0.3,Medium,Herbs,1.0,"Flowers, Leaves, Root",,"antifungal, Dynamic accumulator, Ground cover, Fragrance",1.0,1.0,0.0,0.0,0.0,1.0,0.0,1.0,1.0,1.0,root_crop,1.0,Layer or Edible parts indicates Root/Tuber,810,Allium schoenoprasum,L.,Liliopsida:Liliidae:Asparagales:Alliaceae,,"chives, chive garlic, ezo-negi, cebolleta, ciboulette, schnittlauch, gräslök, purløg, basal, bieslook, cipollina, cebolinha, cebolinho, alho de Espanha, ceboleta de Franca, luk-rezanyets, hsia-ye-ts'ung",herb,erect,"annual, perennial",,vegetables,grown on large scale,10.0,20.0,2.0,35.0,450.0,1600.0,300.0,2800.0,6.0,6.6,5.0,8.2,20.0,,60.0,60.0,2000.0,very bright,very bright,very bright,clear skies,shallow (20-50 cm),shallow (20-50 cm),"medium, organic","heavy, medium, light",high,low,low (<4 dS/m),low (<4 dS/m),well (dry spells),well (dry spells),,,long day (>14 hours),"tropical wet & dry (Aw), tropical wet (Ar), steppe or semiarid (Bs), subtropical dry summer (Cs), temperate oceanic (Do), temperate continental (Dc), temperate with humid winters (Df), temperate with dry winters (Dw), boreal (E)",,,,,70.0,100.0,original_rule,edible_flag,high,Allium schoenoprasum sibiricum; Chives,2,,leafy_herb,0,,0,0
PP:165,both,calendula officinalis,exact_scientific_name,high,165.0,Plant,https://permapeople.org/plants/calendula-officinalis-pot-marigold,Calendula officinalis,Pot marigold,Asteraceae or compositae,Annual,2-11,2.0,11.0,0.6,Medium,Herbs,1.0,"Flowers, Leaves","Colouring, Tea","Compost, Cosmetic, Dye, Essential Oil, Weather forecasting, Dynamic accumulator, Fragrance",1.0,1.0,0.0,0.0,0.0,1.0,0.0,1.0,1.0,1.0,vegetable,1.0,Edible parts contains Leaves/Stem/Flowers,4040,Calendula officinalis,L.,Magnoliopsida:Asteridae:Asterales:Compositae,,"pot marigold, marigold calendula, Calendulae flos cum calycibus, Calendulae flos sine calycibus, Calendulae herba",herb,erect,"annual, biennial",,"ornamentals/turf, medicinals & aromatic",grown on large scale,16.0,26.0,8.0,30.0,500.0,800.0,300.0,2500.0,5.5,7.0,4.5,8.3,30.0,25.0,50.0,60.0,,very bright,very bright,very bright,clear skies,medium (50-150 cm),shallow (20-50 cm),"medium, light","medium, light",moderate,low,low (<4 dS/m),low (<4 dS/m),well (dry spells),well (dry spells),,,long day (>14 hours),"steppe or semiarid (Bs), subtropical dry summer (Cs), temperate oceanic (Do), temperate continental (Dc), temperate with humid winters (Df), temperate with dry winters (Dw)",,,,,120.0,180.0,original_rule,edible_flag,high,Pot marigold; Triangle flashback,2,,leafy_herb,0,,0,0
PP:166,both,allium sativum,exact_scientific_name,high,166.0,Plant,https://permapeople.org/plants/allium-sativum-garlic,Allium sativum,Garlic,Alliaceae,Perennial,3-10,3.0,10.0,0.6,,Herbs,1.0,"Flowers, Leaves, Root, Seed",,"Adhesive, antifungal, Dynamic accumulator",1.0,0.0,0.0,0.0,1.0,1.0,0.0,1.0,1.0,0.0,root_crop,1.0,Layer or Edible parts indicates Root/Tuber,367,Allium sativum,L.,Liliopsida:Liliidae:Asparagales:Alliaceae,Porrum sativum Reh.,"garlic, cultivated garlic, ail, aglio, ajo, kaliki, Knoblauch, vitlök, hvidløg, thum, knoflook, alho, alho de cultura, chesnok, ninniku, suan, Bulbus Allii Sativi, garlic oil",herb,erect,biennial,single stem,"vegetables, medicinals & aromatic",grown on large scale,18.0,30.0,7.0,35.0,750.0,1600.0,500.0,2700.0,6.0,6.6,5.0,8.5,,,60.0,60.0,2200.0,clear skies,clear skies,very bright,cloudy skies,medium (50-150 cm),shallow (20-50 cm),"medium, light","heavy, medium, light",high,low,low (<4 dS/m),low (<4 dS/m),well (dry spells),well (dry spells),-5,-5.0,long day (>14 hours),"tropical wet & dry (Aw), tropical wet (Ar), subtropical humid (Cf), subtropical dry summer (Cs), subtropical dry winter (Cw), temperate oceanic (Do), temperate continental (Dc), temperate with humid winters (Df), temperate with dry winters (Dw)",,humidity,,"home garden, large scale/commercial",90.0,120.0,original_rule,edible_flag,high,Allium sativum ophioscorodon; Garlic; Mixed,3,,root,1,ثوم,1,0
PP:167,both,melissa officinalis,exact_scientific_name,high,167.0,Plant,https://permapeople.org/plants/melissa-officinalis-lemon-balm,Melissa officinalis,Lemon balm,Lamiaceae or labiatae,Perennial,4-8,4.0,8.0,0.7,Fast,Herbs,1.0,Leaves,"Condiment, Tea","Essential Oil, Fragrance, Dynamic accumulator",1.0,1.0,0.0,0.0,1.0,1.0,0.0,1.0,1.0,0.0,herb,1.0,Layer contains 'Herbs' and Edible uses contains Condiment/Tea,2340,Melissa officinalis,L.,Magnoliopsida:Asteridae:Lamiales:Labiatae,,"balm, lemon balm, Melisse, melisse officinale, Melissae folium, Melissae herba, Aetheroleum melissae",herb,"erect, prostrate/procumbent/semi-erect",perennial,,medicinals & aromatic,grown on small scale,14.0,25.0,6.0,30.0,800.0,1000.0,500.0,1300.0,5.0,6.0,4.5,7.8,25.0,20.0,45.0,65.0,2000.0,very bright,very bright,very bright,clear skies,medium (50-150 cm),shallow (20-50 cm),medium,"heavy, medium, light",moderate,low,low (<4 dS/m),low (<4 dS/m),well (dry spells),well (dry spells),-20,0.0,long day (>14 hours),"steppe or semiarid (Bs), subtropical dry summer (Cs), temperate oceanic (Do), temperate continental (Dc), temperate with humid winters (Df), temperate with dry winters (Dw)",,,,,60.0,140.0,original_rule,edible_flag,high,Lemon balm,1,,leafy_herb,0,,0,0
PP:168,both,sinapis alba,exact_scientific_name,high,168.0,Plant,https://permapeople.org/plants/sinapis-alba-white-mustard,Sinapis alba,White Mustard,Brassicaceae or cruciferae,Annual,5-9,5.0,9.0,0.6,Fast,,1.0,"Leaves, Seed","Oil, Condiment","Cover crop, oil",1.0,1.0,0.0,0.0,0.0,1.0,0.0,1.0,1.0,1.0,vegetable,1.0,Edible parts contains Leaves/Stem/Flowers,9787,Sinapis alba,L.,Magnoliopsida:Dilleniidae:Capparales:Cruciferae,"Brassica alba (L.)Rabenh., Brassica hirta Moench","white mustard, English mustard, mustard seed, mostaza, moutarde, Senfsaat, senap, sennep, khardal, mosterd, senape, mastarda, gorshitsa, shiro-karashi, chieh, Sinapis albae semen, Brassica nigrae semen, Oleum sinapi, Brassica junceae semen",herb,erect,annual,,materials,grown on large scale,10.0,25.0,5.0,30.0,700.0,1100.0,500.0,1300.0,6.5,7.5,5.5,8.5,30.0,20.0,45.0,60.0,,clear skies,cloudy skies,very bright,cloudy skies,medium (50-150 cm),medium (50-150 cm),medium,"heavy, medium, light",moderate,low,low (<4 dS/m),medium (4-10 dS/m),well (dry spells),"well (dry spells), excessive (dry/moderately dry)",,,long day (>14 hours),"steppe or semiarid (Bs), temperate oceanic (Do), temperate continental (Dc), temperate with humid winters (Df), temperate with dry winters (Dw), boreal (E)",,,,,110.0,180.0,original_rule,edible_flag,high,White Mustard,1,,leafy_herb,0,,0,0
PP:169,both,solanum tuberosum,exact_scientific_name,high,169.0,Plant,https://permapeople.org/plants/solanum-tuberosum-potato,Solanum tuberosum,Potato,Solanaceae,Perennial,3-10,3.0,10.0,1.0,,,1.0,Root,Rutin,"Alcohol, Biomass, Cleanser, Cosmetic, Polish, Starch",1.0,0.0,0.0,0.0,0.0,1.0,0.0,1.0,1.0,1.0,root_crop,1.0,Layer or Edible parts indicates Root/Tuber,1971,Solanum tuberosum,L.,Magnoliopsida:Asteridae:Solanales:Solanaceae,Solanum esculentum Neck.,"potato, tuber, spud, Irish potato, white potato, Spanish potato, pomme de terre, patate, batata, batateira vulgar, papa, vateta, aartappel, katoffel, Kartoffel, peruna, potaati, potatis, patata",herb,erect,annual,multi stem,"roots/tubers, medicinals & aromatic",grown on large scale,15.0,25.0,7.0,30.0,500.0,800.0,250.0,2000.0,5.0,6.2,4.2,8.5,,,20.0,60.0,2800.0,very bright,very bright,very bright,cloudy skies,medium (50-150 cm),shallow (20-50 cm),"medium, organic","heavy, medium, light",moderate,low,low (<4 dS/m),low (<4 dS/m),well (dry spells),"well (dry spells), excessive (dry/moderately dry)",-1,0.0,"short day (<12 hours), neutral day (12-14 hours), long day (>14 hours)","tropical wet & dry (Aw), tropical wet (Ar), steppe or semiarid (Bs), subtropical humid (Cf), subtropical dry summer (Cs), subtropical dry winter (Cw), temperate oceanic (Do), temperate continental (Dc), temperate with humid winters (Df), temperate with dry winters (Dw)",,,poisonous to man or animals,"home garden, large scale/commercial",90.0,160.0,original_rule,edible_flag,high,Adretta; Blue Congo; Eigenheimer; Jubel; Laura; Nicola; Potato; Professor Wohltmann; Russet Burbank; Sechswochenkartoffel,10,,root,1,بطاطس,1,0
PP:170,both,spinacia oleracea,exact_scientific_name,high,170.0,Plant,https://permapeople.org/plants/spinacia-oleracea-spinach,Spinacia oleracea,Spinach,Chenopodiaceae,Annual,4-8,4.0,8.0,0.3,Fast,Herbs,1.0,"Leaves, Seed",Colouring,Dye,1.0,1.0,0.0,0.0,0.0,1.0,0.0,1.0,1.0,1.0,vegetable,1.0,Edible parts contains Leaves/Stem/Flowers,1997,Spinacia oleracea,L.,Magnoliopsida:Caryophyllidae:Caryophyllales:Chenopodiaceae,,"spinach, epinard, espinaca, spinacio",herb,acaulescent (or rosette plants),annual,multi stem,vegetables,grown on small scale,13.0,20.0,2.0,27.0,800.0,1200.0,300.0,1700.0,6.0,7.5,5.3,8.3,,,65.0,65.0,3600.0,very bright,clear skies,very bright,cloudy skies,shallow (20-50 cm),shallow (20-50 cm),"medium, light","heavy, medium, light, organic",high,moderate,low (<4 dS/m),low (<4 dS/m),well (dry spells),well (dry spells),-7,0.0,"short day (<12 hours), neutral day (12-14 hours), long day (>14 hours)","steppe or semiarid (Bs), subtropical humid (Cf), subtropical dry summer (Cs), subtropical dry winter (Cw), temperate oceanic (Do), temperate continental (Dc), temperate with humid winters (Df), temperate with dry winters (Dw)",,,,,40.0,120.0,original_rule,edible_flag,high,Nores; Spinach,2,,leafy_herb,1,سبانخ,0,0
PP:173,both,ocimum basilicum,exact_scientific_name,high,173.0,Plant,https://permapeople.org/plants/ocimum-basilicum-basil,Ocimum basilicum,Basil,Lamiaceae or labiatae,"Annual, Perennial",5-10,5.0,10.0,0.5,Fast,Herbs,1.0,"Leaves, Seed","Condiment, Drink, Tea","Essential Oil, Strewing, Fragrance",1.0,0.0,0.0,0.0,0.0,1.0,0.0,1.0,1.0,0.0,herb,1.0,Layer contains 'Herbs' and Edible uses contains Condiment/Tea,1547,Ocimum basilicum,L.,Magnoliopsida:Asteridae:Lamiales:Labiatae,Ocimum americanum L.,"basil, sweet basil, common basil, basilic, Basilikum, Basilienkraut, basilico, albahaca, basilkort, raihan, basilicum, manjericao, bazilik, maboki, lo-le, Basilici herba, Aetheroleum basilici",herb,erect,annual,single stem,"vegetables, medicinals & aromatic, weed",grown on large scale,18.0,27.0,7.0,36.0,1000.0,1600.0,600.0,4300.0,6.0,7.0,4.3,8.2,20.0,,40.0,60.0,,very bright,very bright,very bright,clear skies,shallow (20-50 cm),shallow (20-50 cm),medium,"heavy, medium, light",high,low,low (<4 dS/m),low (<4 dS/m),well (dry spells),well (dry spells),,,"short day (<12 hours), neutral day (12-14 hours), long day (>14 hours)","tropical wet & dry (Aw), tropical wet (Ar), subtropical humid (Cf), subtropical dry summer (Cs), subtropical dry winter (Cw), temperate oceanic (Do)",,wind,can become a weed,"home garden, large scale/commercial",80.0,270.0,original_rule,edible_flag,high,Basil,1,,leafy_herb,1,ريحان,1,0
PP:174,both,asparagus officinalis,exact_scientific_name,high,174.0,Plant,https://permapeople.org/plants/asparagus-officinalis-asparagus,Asparagus officinalis,Asparagus,Asparagaceae,Perennial,2-9,2.0,9.0,,Slow,Herbs,1.0,"Shoots, Stem",Coffee,Pest control,1.0,1.0,0.0,0.0,0.0,1.0,0.0,1.0,1.0,1.0,vegetable,1.0,Edible parts contains Leaves/Stem/Flowers,468,Asparagus officinalis,L.,Liliopsida:Liliidae:Asparagales:Asparagaceae,Asparagus altilis Asch.,"asparagus, espárrago, aspargo, Spargel",herb,erect,perennial,multi stem,"vegetables, medicinals & aromatic",grown on large scale,15.0,30.0,6.0,38.0,800.0,1200.0,500.0,4000.0,6.0,6.7,4.5,8.2,,,60.0,60.0,2600.0,very bright,very bright,very bright,cloudy skies,medium (50-150 cm),medium (50-150 cm),"medium, organic","medium, light",high,moderate,low (<4 dS/m),medium (4-10 dS/m),well (dry spells),well (dry spells),-5,-1.0,"short day (<12 hours), neutral day (12-14 hours), long day (>14 hours)","tropical wet & dry (Aw), steppe or semiarid (Bs), subtropical humid (Cf), subtropical dry summer (Cs), subtropical dry winter (Cw), temperate oceanic (Do), temperate continental (Dc), temperate with humid winters (Df), temperate with dry winters (Dw)",,,,"large scale/commercial, protected cultivation",210.0,270.0,original_rule,edible_flag,high,Asparagus,1,,leafy_herb,0,,0,0
PP:175,both,vicia faba,exact_scientific_name,high,175.0,Plant,https://permapeople.org/plants/vicia-faba-broad-bean,Vicia faba,Broad bean,Fabaceae or Leguminosae,Annual,4-8,4.0,8.0,1.0,Fast,,1.0,"Leaves, Seed",,Nitrogen fixer,1.0,1.0,0.0,0.0,0.0,1.0,0.0,1.0,1.0,1.0,legume,1.0,Backfilled from ecocrop_category (legume) with edible evidence: edible_parts,2146,Vicia faba,L.,Magnoliopsida:Rosidae:Fabales:Leguminosae,,"broad bean, Windsor bean, faba bean, ackerbohne, pferde bohne, fève de Marais, fava, faveira, horse bean",herb,erect,annual,,"pulses (grain legumes), medicinals & aromatic",grown on large scale,18.0,28.0,5.0,32.0,650.0,1000.0,250.0,2600.0,6.0,7.0,4.5,8.6,30.0,,50.0,60.0,2700.0,very bright,clear skies,very bright,cloudy skies,medium (50-150 cm),shallow (20-50 cm),"medium, organic","heavy, medium, light",high,moderate,low (<4 dS/m),low (<4 dS/m),well (dry spells),well (dry spells),,,"short day (<12 hours), neutral day (12-14 hours), long day (>14 hours)","tropical wet & dry (Aw), tropical wet (Ar), steppe or semiarid (Bs), subtropical humid (Cf), subtropical dry summer (Cs), subtropical dry winter (Cw), temperate oceanic (Do), temperate continental (Dc), temperate with humid winters (Df), temperate with dry winters (Dw)",,,,,100.0,150.0,ecocrop_backfill,edible_parts,high,Broad Bean; Horsebean; Sweet Lorane; Tick Bean,4,,legume,1,فول,0,0
PP:176,both,phaseolus coccineus,exact_scientific_name,high,176.0,Plant,https://permapeople.org/plants/phaseolus-coccineus-runner-bean,Phaseolus coccineus,Runner Bean,Fabaceae or leguminosae,"Annual, Perennial",1-12,1.0,12.0,3.0,Fast,,1.0,"Flowers, Leaves, Root, Seed, Seedpod",,Nitrogen fixer,1.0,0.0,0.0,0.0,0.0,1.0,0.0,1.0,1.0,1.0,root_crop,1.0,Layer or Edible parts indicates Root/Tuber,1665,Phaseolus coccineus,L.,Magnoliopsida:Rosidae:Fabales:Leguminosae,"Phaseolus multiflorus Lam., Phaseolus multiflorus Willd.","chamborote, chilipuca, cubaces, cub, frijol chamborote, haricot d'Espagne, runner bean, bean - runner, scarlet runner bean",herb,climber/scrambler/scadent,"annual, perennial",,"pulses (grain legumes), roots/tubers, forage/pasture, ornamentals/turf, medicinals & aromatic, cover crop",grown on large scale,12.0,26.0,5.0,30.0,800.0,1500.0,400.0,2600.0,5.5,7.0,5.0,8.2,,,15.0,25.0,2800.0,very bright,very bright,very bright,clear skies,medium (50-150 cm),shallow (20-50 cm),medium,"heavy, medium, light",high,low,low (<4 dS/m),low (<4 dS/m),well (dry spells),well (dry spells),,,"short day (<12 hours), neutral day (12-14 hours)","steppe or semiarid (Bs), subtropical humid (Cf), subtropical dry summer (Cs), subtropical dry winter (Cw), temperate oceanic (Do), temperate continental (Dc), temperate with humid winters (Df), temperate with dry winters (Dw)",,,,,80.0,365.0,original_rule,edible_flag,high,Runner Bean,1,,root,0,,0,0
PP:177,permapeople_only,beta vulgaris,ecocrop_only,,177.0,Plant,https://permapeople.org/plants/beta-vulgaris-vulgaris-beet,Beta vulgaris vulgaris,Beetroot,Chenopodiaceae,Biennial,4-8,4.0,8.0,0.9,,Roots,1.0,"Leaves, Root",Sweetener,Biomass,1.0,0.0,0.0,0.0,0.0,1.0,0.0,1.0,1.0,1.0,root_crop,1.0,Layer or Edible parts indicates Root/Tuber,514,Beta vulgaris,L.,Magnoliopsida:Caryophyllidae:Caryophyllales:Chenopodiaceae,,"Silver beet, Beetroot, Sugarbeet, Zuckerrübe",herb,acaulescent (or rosette plants),biennial,single stem,"roots/tubers, vegetables",grown on large scale,15.0,25.0,4.0,35.0,600.0,800.0,500.0,1000.0,6.0,7.0,5.5,7.5,30.0,10.0,45.0,60.0,1500.0,very bright,light shade,very bright,light shade,medium (50-150 cm),shallow (20-50 cm),"heavy, medium","heavy, medium, light",high,moderate,low (<4 dS/m),medium (4-10 dS/m),well (dry spells),well (dry spells),-3,0.0,long day (>14 hours),"tropical wet & dry (Aw), tropical wet (Ar), steppe or semiarid (Bs), subtropical dry summer (Cs), temperate oceanic (Do), temperate continental (Dc), temperate with humid winters (Df), temperate with dry winters (Dw)",,,,large scale/commercial,160.0,240.0,original_rule,edible_flag,high,Beet; Beta vulgaris cicla; Bull’s blood; Burpee’s golden; Chioggia; Cylindra; Detroit dark red; Early wonder; Golden Detroit; Kogel 2; Little ball; Lutz green leaf; Sea Beet; Silver beet; Sugar Beet; Swiss Chard; sugarbeet,20,,root,1,شمندر,0,0
PP:178,both,borago officinalis,exact_scientific_name,high,178.0,Plant,https://permapeople.org/plants/borago-officinalis-borage,Borago officinalis,Borage,Boraginaceae,Annual,6-9,6.0,9.0,0.6,Medium,Herbs,1.0,"Flowers, Leaves","Oil, Colouring, Tea","Dye, oil, Dynamic accumulator",1.0,1.0,0.0,0.0,1.0,1.0,0.0,1.0,1.0,1.0,herb,1.0,Layer contains 'Herbs' and Edible uses contains Condiment/Tea,3761,Borago officinalis,L.,Magnoliopsida:Asteridae:Lamiales:Boraginaceae,,"borage, borag, stofférblomma, agurkurt, hjulkrone, purasruoho, borretsch, Boraginis semen, Boraginis herba, Oleum Boraginis",herb,erect,annual,,"vegetables, ornamentals/turf, medicinals & aromatic",grown on small scale,15.0,22.0,4.0,26.0,500.0,1000.0,300.0,1300.0,6.5,7.5,6.0,8.3,30.0,20.0,50.0,60.0,,very bright,very bright,very bright,clear skies,medium (50-150 cm),shallow (20-50 cm),"heavy, organic","heavy, medium, light",moderate,low,low (<4 dS/m),low (<4 dS/m),well (dry spells),well (dry spells),-5,0.0,"short day (<12 hours), neutral day (12-14 hours), long day (>14 hours)","steppe or semiarid (Bs), subtropical dry summer (Cs), temperate oceanic (Do), temperate continental (Dc), temperate with humid winters (Df), temperate with dry winters (Dw)",,,,"home garden, large scale/commercial",150.0,180.0,original_rule,edible_flag,high,Borage,1,,leafy_herb,0,,1,0
PP:179,both,daucus carota,species_binomial_inheritance,medium,179.0,Plant,https://permapeople.org/plants/daucus-carota-sativus-carrot,Daucus carota sativus,Carrot,Apiaceae or Umbelliferae,Biennial,3-10,3.0,10.0,1.2,Medium,Roots,1.0,"Leaves, Root","Coffee, Colouring, Condiment","Alcohol, Dye, Essential Oil, Dynamic accumulator, Fragrance",1.0,0.0,0.0,0.0,0.0,1.0,0.0,1.0,1.0,1.0,root_crop,1.0,Layer or Edible parts indicates Root/Tuber,871,Daucus carota,L.,Magnoliopsida:Rosidae:Apiales:Umbelliferae,,"wild carrot, devil's plague, Queen Anne's-lace, cenoura brava, karotte, mohrruebe, gelbe ruebe, morot, gulrot, gulerod, porkkana",herb,erect,biennial,single stem,"roots/tubers, forage/pasture, vegetables, materials, medicinals & aromatic","grown on large scale, grown on small scale",15.0,24.0,3.0,30.0,600.0,1200.0,400.0,4000.0,5.8,6.8,4.2,8.7,20.0,,55.0,63.0,2600.0,clear skies,cloudy skies,very bright,cloudy skies,medium (50-150 cm),medium (50-150 cm),"medium, organic","heavy, medium, light",moderate,moderate,low (<4 dS/m),low (<4 dS/m),well (dry spells),well (dry spells),-1,0.0,long day (>14 hours),"tropical wet & dry (Aw), steppe or semiarid (Bs), subtropical dry summer (Cs), temperate oceanic (Do), temperate continental (Dc), temperate with humid winters (Df), temperate with dry winters (Dw)",,,,"home garden, large scale/commercial",40.0,150.0,original_rule,edible_flag,high,Amsterdamse Bak 2; Carrot; Danvers; Daucus carota,4,,root,1,جزر,1,0
PP:180,both,apium graveolens,exact_scientific_name,high,180.0,Plant,https://permapeople.org/plants/apium-graveolens-celery,Apium graveolens,Celery,Apiaceae or umbelliferae,"Annual, Biennial",5-9,5.0,9.0,0.6,,Herbs,1.0,"Leaves, Root, Seed",Condiment,"Essential Oil, Fragrance",0.0,1.0,0.0,0.0,0.0,1.0,0.0,1.0,1.0,1.0,root_crop,1.0,Layer or Edible parts indicates Root/Tuber,431,Apium graveolens,L.,Magnoliopsida:Rosidae:Apiales:Umbelliferae,"Sium apium Roth., Sium graveolens Vest., Seseli graveolens Scop.","wild celery, celery, celery seed, apio, celeri, Sellerie, selleri, karafs, selderij, sedano, aipo, syel'derey, serorii, ch'in, Apii folium, seldery",herb,erect,biennial,deciduous,"vegetables, medicinals & aromatic",grown on small scale,15.0,21.0,5.0,25.0,700.0,1300.0,500.0,1500.0,6.0,6.8,5.5,7.5,40.0,10.0,60.0,65.0,2000.0,cloudy skies,clear skies,cloudy skies,very bright,shallow (20-50 cm),shallow (20-50 cm),"medium, organic","medium, organic",high,moderate,medium (4-10 dS/m),medium (4-10 dS/m),"poorly (saturated >50% of year), well (dry spells)","poorly (saturated >50% of year), well (dry spells)",-5,-1.0,long day (>14 hours),"tropical wet & dry (Aw), subtropical dry summer (Cs), temperate oceanic (Do)",flooding,,,"home garden, small scale (manual)",40.0,150.0,original_rule,edible_flag,high,Celeriac; Celery; Leaf Celery; Pink plume; Roem van Zwijndrecht; Ventura; celeriac; celery,9,,leafy_herb,1,كرفس,1,0
PP:181,both,helianthus annuus,exact_scientific_name,high,181.0,Plant,https://permapeople.org/plants/helianthus-annuus-common-sunflower,Helianthus annuus,Common Sunflower,Asteraceae or compositae,Annual,6-9,6.0,9.0,3.0,Fast,,1.0,"Flowers, Seed, Stem","Oil, Coffee","Blotting paper, Dye, Fiber, Fire starter, Cover crop, Herbicide, Microscope, oil, textiles, Dynamic accumulator",1.0,1.0,0.0,0.0,1.0,1.0,0.0,1.0,1.0,1.0,vegetable,1.0,Edible parts contains Leaves/Stem/Flowers,1191,Helianthus annuus,L.,Magnoliopsida:Asteridae:Asterales:Compositae,,"sunflower, Italian girasole, cut-and-come-again, sonneblom, girasol, tournesol, girassol, xiangrikui, Sonnenblume, girasole, surajmukhi, zonnebloem, auringonkukka, Helianthi flos, surya mukhi",herb,erect,annual,"single stem, C3 photosynthesis","materials, ornamentals/turf",grown on large scale,17.0,34.0,5.0,45.0,600.0,1000.0,300.0,1600.0,6.0,7.5,5.5,8.0,20.0,,50.0,55.0,2600.0,very bright,very bright,very bright,clear skies,medium (50-150 cm),medium (50-150 cm),"medium, light","heavy, medium, light",high,low,low (<4 dS/m),low (<4 dS/m),well (dry spells),well (dry spells),-10,0.0,short day (<12 hours),"tropical wet & dry (Aw), steppe or semiarid (Bs), subtropical humid (Cf), subtropical dry summer (Cs), subtropical dry winter (Cw), temperate oceanic (Do), temperate continental (Dc), temperate with humid winters (Df), temperate with dry winters (Dw)",,,,large scale/commercial,70.0,200.0,original_rule,edible_flag,high,Common Sunflower,1,,leafy_herb,0,,0,0
PP:182,permapeople_only,solanum lycopersicum,ecocrop_only,,182.0,Plant,https://permapeople.org/plants/solanum-lycopersicum-tomato,Solanum lycopersicum,Tomato,Solanaceae,"Annual, Perennial",10-12,10.0,12.0,2.0,Fast,Herbs,1.0,"Fruit, Seed",Oil,,1.0,0.0,0.0,0.0,0.0,1.0,0.0,1.0,1.0,1.0,fruit,1.0,Edible parts contains 'Fruit' (non-tree layer),1379,Lycopersicon esculentum,Mill.,Magnoliopsida:Asteridae:Solanales:Solanaceae,"Lycopersicon lycopersicum (L.) Karst. ex Farw., Solanum lycopersicum L.","tomato, tomate, pomodoro, tomata, tomatar, temata, temeta, tamatie",herb,prostrate/procumbent/semi-erect,annual,single stem,"forage/pasture, vegetables, medicinals & aromatic",grown on large scale,20.0,27.0,7.0,35.0,600.0,1300.0,400.0,1800.0,5.5,6.8,5.0,7.5,,,,,2400.0,clear skies,clear skies,very bright,cloudy skies,shallow (20-50 cm),shallow (20-50 cm),"medium, organic","heavy, medium, light",high,moderate,low (<4 dS/m),low (<4 dS/m),well (dry spells),well (dry spells),,,"short day (<12 hours), neutral day (12-14 hours), long day (>14 hours)","tropical wet & dry (Aw), tropical wet (Ar), steppe or semiarid (Bs), subtropical humid (Cf), subtropical dry summer (Cs), subtropical dry winter (Cw), temperate oceanic (Do), temperate continental (Dc), temperate with humid winters (Df), temperate with dry winters (Dw)",,,,,70.0,150.0,original_rule,edible_flag,high,Amish paste; Austin's red pear; Barne's Mountain Orange; Beam's yellow pear; Black Rebel; Brandywine Tomato; Clementine; Cream sausage; Green zebra; Hillbilly; Igleheart yellow cherry; Jaune flamme; Kolb; Lemon drop; Martino's roma; Mushroom Basket; Rainbow Cherry; Resibella; Rouge de Marmande; Silvery fir tree; Sunviva; Sweet pea currant; Tomato; Trophy; tomato,25,,fruiting,1,طماطم,0,0
PP:183,both,origanum majorana,exact_scientific_name,high,183.0,Plant,https://permapeople.org/plants/origanum-majorana-marjoram,Origanum majorana,Marjoram,Lamiaceae or labiatae,Perennial,6-9,6.0,9.0,0.6,,Herbs,1.0,Leaves,"Condiment, Tea","Disinfectant, Dye, Essential Oil, Fragrance",1.0,1.0,0.0,0.0,1.0,1.0,0.0,1.0,1.0,1.0,herb,1.0,Layer contains 'Herbs' and Edible uses contains Condiment/Tea,2368,Origanum majorana,L.,Magnoliopsida:Asteridae:Lamiales:Labiatae,Majorana hortensis Monch,"marjoram, sweet majoram, marjolaine, majoran, amaraco, mejram, marzanjush, marjolein, maggiorana, manjerona, mayoran, mayorana, ma-yueh-lan-hua","herb, sub-shrub",erect,"annual, perennial",,"materials, medicinals & aromatic","grown on large scale, grown on small scale",20.0,26.0,10.0,30.0,800.0,1000.0,600.0,2300.0,5.5,7.0,4.9,8.7,,,,,,very bright,very bright,clear skies,very bright,shallow (20-50 cm),shallow (20-50 cm),medium,medium,high,moderate,low (<4 dS/m),low (<4 dS/m),well (dry spells),well (dry spells),-2,0.0,,"subtropical dry summer (Cs), temperate oceanic (Do), temperate continental (Dc)",,,,"home garden, large scale/commercial",90.0,180.0,original_rule,edible_flag,high,Marjoram,1,,leafy_herb,0,,1,0
PP:184,both,petroselinum crispum,exact_scientific_name,high,184.0,Plant,https://permapeople.org/plants/petroselinum-crispum-parsley,Petroselinum crispum,Parsley,Apiaceae or umbelliferae,Biennial,5-8,5.0,8.0,0.6,Medium,Herbs,1.0,Leaves,"Colouring, Tea","Essential Oil, Hair, Dynamic accumulator, Fragrance",1.0,1.0,0.0,0.0,0.0,1.0,0.0,1.0,1.0,1.0,herb,1.0,Layer contains 'Herbs' and Edible uses contains Condiment/Tea,1661,Petroselinum crispum,(Mill.)Nym. ex A W Hill,Magnoliopsida:Rosidae:Apiales:Umbelliferae,"Carum petroselinum Benth., Petroselinum hortense Suct.","parsley, persil, Petersilie, prezzemolo, perejil, persilja, persille, baqdunis, peterselie, salsa, pyetrushka, paseri, yang-hu-sui, Petroselini folium, Petroselini radix",herb,erect,perennial,,"vegetables, medicinals & aromatic",grown on large scale,11.0,20.0,7.0,28.0,900.0,1500.0,300.0,2800.0,6.0,7.5,5.3,8.3,,,,,2400.0,clear skies,cloudy skies,very bright,light shade,shallow (20-50 cm),shallow (20-50 cm),"medium, organic","heavy, medium, light",moderate,low,low (<4 dS/m),medium (4-10 dS/m),well (dry spells),well (dry spells),-5,0.0,"short day (<12 hours), neutral day (12-14 hours), long day (>14 hours)","tropical wet & dry (Aw), tropical wet (Ar), steppe or semiarid (Bs), subtropical humid (Cf), subtropical dry summer (Cs), subtropical dry winter (Cw), temperate oceanic (Do), temperate continental (Dc), temperate with humid winters (Df), temperate with dry winters (Dw), boreal (E)",,,,"home garden, large scale/commercial",70.0,365.0,original_rule,edible_flag,high,Grüne Perle; Hamburg Parsley; Lovage; Mooskrause 2; Parsley,5,,leafy_herb,1,بقدونس,1,0
PP:185,both,thymus vulgaris,exact_scientific_name,high,185.0,Plant,https://permapeople.org/plants/thymus-vulgaris-thyme,Thymus vulgaris,Thyme,Lamiaceae or Labiatae,Perennial,5-11,5.0,11.0,,Medium,Herbs,1.0,"Flowers, Leaves, Shoots","Condiment, Tea","Deodorant, Disinfectant, Essential Oil, antifungal, Fragrance, Dynamic accumulator, Ground cover",1.0,0.0,0.0,0.0,1.0,1.0,0.0,1.0,1.0,0.0,herb,1.0,Layer contains 'Herbs' and Edible uses contains Condiment/Tea,2441,Thymus vulgaris,L.,Magnoliopsida:Asteridae:Lamiales:Labiatae,,"garden thyme, common thyme, thyme, thym, Thymian, tomillo, timjan, timian, sa'tar, tijm, timo, tomilho, tim'yan, jakoso, pai-li-hsiang, Thymi vulgaris herba, Aetherolum thymi",shrub,erect,perennial,"evergreen, multi stem","ornamentals/turf, medicinals & aromatic",grown on large scale,16.0,25.0,4.0,30.0,700.0,1500.0,400.0,2600.0,5.5,6.5,4.5,8.0,30.0,20.0,50.0,60.0,1700.0,very bright,very bright,very bright,clear skies,medium (50-150 cm),shallow (20-50 cm),medium,"medium, light",high,moderate,low (<4 dS/m),low (<4 dS/m),"well (dry spells), excessive (dry/moderately dry)","well (dry spells), excessive (dry/moderately dry)",,,long day (>14 hours),"tropical wet & dry (Aw), tropical wet (Ar), steppe or semiarid (Bs), subtropical dry summer (Cs), temperate oceanic (Do), temperate continental (Dc), temperate with humid winters (Df), temperate with dry winters (Dw)",,,,,100.0,200.0,original_rule,edible_flag,high,Thyme,1,,leafy_herb,1,زعتر,0,0
PP:187,both,cucurbita pepo,exact_scientific_name,high,187.0,Plant,https://permapeople.org/plants/cucurbita-pepo-pumpkin-zucchini,Cucurbita pepo,Zucchini,Cucurbitaceae,Annual,2-11,2.0,11.0,0.6,Fast,Vines,1.0,"Flowers, Fruit, Leaves, Root, Seed",Oil,oil,1.0,1.0,0.0,0.0,0.0,1.0,0.0,1.0,1.0,1.0,root_crop,1.0,Layer or Edible parts indicates Root/Tuber,821,Cucurbita pepo,L.,Magnoliopsida:Dilleniidae:Violales:Cucurbitaceae,,"marrow, pumpkin, squash, bitter nut squash, vegetable marrow, summer pumpkin, autumn pumpkin, zucca, Kürbis, Cucurbitae semen, Oleum cucurbitae","herb, vine",climber/scrambler/scadent,annual,,"fruits & nuts, vegetables, materials","grown on large scale, grown on small scale",17.0,30.0,6.0,40.0,600.0,1500.0,300.0,2800.0,5.5,6.8,4.5,8.3,,,,,1000.0,very bright,very bright,very bright,cloudy skies,medium (50-150 cm),shallow (20-50 cm),"medium, organic","heavy, medium, light",moderate,low,low (<4 dS/m),low (<4 dS/m),well (dry spells),well (dry spells),,,"short day (<12 hours), neutral day (12-14 hours), long day (>14 hours)","tropical wet & dry (Aw), tropical wet (Ar), steppe or semiarid (Bs), subtropical humid (Cf), subtropical dry summer (Cs), subtropical dry winter (Cw), temperate oceanic (Do), temperate continental (Dc), temperate with humid winters (Df), temperate with dry winters (Dw)",,,,"home garden, small scale (manual), intermediate (animal drawn), large scale/commercial",40.0,100.0,original_rule,edible_flag,high,Black Beauty; Cinderella; Pattison Panaché; Pumpkin / Zucchini; Rouge Vif d'Etampes; Sweet dumpling,5,,fruiting,1,كوسة,1,0
PP:188,both,brassica juncea,exact_scientific_name,high,188.0,Plant,https://permapeople.org/plants/brassica-juncea-giant-red-mustard,Brassica juncea,Giant red mustard,Brassicaceae or cruciferae,Annual,2-11,2.0,11.0,0.8,Fast,Herbs,1.0,"Flowers, Leaves, Root, Seed","Oil, Condiment","Cover crop, oil",1.0,1.0,0.0,0.0,0.0,1.0,0.0,1.0,1.0,1.0,root_crop,1.0,Layer or Edible parts indicates Root/Tuber,548,Brassica juncea,(L.)Czern.,Magnoliopsida:Dilleniidae:Capparales:Cruciferae,Sinapis juncea L.,"Indian mustard, mustard greens, brown mustard, Chinese mustard",herb,erect,annual,single stem,"vegetables, materials",grown on large scale,15.0,28.0,7.0,40.0,700.0,2400.0,500.0,4200.0,5.5,6.5,5.0,8.0,,,40.0,40.0,2000.0,clear skies,clear skies,very bright,cloudy skies,shallow (20-50 cm),shallow (20-50 cm),"medium, organic","heavy, medium, light",high,moderate,low (<4 dS/m),low (<4 dS/m),well (dry spells),well (dry spells),-5,0.0,,"tropical wet & dry (Aw), steppe or semiarid (Bs), subtropical dry summer (Cs), temperate oceanic (Do)",,,,,50.0,100.0,original_rule,edible_flag,high,Brown Mustard; Curled Mustard; Florida Broadleaf; Giant red mustard; Green In The Snow; Head Mustard; Large Petiole Mustard; Leaf Mustard; Mizuna Red Leaf; Root Mustard; Swollen-Stem Mustard; Wasabi,18,,leafy_herb,0,,0,0
PP:189,both,amelanchier alnifolia,ecocrop_synonym_binomial,medium,189.0,Plant,https://permapeople.org/plants/amelanchier-alnifolia-saskatoon-berry,Amelanchier alnifolia,Saskatoon berry,Rosaceae,Perennial,2-7,2.0,7.0,4.0,Medium,Shrubs,1.0,Fruit,Tea,"Wind breaker, Erosion control",1.0,1.0,0.0,0.0,0.0,1.0,0.0,1.0,1.0,1.0,berry,1.0,Common name contains 'berry' and Edible parts contains 'Fruit',3116,Aronia alnifolia,Nutt.,Cycadopsida,Amelanchier alnifolia (Nutt.) Nutt.,"saskatoon, saskatoon serviceberry, juneberry, mountain juneberry, Rocky Mountain blueberry, sgan gam (Gitxsan), hlighag' (Wet'suwet')","shrub, tree",erect,perennial,"deciduous, single stem, multi stem, C3 photosynthesis","fruits & nuts, ornamentals/turf, medicinals & aromatic, environmental",,15.0,20.0,5.0,25.0,650.0,1100.0,340.0,1270.0,5.5,7.0,5.0,7.5,37.0,35.0,60.0,67.0,1500.0,cloudy skies,very bright,light shade,very bright,deep (>>150 cm),medium (50-150 cm),"medium, light","heavy, medium, light",high,moderate,,,well (dry spells),"well (dry spells), excessive (dry/moderately dry)",-50,0.0,,"steppe or semiarid (Bs), subtropical dry summer (Cs), temperate oceanic (Do), boreal (E)",fire,,,,0.0,0.0,original_rule,edible_flag,high,Cusick's Serviceberry; Pacific Serviceberry; Saskatoon berry,3,,fruit_tree,0,,0,0
PP:190,both,actinidia arguta,exact_scientific_name,high,190.0,Plant,https://permapeople.org/plants/actinidia-arguta-hardy-kiwi,Actinidia arguta,Hardy kiwi,Actinidiaceae,Perennial,4-9,4.0,9.0,15.0,,Vines,1.0,"Fruit, Sap",,Fragrance,1.0,1.0,0.0,0.0,0.0,1.0,0.0,1.0,1.0,1.0,edible_vine,1.0,Layer contains 'Vine(s)' and Edible == true,2803,Actinidia arguta,(Siebold & Zucc.) Planchon ex Miq.,Magnoliopsida:Dilleniidae:Ericales:Actinidiaceae,"Actinidia megalocarpa Nakai., Trochostigma arguta Siebold. & Zucc.","hardy kiwi, bower vine, dessert kiwi, cocktail kiwi, tara vine, yang-tao",vine,climber/scrambler/scadent,perennial,"deciduous, single stem","fruits & nuts, environmental",,12.0,25.0,5.0,30.0,900.0,1500.0,700.0,2000.0,5.0,6.5,4.5,7.0,27.0,25.0,55.0,57.0,2000.0,cloudy skies,very bright,light shade,very bright,medium (50-150 cm),medium (50-150 cm),"medium, light, organic","medium, light, organic",high,moderate,low (<4 dS/m),low (<4 dS/m),well (dry spells),well (dry spells),-30,0.0,,"subtropical humid (Cf), subtropical dry summer (Cs), subtropical dry winter (Cw), temperate oceanic (Do), temperate continental (Dc)",,,,,150.0,180.0,original_rule,edible_flag,high,Actinidia arguta cordifolia; Actinidia arguta rufa; Arctic Beauty; Hardy kiwi; Issai; Ken's Red; Meader,7,,fruiting,0,,0,0
PP:191,both,cyperus esculentus,exact_scientific_name,high,191.0,Plant,https://permapeople.org/plants/cyperus-esculentus-tiger-nut,Cyperus esculentus,Tiger nut,Cyperaceae,Perennial,8-10,8.0,10.0,0.9,Fast,Herbs,1.0,"Leaves, Root","Oil, Coffee","oil, Weaving material",1.0,0.0,0.0,0.0,0.0,1.0,1.0,1.0,1.0,1.0,root_crop,1.0,Layer or Edible parts indicates Root/Tuber,5158,Cyperus esculentus,L.,Liliopsida:Commelinidae:Cyperales:Cyperaceae,,"tiger nut, Zulu nut",herb,erect,perennial,,"roots/tubers, weed",,14.0,26.0,4.0,30.0,500.0,1000.0,300.0,1700.0,5.0,7.0,4.5,7.5,,,,,2000.0,very bright,clear skies,very bright,light shade,shallow (20-50 cm),shallow (20-50 cm),"medium, light","heavy, medium, light",low,low,low (<4 dS/m),low (<4 dS/m),"poorly (saturated >50% of year), well (dry spells)","poorly (saturated >50% of year), well (dry spells)",-2,-1.0,"short day (<12 hours), neutral day (12-14 hours), long day (>14 hours)","tropical wet & dry (Aw), tropical wet (Ar), steppe or semiarid (Bs), subtropical humid (Cf), subtropical dry summer (Cs), subtropical dry winter (Cw), temperate oceanic (Do), temperate continental (Dc), temperate with humid winters (Df), temperate with dry winters (Dw), boreal (E)",,,can become a weed,,90.0,120.0,original_rule,edible_flag,high,Tiger nut; sativus,2,,root,0,,0,0
PP:192,both,chenopodium quinoa,exact_scientific_name,high,192.0,Plant,https://permapeople.org/plants/chenopodium-quinoa-quinoa,Chenopodium quinoa,Quinoa,Chenopodiaceae,Annual,10-12,10.0,12.0,1.5,Fast,Herbs,1.0,"Leaves, Seed",,"Dye, Soap",1.0,0.0,0.0,0.0,0.0,1.0,0.0,1.0,1.0,1.0,vegetable,1.0,Edible parts contains Leaves/Stem/Flowers,2509,Chenopodium quinoa,Willd.,Magnoliopsida:Caryophyllidae:Caryophyllales:Chenopodiaceae,,"quinoa, quinua, kiuna, jiura, quinhua, suba",herb,erect,annual,,"cereals & pseudocereals, forage/pasture, vegetables, medicinals & aromatic",grown on small scale,14.0,18.0,2.0,35.0,500.0,1000.0,250.0,2600.0,5.5,8.0,4.5,9.5,,,30.0,40.0,4000.0,very bright,clear skies,very bright,cloudy skies,medium (50-150 cm),shallow (20-50 cm),"heavy, medium, light","heavy, medium, light",moderate,low,low (<4 dS/m),medium (4-10 dS/m),well (dry spells),well (dry spells),-8,-8.0,"short day (<12 hours), neutral day (12-14 hours), long day (>14 hours)","tropical wet & dry (Aw), desert or arid (Bw), steppe or semiarid (Bs), subtropical dry summer (Cs), temperate oceanic (Do), temperate continental (Dc), temperate with humid winters (Df), temperate with dry winters (Dw)",,,,,90.0,240.0,original_rule,edible_flag,high,Quinoa,1,,leafy_herb,0,,0,0
PP:193,both,foeniculum vulgare,exact_scientific_name,high,193.0,Plant,https://permapeople.org/plants/foeniculum-vulgare-fennel,Foeniculum vulgare,Fennel,Apiaceae or umbelliferae,Perennial,4-9,4.0,9.0,1.5,,Herbs,1.0,"Flowers, Leaves, Root, Seed, Stem","Oil, Condiment, Drink, Tea","Dye, Essential Oil, oil, Strewing, Dynamic accumulator, Fragrance",1.0,0.0,0.0,0.0,1.0,1.0,0.0,1.0,1.0,1.0,root_crop,1.0,Layer or Edible parts indicates Root/Tuber,1107,Foeniculum vulgare,Mill.,Magnoliopsida:Rosidae:Apiales:Umbelliferae,"Anethum foeniculum L., Foeniculum officinale All., Foeniculum capillaceum Gilib., Meum foeniculum Spreng.","fennel, sweet fennel, fennel seed, fenouil sucre, fenouil, Fenchel, vinkel, saunf, badian, raz, hinojo, faenkål, shamar, venkel, finocchio, Aetheroleum foeniculi, Aqua foeniculi, Foeniculi fructus, funcho, fyenkhel', uikyo, hui-hsiang, ensilal, kamuni (Galinya), insilali (Galinya)",herb,erect,"biennial, perennial",single stem,"vegetables, materials, medicinals & aromatic",grown on large scale,15.0,25.0,6.0,32.0,700.0,1500.0,300.0,2600.0,6.5,7.5,4.8,8.2,,,45.0,45.0,2500.0,very bright,very bright,very bright,clear skies,medium (50-150 cm),shallow (20-50 cm),medium,"heavy, medium, light",high,moderate,low (<4 dS/m),low (<4 dS/m),well (dry spells),well (dry spells),-5,-2.0,long day (>14 hours),"tropical wet & dry (Aw), steppe or semiarid (Bs), subtropical dry summer (Cs), temperate oceanic (Do), temperate continental (Dc), temperate with humid winters (Df), temperate with dry winters (Dw)",,,,"home garden, large scale/commercial",30.0,110.0,original_rule,edible_flag,high,Fennel; Fino; Florence Fennel; Mantovano; Sweet Fennel,5,,leafy_herb,0,,1,0
PP:194,both,ruta graveolens,exact_scientific_name,high,194.0,Plant,https://permapeople.org/plants/ruta-graveolens,Ruta graveolens,Ruta graveolens,Rutaceae,,4-10,4.0,10.0,0.5,Medium,Shrubs,1.0,Leaves,"Condiment, Rutin, Tea","Dye, Essential Oil, Strewing, Ground cover, Fragrance",1.0,1.0,0.0,0.0,1.0,1.0,0.0,1.0,1.0,1.0,vegetable,1.0,Edible parts contains Leaves/Stem/Flowers,18352,Ruta graveolens,L.,Magnoliopsida:Rosidae:Sapindales:Rutaceae,,"rue, garden rue, herb of grace, wynruit, binnewortel, Rutae herba",sub-shrub,erect,perennial,multi stem,"ornamentals/turf, medicinals & aromatic",grown on small scale,17.0,26.0,4.0,30.0,500.0,1500.0,300.0,2600.0,6.5,7.5,6.0,8.5,25.0,,45.0,60.0,2000.0,very bright,very bright,cloudy skies,very bright,shallow (20-50 cm),shallow (20-50 cm),light,"medium, light",high,low,low (<4 dS/m),low (<4 dS/m),well (dry spells),"well (dry spells), excessive (dry/moderately dry)",-2,-1.0,short day (<12 hours),"tropical wet & dry (Aw), steppe or semiarid (Bs), subtropical dry summer (Cs), temperate oceanic (Do)",,,,home garden,150.0,365.0,original_rule,edible_flag,high,Ruta graveolens,2,,leafy_herb,0,,1,0
PP:196,both,zea mays,exact_scientific_name,high,196.0,Plant,https://permapeople.org/plants/zea-mays,Zea mays,Sweet corn,Poaceae or gramineae,Annual,2-11,2.0,11.0,2.0,Fast,,1.0,"Pollen, Seed, Stem","Oil, Coffee","Adhesive, Fire starter, oil, textiles",1.0,0.0,0.0,0.0,0.0,1.0,0.0,1.0,1.0,1.0,vegetable,1.0,Edible parts contains Leaves/Stem/Flowers,2175,Zea mays,L.,Liliopsida:Commelinidae:Cyperales:Gramineae,"Zea mays L. ssp. mays, Zea curagua Molina, Zea indentata Sturtev., Zea indurata Sturtev., Zea japonica Van Houtte, Zea saccharata Sturtev.","maize, corn, Mais, maiz, milho, yumi, khao phoat, bekolo, sila, sila nivava lagi, tomorokpshi, makai, makki, koane, fiso, sana, keto (Simbo/Roviana), kon, mielie, mahindi, ekidid (Karamojong), maidis stigmata, mbemba, poone, upfu, hupfu, mbila",grass,erect,annual,single stem,"forage/pasture, vegetables",grown on large scale,18.0,33.0,10.0,47.0,600.0,1200.0,400.0,1800.0,5.0,7.0,4.5,8.5,,,40.0,48.0,4000.0,very bright,very bright,clear skies,very bright,medium (50-150 cm),shallow (20-50 cm),"medium, organic","heavy, medium, light",high,low,low (<4 dS/m),medium (4-10 dS/m),well (dry spells),"well (dry spells), excessive (dry/moderately dry)",,,"short day (<12 hours), neutral day (12-14 hours)","tropical wet & dry (Aw), steppe or semiarid (Bs), subtropical humid (Cf), subtropical dry summer (Cs), subtropical dry winter (Cw), temperate oceanic (Do), temperate continental (Dc), temperate with humid winters (Df), temperate with dry winters (Dw)",,hail,"mono culture may cause erosion problems, can become a weed",,65.0,365.0,original_rule,edible_flag,high,Zea mays; corn; sweet corn,3,,fruiting,1,ذرة,0,0
PP:197,both,cucumis sativus,exact_scientific_name,high,197.0,Plant,https://permapeople.org/plants/cucumis-sativus,Cucumis sativus,Cucumber,Cucurbitaceae,Annual,9-11,9.0,11.0,2.0,,Vines,1.0,"Fruit, Leaves, Seed",Oil,"Cosmetic, oil",1.0,0.0,0.0,0.0,0.0,1.0,0.0,1.0,1.0,1.0,edible_vine,1.0,Layer contains 'Vine(s)' and Edible == true,817,Cucumis sativus,L.,Magnoliopsida:Dilleniidae:Violales:Cucurbitaceae,,"cucumber, gherkin, concombre, huanggua, kiukaba, kukama (Tuvalu), khira, kiukamupa, Kukamba, cetriolo",herb,climber/scrambler/scadent,annual,single stem,"fruits & nuts, vegetables, materials, medicinals & aromatic",grown on large scale,18.0,32.0,6.0,38.0,1000.0,1200.0,400.0,4300.0,6.0,7.5,4.5,8.7,,,40.0,40.0,2000.0,very bright,very bright,very bright,clear skies,medium (50-150 cm),shallow (20-50 cm),"medium, organic","heavy, medium, light",high,moderate,low (<4 dS/m),low (<4 dS/m),well (dry spells),well (dry spells),,,"short day (<12 hours), neutral day (12-14 hours), long day (>14 hours)","tropical wet & dry (Aw), tropical wet (Ar), steppe or semiarid (Bs), subtropical humid (Cf), subtropical dry summer (Cs), subtropical dry winter (Cw), temperate oceanic (Do), temperate continental (Dc), temperate with humid winters (Df), temperate with dry winters (Dw)",,humidity,,"home garden, small scale (manual), large scale/commercial, protected cultivation",40.0,180.0,original_rule,edible_flag,high,Bushy; Cucumis sativus; Marketmore 76; Parisian Gherkin; Spacemaster; Telegraph improved,6,,fruiting,1,خيار,1,0
PP:198,both,solanum melongena,exact_scientific_name,high,198.0,Plant,https://permapeople.org/plants/solanum-melongena,Solanum melongena,Eggplant,Solanaceae,Perennial,8-11,8.0,11.0,1.0,,,1.0,"Fruit, Leaves",,,1.0,0.0,0.0,0.0,0.0,1.0,0.0,1.0,1.0,1.0,fruit,1.0,Edible parts contains 'Fruit' (non-tree layer),1965,Solanum melongena,L.,Magnoliopsida:Asteridae:Solanales:Solanaceae,Solanum melongena esculentum,"eggplant, aubergine, brinjal, badinjan, jew's apple, mad apple, melongene, melanzana, baijani, baigan, beringela, jiloeiro, jilo', gilo', berenjena, paigani, paegani (Tuvalu), gaigani, eiervrug, kathiri (tamil), vazhudhanaikkai (malayalam)",herb,erect,annual,single stem,"vegetables, medicinals & aromatic",grown on large scale,20.0,35.0,9.0,40.0,1200.0,1600.0,800.0,4000.0,5.5,6.8,4.3,8.5,,,,2200.0,50.0,very bright,very bright,very bright,cloudy skies,medium (50-150 cm),medium (50-150 cm),"medium, organic","heavy, medium, light",high,moderate,low (<4 dS/m),low (<4 dS/m),well (dry spells),well (dry spells),,,"short day (<12 hours), neutral day (12-14 hours), long day (>14 hours)","tropical wet & dry (Aw), tropical wet (Ar), desert or arid (Bw), steppe or semiarid (Bs), subtropical humid (Cf), subtropical dry summer (Cs), subtropical dry winter (Cw), temperate oceanic (Do), temperate continental (Dc), temperate with humid winters (Df), temperate with dry winters (Dw)",,,,"home garden, small scale (manual), large scale/commercial, protected cultivation",70.0,120.0,original_rule,edible_flag,high,Solanum melongena,1,,fruiting,1,باذنجان,1,0
PP:199,both,lactuca sativa,species_binomial_inheritance,medium,199.0,Plant,https://permapeople.org/plants/lactuca-sativa,Lactuca sativa,Lettuce,Asteraceae or compositae,"Annual, Biennial",5-9,5.0,9.0,0.9,,Herbs,1.0,"Leaves, Seed",Oil,"Hair, oil, Pest control",1.0,1.0,0.0,0.0,0.0,1.0,0.0,1.0,1.0,0.0,vegetable,1.0,Edible parts contains Leaves/Stem/Flowers,1313,Lactuca sativa var. capitata,L.,Magnoliopsida:Asteridae:Asterales:Compositae,Lactuca sativa,"lettuce, garden lettuce, letisi, head lettuce, cabbage lettuce, butter-head lettuce, crisp-head lettuce, lattuga, lattich",herb,acaulescent (or rosette plants),"annual, biennial",single stem,vegetables,grown on large scale,12.0,21.0,5.0,30.0,1100.0,1400.0,900.0,4100.0,6.0,7.0,4.2,7.5,,,60.0,60.0,3000.0,clear skies,clear skies,very bright,cloudy skies,shallow (20-50 cm),,"medium, light","heavy, medium, light",moderate,low,low (<4 dS/m),low (<4 dS/m),well (dry spells),well (dry spells),-1,0.0,"short day (<12 hours), neutral day (12-14 hours)","tropical wet & dry (Aw), tropical wet (Ar), subtropical humid (Cf), subtropical dry summer (Cs), subtropical dry winter (Cw), temperate oceanic (Do), temperate continental (Dc), temperate with humid winters (Df), temperate with dry winters (Dw)",,,,,35.0,85.0,original_rule,edible_flag,high,Cabbage Lettuce; Catalogna; Celtuce; Cos Lettuce; Cutting Lettuce; Lactuca sativa; Prize head,7,,leafy_herb,1,خس,0,0
PP:200,both,allium cepa,exact_scientific_name,high,200.0,Plant,https://permapeople.org/plants/allium-cepa,Allium cepa,Onion,Alliaceae,Annual,3-9,3.0,9.0,0.6,,Herbs,1.0,"Flowers, Leaves, Root, Seed",,"Cosmetic, Dye, Hair, Polish, Rust",1.0,0.0,0.0,0.0,0.0,1.0,0.0,1.0,1.0,0.0,root_crop,1.0,Layer or Edible parts indicates Root/Tuber,364,Allium cepa,L.,Liliopsida:Liliidae:Asparagales:Alliaceae,"Allium ascalonicum L., Cepa rotunda Dod., Allium esculentum Salisb., Allium porrum cepa Rehb.","onion, potato onion, shallot, echalote, oignon, cebolla, basal, cebola, cipolla, Zwiebel, Küchenzwiebel, lök, rödlök, løg, rødløg, kepaløk, ruokasipuli, ui, ajuin, mózespecsenye, zsidószalonna, hagyma, vöröshagyma, zöldhagyma, újhagyma (green onion), cibule, ceba, cepo, sercajo, spritajo, uinnean, Bulbus Allii Cepae, uie, luk, cebula jadalna, sogan, pias, kremmídi, laukur, yang-ts'ung, chung, cong, ts'ung, chung tau, ts'ung tau, yang ts'ung, tamanegi, atasuki, wakegi, kalik, piaz, piyaz, varosa, key shinkurt, ponoru, pianj, kesunni, kyet-thun-ni, harili sibul, dungari, yarok, batzal, bawang merah, bawang daun, daun bawang (green leaf), nirulli, khtim slek, khtim kraham, phak bouo, bawang daun (green leaf), ulli, kanda, piaja, ayun, peyaz, ceapã, palandu, lunu, kitunguu, sibuyas, irulli, vengayam, ton hom, hua hom, hanh, lasóna",herb,erect,biennial,single stem,"vegetables, medicinals & aromatic",grown on large scale,12.0,25.0,4.0,30.0,350.0,600.0,300.0,2800.0,6.0,7.0,4.3,8.3,25.0,,60.0,60.0,2000.0,clear skies,clear skies,cloudy skies,very bright,medium (50-150 cm),shallow (20-50 cm),"medium, organic","wide, organic",moderate,low,low (<4 dS/m),medium (4-10 dS/m),well (dry spells),well (dry spells),-5,-5.0,"short day (<12 hours), neutral day (12-14 hours), long day (>14 hours)","tropical wet & dry (Aw), tropical wet (Ar), steppe or semiarid (Bs), subtropical humid (Cf), subtropical dry summer (Cs), subtropical dry winter (Cw), temperate oceanic (Do), temperate continental (Dc), temperate with humid winters (Df), temperate with dry winters (Dw)",,,,"home garden, large scale/commercial",85.0,175.0,original_rule,edible_flag,high,Allium cepa; Allium cepa ascalonicum; Onions (bulb); Potato Onion; Red Cipollini; onion; potato onion,7,,root,1,بصل,1,0
PP:201,both,pastinaca sativa,exact_scientific_name,high,201.0,Plant,https://permapeople.org/plants/pastinaca-sativa,Pastinaca sativa,Pastinaca sativa,Apiaceae or umbelliferae,Biennial,4-8,4.0,8.0,1.0,,Roots,1.0,"Leaves, Root, Seed, Shoots",Condiment,Pest control,1.0,1.0,0.0,0.0,0.0,1.0,0.0,1.0,1.0,1.0,root_crop,1.0,Layer or Edible parts indicates Root/Tuber,1642,Pastinaca sativa,L.,Magnoliopsida:Rosidae:Apiales:Umbelliferae,,"parsnip, panais, pastinak",herb,acaulescent (or rosette plants),"annual, biennial",single stem,vegetables,grown on small scale,15.0,21.0,5.0,25.0,500.0,800.0,300.0,1100.0,6.0,6.8,5.8,8.3,37.0,35.0,60.0,62.0,1500.0,very bright,clear skies,very bright,cloudy skies,deep (>>150 cm),medium (50-150 cm),medium,"heavy, medium, light",high,moderate,low (<4 dS/m),low (<4 dS/m),well (dry spells),well (dry spells),-5,-1.0,"short day (<12 hours), neutral day (12-14 hours), long day (>14 hours)","steppe or semiarid (Bs), temperate oceanic (Do), temperate continental (Dc), temperate with humid winters (Df), temperate with dry winters (Dw)",,,,"home garden, small scale (manual)",80.0,150.0,original_rule,edible_flag,high,Harris model; Hollow Crown; Parsnip; Pastinaca sativa; Tender and True,5,,leafy_herb,0,,1,0
PP:203,both,fragaria ananassa,exact_scientific_name,high,203.0,Plant,https://permapeople.org/plants/fragaria-x-ananassa-strawberry,Fragaria × ananassa,Strawberry,Rosaceae,Perennial,4-8,4.0,8.0,0.3,,Herbs,1.0,"Fruit, Leaves",,Ground cover,1.0,1.0,0.0,0.0,0.0,1.0,0.0,1.0,1.0,1.0,berry,1.0,Common name contains 'berry' and Edible parts contains 'Fruit',1112,Fragaria x ananassa,(Duchesne) Guédes,Magnoliopsida:Rosidae:Rosales:Rosaceae,"Fragaria chiloensis (L.) P. Miller x Fragaria virginiana P. Miller (1750), Fragaria ananassa Duchesne (1766), Fragaria vesca L. race ananassa Duchesne (1766)","strawberry, dessert strawberry, garden strawberry, fraise, fraisier ananas, erdbeere, morango, morangueiro de cultura, fresa, arben, stroboeri, dâu tây, jordbær, jordgubbe, tarhamansikka",herb,acaulescent (or rosette plants),perennial,single stem,fruits & nuts,grown on large scale,11.0,24.0,6.0,28.0,600.0,900.0,300.0,1700.0,6.0,6.8,4.5,8.2,,,,,2000.0,very bright,clear skies,very bright,clear skies,shallow (20-50 cm),shallow (20-50 cm),"medium, organic","heavy, medium, light",moderate,moderate,low (<4 dS/m),low (<4 dS/m),well (dry spells),well (dry spells),,,"short day (<12 hours), neutral day (12-14 hours), long day (>14 hours)","tropical wet & dry (Aw), steppe or semiarid (Bs), subtropical humid (Cf), subtropical dry summer (Cs), subtropical dry winter (Cw), temperate oceanic (Do), temperate continental (Dc), temperate with humid winters (Df), temperate with dry winters (Dw)",,,,"home garden, large scale/commercial",180.0,270.0,original_rule,edible_flag,high,Strawberry,1,,fruiting,1,فراولة,1,0
PP:204,both,anethum graveolens,exact_scientific_name,high,204.0,Plant,https://permapeople.org/plants/anethum-graveolens,Anethum graveolens,Dill,Apiaceae or umbelliferae,Annual,2-11,2.0,11.0,0.8,Medium,Herbs,1.0,"Leaves, Seed","Condiment, Tea","Essential Oil, Pest control, Fragrance",1.0,0.0,0.0,0.0,0.0,1.0,0.0,1.0,1.0,0.0,herb,1.0,Layer contains 'Herbs' and Edible uses contains Condiment/Tea,2192,Anethum graveolens,L.,Magnoliopsida:Rosidae:Apiales:Umbelliferae,"Peucedanum graveolens (L.) Hiern., Anethum sowa Roxb. ex J. Fleming, Peucedanum graveolens (L.) Benth.","dill, garden dill, East Indian dill, aneth, eneldo, shibith, dille, aneto, funcho bastardo, endro, ukrop, shih-lo, Anethi folium, Anethi fructus, Aetheroleum anethi fructus, Aetheroleum anethi herba",herb,erect,"annual, biennial",multi stem,medicinals & aromatic,grown on small scale,15.0,18.0,6.0,26.0,800.0,1200.0,500.0,1700.0,6.0,7.0,5.0,8.0,20.0,,40.0,60.0,2000.0,clear skies,clear skies,clear skies,light shade,shallow (20-50 cm),shallow (20-50 cm),medium,"heavy, medium, light",high,moderate,low (<4 dS/m),low (<4 dS/m),well (dry spells),well (dry spells),-2,0.0,long day (>14 hours),"tropical wet & dry (Aw), steppe or semiarid (Bs), subtropical dry summer (Cs), temperate oceanic (Do), temperate continental (Dc), temperate with humid winters (Df), temperate with dry winters (Dw), boreal (E)",,,,,100.0,180.0,original_rule,edible_flag,high,Anethum graveolens,1,,leafy_herb,1,شبت,0,0
PP:205,permapeople_only,brassica oleracea,ecocrop_only,,205.0,Plant,https://permapeople.org/plants/brassica-oleracea-italica-broccoli,Brassica oleracea italica,Cabbage,Brassicaceae or Cruciferae,"Annual, Biennial",2-11,2.0,11.0,0.9,Fast,Herbs,1.0,"Flowers, Leaves, Shoots",,Companion,1.0,1.0,0.0,0.0,0.0,1.0,0.0,1.0,1.0,1.0,vegetable,1.0,Edible parts contains Leaves/Stem/Flowers,553,Brassica oleracea var. botrytis,L. [L.],Magnoliopsida:Dilleniidae:Capparales:Cruciferae,"Brassica botrytis Miller, Brassica oleracea var botrytis cauliflora","cauliflower, chou fleur (French), coliflor (Spanish), cavolfiore (Italian), broccoli, heading broccoli, brocoli (French), broccoli (Italian), brocoli (Spanish)",herb,erect,biennial,single stem,vegetables,grown on small scale,10.0,25.0,5.0,30.0,600.0,1100.0,450.0,1900.0,6.0,7.0,5.5,8.5,30.0,10.0,55.0,60.0,2000.0,cloudy skies,cloudy skies,very bright,light shade,deep (>>150 cm),shallow (20-50 cm),medium,"heavy, medium, light",high,moderate,low (<4 dS/m),low (<4 dS/m),well (dry spells),well (dry spells),-5,-5.0,"short day (<12 hours), neutral day (12-14 hours), long day (>14 hours)","tropical wet & dry (Aw), tropical wet (Ar), steppe or semiarid (Bs), subtropical humid (Cf), subtropical dry summer (Cs), subtropical dry winter (Cw), temperate oceanic (Do), temperate continental (Dc), temperate with humid winters (Df), temperate with dry winters (Dw), boreal (E)",,,,"home garden, small scale (manual)",60.0,120.0,original_rule,edible_flag,high,Broccoli; Brussel Sprouts; Brussels sprouts; Cabbage; Calabrese; Caraflex; Cauliflower; Chinese; Chinese Kale; Couve Tronchuda; Curly; Curly Kale; Early purple sprouting; Gai lan; Golden acre; January King; Jersey Kale; Kale; Kohlrabi; Lacinato; Langedijker Bewaar; Liria F1; Marrow-Stem Kale; Nine Star Perennial Broccoli; Northstar Polaris; Perpetual Kale; Red russian; Redbor; Savoy cabbage; Scotch; Siberian; Taunton Deane Kale; Westlandse Winter; Wild Cabbage; broccoli; cabbage; cauliflower; thousand head kale,39,,leafy_herb,1,ملفوف,1,0
PP:206,both,coriandrum sativum,exact_scientific_name,high,206.0,Plant,https://permapeople.org/plants/coriandrum-sativum,Coriandrum sativum,Coriander,Apiaceae or Umbelliferae,Annual,2-11,2.0,11.0,0.5,,Herbs,1.0,"Leaves, Seed","Oil, Condiment","Essential Oil, Fire starter, antifungal, Pest control, oil, Fragrance",1.0,1.0,0.0,0.0,1.0,1.0,0.0,1.0,1.0,0.0,herb,1.0,Layer contains 'Herbs' and Edible uses contains Condiment/Tea,784,Coriandrum sativum,L.,Magnoliopsida:Rosidae:Apiales:Umbelliferae,"Coriandrum majus, Coriandrum diversifolium, Coriandrum globosum, Coriandrum melphitense, Selinum coriandrum, Coriandrum sativum L.","coriander, collender, Chinese parsley, coriandro, cilantro, cilandrio, culantro, curatù, coriandre, dhania, koriander, cigánypetrezselyem, beléndfû, zergefû, kusthumbari, dhanayaka, dembilal, koriandr, kinza, geshnes, ngo, coriandolo, kuzbara, chamem, yan sui, xiang cai, hu sui, kindza, kindz, koriannon, korion, dhanya, koendoro, ketumbar, kolendra, coentro, coriandru, koljandra, kisnec, vonjucee zel'e, klopovnik, Wanzendill, Schwindelkorn, korijander, persil arabe, kisnis, dhane, kothmiri, konphir, libdhane, kothambri, kothmiri bija, daaniwal, kothambalari, kothumpkalari bija, kothumpalari, dhana, kothimber, kothamali, dhaniyalu, debo, shucar, tsagha, zagda, tibichota, kazbarah, dhoney, nan nan zee, nan nan bin, naunau, fan yan sui, ketoembar, Indian parsley, koriandro, aedkoriander, korianteri, punaise mâle, coireiman, lus a choire, Wanzenkümmel, Chinesische Petersilie, Indische Petersilie, hara dhania, daun ketumbar, koyendoro, havija, kambari, phak hom pom, kottamalli, gishniiz, gashneez, kolendra",herb,erect,annual,,"vegetables, materials, medicinals & aromatic",grown on large scale,15.0,25.0,4.0,32.0,500.0,1400.0,300.0,2600.0,5.5,7.5,4.0,8.0,30.0,,50.0,60.0,2200.0,clear skies,clear skies,very bright,cloudy skies,medium (50-150 cm),shallow (20-50 cm),medium,"heavy, medium, light",high,moderate,low (<4 dS/m),low (<4 dS/m),well (dry spells),well (dry spells),-10,0.0,"short day (<12 hours), neutral day (12-14 hours), long day (>14 hours)","tropical wet & dry (Aw), steppe or semiarid (Bs), subtropical dry summer (Cs), temperate oceanic (Do), temperate continental (Dc)",,,,,35.0,140.0,original_rule,edible_flag,high,Coriandrum sativum; Slo bolt,2,,leafy_herb,1,كزبرة,0,0
PP:209,both,allium ampeloprasum,exact_scientific_name,high,209.0,Plant,https://permapeople.org/plants/allium-ampeloprasum,Allium ampeloprasum,Allium ampeloprasum,Alliaceae,,5-9,5.0,9.0,1.8,,Herbs,1.0,"Flowers, Leaves, Root",,,1.0,0.0,0.0,0.0,1.0,1.0,0.0,1.0,1.0,1.0,root_crop,1.0,Layer or Edible parts indicates Root/Tuber,363,Allium ampeloprasum,L.,Liliopsida:Liliidae:Asparagales:Alliaceae,,"wild leek, vine leek, Levant garlic, alho porro bravo, liiki",herb,erect,"annual, biennial",single stem,vegetables,grown on large scale,18.0,24.0,6.0,27.0,750.0,1000.0,350.0,2800.0,6.0,6.5,4.5,7.5,,,60.0,60.0,1000.0,clear skies,clear skies,very bright,cloudy skies,medium (50-150 cm),shallow (20-50 cm),"medium, organic","heavy, medium, light",high,low,low (<4 dS/m),low (<4 dS/m),well (dry spells),well (dry spells),-5,-5.0,long day (>14 hours),"tropical wet & dry (Aw), tropical wet (Ar), steppe or semiarid (Bs), subtropical humid (Cf), subtropical dry summer (Cs), subtropical dry winter (Cw), temperate oceanic (Do), temperate continental (Dc), temperate with humid winters (Df), temperate with dry winters (Dw)",,,,,120.0,150.0,original_rule,edible_flag,high,Allium ampeloprasum; Babington's Leek,2,,leafy_herb,0,,0,0
PP:210,both,raphanus sativus,exact_scientific_name,high,210.0,Plant,https://permapeople.org/plants/raphanus-sativus,Raphanus sativus,Radish,Brassicaceae or cruciferae,Annual,2-11,2.0,11.0,0.5,Fast,Roots,1.0,"Flowers, Leaves, Root, Seed, Seedpod",Oil,"Animal feed, Cover crop, oil",1.0,1.0,0.0,0.0,0.0,1.0,0.0,1.0,1.0,1.0,root_crop,1.0,Layer or Edible parts indicates Root/Tuber,1839,Raphanus sativus,Bailey,Magnoliopsida:Dilleniidae:Capparales:Cruciferae,Raphanus radicula Pers.,"radish, Japanese radish, leafy daikon, daikon",herb,erect,annual,multi stem,"roots/tubers, vegetables",grown on small scale,12.0,26.0,10.0,37.0,1000.0,1500.0,800.0,2800.0,6.0,7.0,4.3,8.3,,,,,2000.0,clear skies,clear skies,very bright,cloudy skies,deep (>>150 cm),medium (50-150 cm),"medium, light","heavy, medium, light",high,low,low (<4 dS/m),low (<4 dS/m),well (dry spells),well (dry spells),,,"short day (<12 hours), neutral day (12-14 hours), long day (>14 hours)","tropical wet & dry (Aw), tropical wet (Ar), subtropical humid (Cf), subtropical dry summer (Cs), subtropical dry winter (Cw)",,,,"home garden, small scale (manual)",50.0,80.0,original_rule,edible_flag,high,Fodder Radish; French Breakfast 2; French Breakfast 3; Oriental Radish; Purple Plum; Raphanus sativus; Rat-Tail Radish; Rudi; fodder radish; radish,10,,root,1,فجل,1,0
PP:212,both,anthriscus cerefolium,exact_scientific_name,high,212.0,Plant,https://permapeople.org/plants/anthriscus-cerefolium,Anthriscus cerefolium,Anthriscus cerefolium,Apiaceae or umbelliferae,Biennial,6-9,6.0,9.0,0.5,,,1.0,"Leaves, Root",Condiment,Fragrance,1.0,1.0,0.0,1.0,0.0,1.0,0.0,1.0,1.0,1.0,root_crop,1.0,Layer or Edible parts indicates Root/Tuber,3265,Anthriscus cerefolium,(L.) Hoffm.,Magnoliopsida:Rosidae:Apiales:Umbelliferae,,"chervil, cerafolio, cerfeuil, kerbel, koervel, kørvel, maqdunis afranji, kervel, cerfoglio, cerefolho, kervel', san-lo-po",herb,,annual,,,,7.0,21.0,4.0,25.0,600.0,1100.0,450.0,1300.0,6.0,7.0,5.5,8.2,40.0,40.0,55.0,55.0,,cloudy skies,light shade,cloudy skies,heavy shade,medium (50-150 cm),shallow (20-50 cm),"heavy, medium, light","heavy, medium, light",moderate,moderate,low (<4 dS/m),low (<4 dS/m),well (dry spells),well (dry spells),,,long day (>14 hours),"steppe or semiarid (Bs), temperate oceanic (Do)",,,,,60.0,95.0,original_rule,edible_flag,high,Anthriscus cerefolium,1,,leafy_herb,0,,0,0
PP:213,both,vitis vinifera,exact_scientific_name,high,213.0,Plant,https://permapeople.org/plants/vitis-vinifera-common-grape-vine,Vitis vinifera,Grape,Vitaceae,Perennial,6-10,6.0,10.0,,Fast,Vines,1.0,"Flowers, Fruit, Leaves, Seed",Oil,,1.0,1.0,0.0,0.0,1.0,1.0,0.0,1.0,1.0,1.0,edible_vine,1.0,Layer contains 'Vine(s)' and Edible == true,2160,Vitis vinifera,L.,Magnoliopsida:Rosidae:Rhamnales:Vitaceae,,"grape, raisin, grappe, uva, videira, vinha, vindrue, buah anggur, auggut, ubas, sa-pyit, tra pèang baay chum, angunx, artgun, nho, Traube, Weintraube, Vitis viniferae folium, enab, vite","vine, shrub",climber/scrambler/scadent,perennial,"deciduous, single stem","fruits & nuts, medicinals & aromatic",grown on large scale,18.0,30.0,10.0,38.0,700.0,850.0,400.0,1200.0,5.5,7.5,4.5,8.5,20.0,,45.0,50.0,2000.0,very bright,very bright,very bright,clear skies,deep (>>150 cm),shallow (20-50 cm),"medium, organic","heavy, medium, light",moderate,low,low (<4 dS/m),medium (4-10 dS/m),well (dry spells),well (dry spells),-20,-3.0,"short day (<12 hours), neutral day (12-14 hours)","tropical wet & dry (Aw), steppe or semiarid (Bs), subtropical dry summer (Cs), temperate oceanic (Do), temperate continental (Dc)",,humidity,,large scale/commercial,160.0,270.0,original_rule,edible_flag,high,Cabernet Franc; Catawba; Chardonnay; Common Grape Vine; Concord; Corot Noir; Diamond; Frontenac; Isabella; Marquette; Niagara; Noiret; Pinot Noir; Riesling; Traminette; Vidal Blanc,16,,fruit_tree,1,عنب,0,0
PP:214,both,mentha pulegium,exact_scientific_name,high,214.0,Plant,https://permapeople.org/plants/mentha-pulegium,Mentha pulegium,Mentha pulegium,Lamiaceae or labiatae,Perennial,6-9,6.0,9.0,0.4,,Herbs,1.0,Leaves,"Condiment, Tea","Cleanser, Essential Oil, Fragrance, Strewing, Ground cover",1.0,1.0,0.0,0.0,0.0,1.0,0.0,1.0,1.0,1.0,herb,1.0,Layer contains 'Herbs' and Edible uses contains Condiment/Tea,7707,Mentha pulegium,L.,Magnoliopsida:Asteridae:Lamiales:Labiatae,,,herb,,perennial,,"materials, medicinals & aromatic",grown on small scale,13.0,22.0,6.0,27.0,500.0,800.0,300.0,1100.0,6.5,7.5,5.0,8.3,,,,,,very bright,very bright,very bright,cloudy skies,shallow (20-50 cm),shallow (20-50 cm),light,"medium, light",high,moderate,low (<4 dS/m),low (<4 dS/m),well (dry spells),well (dry spells),,,long day (>14 hours),"steppe or semiarid (Bs), subtropical dry summer (Cs), temperate oceanic (Do), temperate continental (Dc), temperate with humid winters (Df), temperate with dry winters (Dw)",,,,,120.0,180.0,original_rule,edible_flag,high,Mentha pulegium,1,,leafy_herb,0,,0,0
PP:215,both,satureja hortensis,exact_scientific_name,high,215.0,Plant,https://permapeople.org/plants/satureja-hortensis,Satureja hortensis,Satureja hortensis,Lamiaceae,Annual,5-9,5.0,9.0,0.3,,,1.0,"Leaves, Shoots","Condiment, Tea","Essential Oil, Dynamic accumulator, Fragrance",1.0,0.0,0.0,0.0,1.0,1.0,0.0,1.0,1.0,0.0,vegetable,1.0,Edible parts contains Leaves/Stem/Flowers,9582,Satureja hortensis,L.,Magnoliopsida:Asteridae:Lamiales:Labiatae,,"summer savory, savory leaves, savory, sarriette, Bohnenkraut, ajedrea, kyndel, nadgh, bonenkruid, santoreggia, segurelha, chabyor, hsiang po ho, Saturejae herba, Aetheroleum saturejae",herb,erect,annual,,medicinals & aromatic,"grown on large scale, grown on small scale",20.0,26.0,14.0,30.0,500.0,800.0,300.0,1300.0,6.0,7.0,5.5,8.2,30.0,20.0,50.0,60.0,,very bright,very bright,very bright,clear skies,shallow (20-50 cm),shallow (20-50 cm),medium,medium,high,moderate,low (<4 dS/m),low (<4 dS/m),well (dry spells),well (dry spells),,,"short day (<12 hours), neutral day (12-14 hours), long day (>14 hours)","steppe or semiarid (Bs), subtropical dry summer (Cs), temperate oceanic (Do), temperate continental (Dc), temperate with humid winters (Df), temperate with dry winters (Dw)",,,,"home garden, large scale/commercial",100.0,160.0,original_rule,edible_flag,high,Satureja hortensis,1,,leafy_herb,0,,1,0
PP:216,both,satureja montana,exact_scientific_name,high,216.0,Plant,https://permapeople.org/plants/satureja-montana,Satureja montana,Satureja montana,Lamiaceae or labiatae,,6-11,6.0,11.0,0.4,Medium,Shrubs,1.0,Leaves,"Condiment, Tea","Companion, Essential Oil, Dynamic accumulator, Ground cover, Fragrance",1.0,0.0,0.0,0.0,1.0,1.0,0.0,1.0,1.0,0.0,vegetable,1.0,Edible parts contains Leaves/Stem/Flowers,9584,Satureja montana,L.,Magnoliopsida:Asteridae:Lamiales:Labiatae,,,shrub,erect,perennial,multi stem,"ornamentals/turf, medicinals & aromatic",,13.0,30.0,6.0,40.0,1000.0,1400.0,700.0,1700.0,6.5,7.0,6.0,7.5,25.0,25.0,50.0,50.0,1000.0,very bright,clear skies,very bright,cloudy skies,shallow (20-50 cm),shallow (20-50 cm),light,"medium, light",moderate,low,low (<4 dS/m),low (<4 dS/m),well (dry spells),well (dry spells),-30,-1.0,short day (<12 hours),"subtropical dry summer (Cs), temperate oceanic (Do), temperate continental (Dc), temperate with humid winters (Df), temperate with dry winters (Dw)",,,,,210.0,270.0,original_rule,edible_flag,high,Satureja montana,1,,leafy_herb,0,,0,0
PP:217,both,urtica dioica,exact_scientific_name,high,217.0,Plant,https://permapeople.org/plants/urtica-dioica,Urtica dioica,Urtica dioica,Urticaceae,Perennial,3-10,3.0,10.0,1.2,Fast,Herbs,1.0,"Leaves, Shoots","Oil, Colouring, Curdling agent, Drink","Biomass, Compost, Dye, Fiber, Hair, Animal feed, oil, Waterproofing, Dynamic accumulator",1.0,1.0,0.0,0.0,0.0,1.0,0.0,1.0,1.0,1.0,vegetable,1.0,Edible parts contains Leaves/Stem/Flowers,10679,Urtica dioica,L.,Magnoliopsida:Dilleniidae:Urticales:Urticaceae,,"nettle, ortie, brennessel, ortica",herb,"erect, prostrate/procumbent/semi-erect",perennial,"deciduous, multi stem","vegetables, materials, medicinals & aromatic",,12.0,22.0,8.0,28.0,600.0,2000.0,450.0,2400.0,7.0,8.5,6.5,9.0,22.0,20.0,68.0,70.0,2500.0,cloudy skies,very bright,light shade,very bright,medium (50-150 cm),shallow (20-50 cm),"heavy, medium, organic","heavy, medium, light, wide, organic",high,moderate,,,well (dry spells),well (dry spells),-25,0.0,,"tropical wet & dry (Aw), subtropical humid (Cf), subtropical dry summer (Cs), temperate oceanic (Do), temperate continental (Dc), boreal (E)",,,,,0.0,0.0,original_rule,edible_flag,high,Urtica dioica,1,,leafy_herb,0,,0,0
PP:220,both,capsicum annuum,species_binomial_inheritance,medium,220.0,Plant,https://permapeople.org/plants/capsicum-annuum-cv-jalapeno-jalapeno-chili,Capsicum annuum cv. 'Jalapeño',Pepper,Solanaceae,Annual,10-11,10.0,11.0,1.0,Medium,Herbs,1.0,"Flowers, Fruit, Leaves","Colouring, Condiment",Companion,0.0,0.0,0.0,0.0,0.0,0.0,0.0,0.0,0.0,0.0,vegetable,1.0,"Provisional from ecocrop_category (vegetable), no edible evidence in record",618,Capsicum annuum,L.,Magnoliopsida:Asteridae:Solanales:Solanaceae,"Capsicum annuum var. acuminatum Fingerh., Capsicum longum DC.","sweet pepper, chili pepper, green pepper, lajiao, pimenton, poivre de Guinee, paprika, spansk peppar, spaanse peper, peperone, pimentao, struchkovy pyerets, togarashi, hsiung-ya-li-chiao, filfil ahmar, polo papalagi, polo ula",herb,erect,annual,,"vegetables, medicinals & aromatic",grown on large scale,17.0,30.0,8.0,35.0,600.0,1250.0,500.0,1700.0,5.5,6.8,4.5,7.0,,,50.0,50.0,3000.0,very bright,very bright,very bright,cloudy skies,medium (50-150 cm),medium (50-150 cm),"medium, organic","medium, light",moderate,moderate,low (<4 dS/m),medium (4-10 dS/m),well (dry spells),well (dry spells),,,"short day (<12 hours), neutral day (12-14 hours)","tropical wet & dry (Aw), tropical wet (Ar), subtropical humid (Cf), subtropical dry summer (Cs), subtropical dry winter (Cw)",,,,"home garden, large scale/commercial, protected cultivation",60.0,180.0,ecocrop_backfill,edible_flag,high,Alma paprika; Ausilio thin skin Italian; Bell Pepper; Birds eye; Black Hungarian; Bulgarian carrot; Capsicum Annuum Grossum; Chervena Chushka; Chili; Chocolate cake; Golden treasure; Hungarian Hot Wax; Jalapeño Chili; Jimmy Nardello's; King of the North; Marconia red; Miniature yellow bell; Napoleon sweet; NuMex Twilight; Orange Sun; Pequin; Red field; Sheepnose pimento; Tolli's sweet Italian; Wisconsin Lakes,25,,fruiting,1,فلفل,1,0
PP:221,both,capsicum pubescens,exact_scientific_name,high,221.0,Plant,https://permapeople.org/plants/capsicum-pubescens,Capsicum pubescens,Capsicum pubescens,Solanaceae,Perennial,8-11,8.0,11.0,3.0,,,1.0,Fruit,Condiment,,1.0,0.0,0.0,0.0,0.0,1.0,0.0,1.0,1.0,1.0,fruit,1.0,Edible parts contains 'Fruit' (non-tree layer),4183,Capsicum pubescens,Ruiz & Pav.,Magnoliopsida:Asteridae:Solanales:Solanaceae,,,herb,erect,perennial,,vegetables,grown on small scale,15.0,24.0,7.0,32.0,600.0,1250.0,500.0,1500.0,6.0,6.5,5.5,7.3,,,20.0,45.0,2900.0,very bright,very bright,very bright,clear skies,medium (50-150 cm),shallow (20-50 cm),"heavy, medium","heavy, medium, light",high,moderate,low (<4 dS/m),low (<4 dS/m),well (dry spells),well (dry spells),,,"short day (<12 hours), neutral day (12-14 hours), long day (>14 hours)","tropical wet & dry (Aw), tropical wet (Ar), subtropical humid (Cf), subtropical dry summer (Cs), subtropical dry winter (Cw), temperate oceanic (Do), temperate continental (Dc), temperate with humid winters (Df), temperate with dry winters (Dw)",,,,,150.0,210.0,original_rule,edible_flag,high,Capsicum pubescens,1,,fruiting,0,,0,0
PP:232,both,capsicum chinense,species_binomial_inheritance,medium,232.0,Plant,https://permapeople.org/plants/capsicum-chinense-habanero-group-habanero,Capsicum chinense Habanero Group,Habanero,Solanaceae,,10-12,10.0,12.0,1.5,Fast,Shrubs,1.0,Fruit,Condiment,,0.0,0.0,0.0,0.0,0.0,0.0,0.0,0.0,0.0,0.0,vegetable,1.0,"Provisional from ecocrop_category (vegetable), no edible evidence in record",4178,Capsicum chinense,Jacq.,Magnoliopsida:Asteridae:Solanales:Solanaceae,,,herb,erect,annual,single stem,vegetables,,20.0,26.0,15.0,32.0,600.0,1250.0,500.0,1500.0,6.0,6.5,5.3,7.0,20.0,20.0,30.0,30.0,,very bright,very bright,very bright,clear skies,medium (50-150 cm),shallow (20-50 cm),"heavy, medium","heavy, medium, light",high,moderate,low (<4 dS/m),low (<4 dS/m),well (dry spells),well (dry spells),,,"short day (<12 hours), neutral day (12-14 hours), long day (>14 hours)","tropical wet & dry (Aw), tropical wet (Ar)",,,,,120.0,150.0,ecocrop_backfill,edible_flag,high,Bonnet Pepper; Habanero,2,,fruiting,0,,0,0
PP:233,both,abelmoschus esculentus,exact_scientific_name,high,233.0,Plant,https://permapeople.org/plants/abelmoschus-esculentus,Abelmoschus esculentus,Okra,Malvaceae,"Annual, Perennial",5-11,5.0,11.0,1.0,,Herbs,1.0,"Fruit, Leaves, Root, Seed","Oil, Coffee, Pectin","Fiber, oil, textiles, Pectin",1.0,0.0,0.0,0.0,0.0,1.0,0.0,1.0,1.0,1.0,root_crop,1.0,Layer or Edible parts indicates Root/Tuber,289,Abelmoschus esculentus,(L.) Moench,Magnoliopsida:Dilleniidae:Malvales:Malvaceae,Hibiscus esculentus L.,"abelmoskus, america-neri, bakhua mun, bamia, bamija, bamya, bandakai, bende', bhindee, bhindi, bindi, bumbo, bunga depros, calulu', cantarella, chaucha turca, dâu bap, Eibisch, frutto d‚ibisco, gobbo, gombaut, gombo, Gombro, haluyoy, huang qiu kui, ibisco, kacang bendi, kacang lender, kembang dapros, ketmie comestible, kopi arab, krachiap man, krachiapkhieo, lady fingers, lady's finger, mesta, ocra, okay, oker, okra, okro, okura, quiabo, quimbambo, quimgombó, quingombo, ramturai, rosenapfel, saluyota bunga, sayur bendi, tori, tuah lek, vendakai, yong kok dau",herb,erect,annual,single stem,vegetables,grown on large scale,20.0,30.0,12.0,35.0,600.0,1200.0,300.0,2500.0,5.5,7.0,4.5,8.7,,,35.0,40.0,1000.0,clear skies,clear skies,very bright,cloudy skies,shallow (20-50 cm),shallow (20-50 cm),"heavy, medium, light, organic","heavy, medium, light",high,moderate,low (<4 dS/m),low (<4 dS/m),well (dry spells),well (dry spells),,,short day (<12 hours),"tropical wet & dry (Aw), tropical wet (Ar), steppe or semiarid (Bs), subtropical humid (Cf), subtropical dry summer (Cs), subtropical dry winter (Cw)",,,,,50.0,180.0,original_rule,edible_flag,high,Abelmoschus esculentus; Clemson spineless,2,,fruiting,1,بامية,0,0
PP:236,both,passiflora edulis,exact_scientific_name,high,236.0,Plant,https://permapeople.org/plants/passiflora-edulis,Passiflora edulis,Passiflora edulis,Passifloraceae,Perennial,9-12,9.0,12.0,9.0,Fast,Vines,1.0,Fruit,"Oil, Drink, Sweetener","Fencing, oil, Fragrance",1.0,0.0,0.0,0.0,0.0,1.0,0.0,1.0,1.0,1.0,edible_vine,1.0,Layer contains 'Vine(s)' and Edible == true,1633,Passiflora edulis,Sims,Magnoliopsida:Dilleniidae:Violales:Passifloraceae,,"passionfruit, yellow passion fruit, purple passion fruit, sweet cup, granadilla, parcha, parchita, parchita maracuyá, maracuyá púrpura, granadilla china, parcha morada, parcha de monte, curuba redonda, gulupa, ceibey, fruit de la passion, pomme-liane violette, grenadille, couzou, maracujá, maracujá peroba, maracujá comúm, maracujá de comer, maracujá de doce, maracuja' de garapa, maracujá de ponche, maracuja' mirim, maracujá pequeno, maracujá redondo, maracuja' roxo, Passionsfrucht, passionfrukt, passie, buah negeri, buah susu, markisa, pasionaria, maraflora, linmangkon, not, benchawan, chùm bap",vine,climber/scrambler/scadent,perennial,"evergreen, multi stem","fruits & nuts, ornamentals/turf",grown on small scale,20.0,30.0,18.0,34.0,900.0,2000.0,600.0,2500.0,6.0,8.0,5.5,8.5,5.0,,30.0,45.0,1300.0,cloudy skies,clear skies,light shade,very bright,medium (50-150 cm),shallow (20-50 cm),"medium, organic","heavy, medium, light, wide, organic",high,moderate,low (<4 dS/m),low (<4 dS/m),well (dry spells),well (dry spells),-2,-1.0,short day (<12 hours),"tropical wet & dry (Aw), tropical wet (Ar), subtropical humid (Cf), subtropical dry summer (Cs)",,,,,0.0,0.0,original_rule,edible_flag,high,Passiflora edulis,3,,fruiting,0,,0,0
PP:238,both,triticum aestivum,exact_scientific_name,high,238.0,Plant,https://permapeople.org/plants/triticum-aestivum,Triticum aestivum,Triticum aestivum,Poaceae or gramineae,Annual,10-12,10.0,12.0,1.5,,Herbs,1.0,Seed,,"Biomass, Mulch, textiles, Starch",1.0,0.0,0.0,0.0,0.0,1.0,0.0,1.0,1.0,1.0,other_productive,1.0,"Edible == true, no more specific rule matched",2114,Triticum aestivum,L.,Liliopsida:Commelinidae:Cyperales:Gramineae,"Triticum hybernum L., Sp. Pl. 86 (1753), Triticum sativum Lam., Fl. Franç. 3: 625 (1778), Triticum vulgare Vill., Hist. Pl. Dauphiné 2: 153 (1783), Triticum cereale Schrank, Baier. Fl. 1: 387 (1789)","wheat, bread wheat, blé, alkamh, sinde, xiao mai, trigo, brödvete, vanligt vete, kveite, almindelig hvede, leipävehnä, vehnä, hveiti, aat-weize, weizen, grano, frumento, lua mi, froment, cereals-wheat",grass,erect,annual,"single stem, C3 photosynthesis","cereals & pseudocereals, forage/pasture, medicinals & aromatic",grown on large scale,15.0,23.0,5.0,27.0,750.0,900.0,300.0,1600.0,6.0,7.0,5.5,8.5,30.0,,60.0,65.0,4500.0,very bright,very bright,cloudy skies,very bright,medium (50-150 cm),shallow (20-50 cm),"medium, organic","heavy, medium",high,moderate,low (<4 dS/m),medium (4-10 dS/m),well (dry spells),well (dry spells),-20,0.0,"neutral day (12-14 hours), long day (>14 hours)","tropical wet & dry (Aw), tropical wet (Ar), desert or arid (Bw), steppe or semiarid (Bs), subtropical humid (Cf), subtropical dry summer (Cs), subtropical dry winter (Cw), temperate oceanic (Do), temperate continental (Dc), temperate with humid winters (Df), temperate with dry winters (Dw)",,,,large scale/commercial,90.0,250.0,original_rule,edible_flag,high,Club Wheat; Makha Wheat; Shot Wheat; Spelt Wheat; Triticum aestivum,5,,other,0,,0,0
PP:239,both,ipomoea batatas,exact_scientific_name,high,239.0,Plant,https://permapeople.org/plants/ipomoea-batatas,Ipomoea batatas,Sweet potato,Convolvulaceae,Perennial,10-12,10.0,12.0,3.0,Fast,Vines,1.0,"Leaves, Root, Shoots",,"Biomass, Fire starter, Ground cover",1.0,0.0,0.0,0.0,0.0,1.0,0.0,1.0,1.0,0.0,root_crop,1.0,Layer or Edible parts indicates Root/Tuber,1265,Ipomoea batatas,(L.) Lam.,Magnoliopsida:Asteridae:Solanales:Convolvulaceae,,"sweet potato, batatas, boniato, white-fleshed sweet potato, patate douce, batata, camote, papa dulce, moniato, batata doce, batata da terra, cara, jetica, munhata, ba ta tah helua, gan shu, gan ye, fan shu, batat, muntail, hua mun, man thet, lá khoai lang, lá khoai mony, sød kartoffel, bataat, patats, soetpatats, zoete aardappel, kamote, Süßkartoffel, Batate, Sakarkand, mitha alu, ubi jalor, hwi, keledek, ketela rambat, tela, bodin, ubi merah, patata Americana, patata dolce, satsuma-imo, kanjo, koguma, ubi keledek, ubi kastela, ubi keladi, kumala konukonule, komora, kumara, timala, kumala, umala, pana kai (Simbo), luzu vaka (Roviana), pateta magalo (Tuvalu), kaukau, kumara muramura (Cook I), te kuma",,,,,,,18.0,28.0,10.0,38.0,750.0,2000.0,350.0,5000.0,5.0,7.0,4.0,8.7,,,32.0,40.0,2800.0,very bright,very bright,very bright,clear skies,medium (50-150 cm),shallow (20-50 cm),,,high,low,low (<4 dS/m),low (<4 dS/m),,,1,5.0,,,,,,,80.0,170.0,original_rule,edible_flag,high,Ipomoea batatas,1,,root,1,بطاطا حلوة,0,0
PP:241,permapeople_only,brassica rapa,ecocrop_only,,241.0,Plant,https://permapeople.org/plants/brassica-rapa-turnip,Brassica rapa,Turnip,Brassicaceae or cruciferae,Biennial,7-11,7.0,11.0,0.5,Fast,Herbs,1.0,"Leaves, Root",Oil,oil,1.0,1.0,0.0,0.0,0.0,1.0,0.0,1.0,1.0,1.0,root_crop,1.0,Layer or Edible parts indicates Root/Tuber,3877,Brassica rapa Gaisin gr.,L.,Magnoliopsida:Dilleniidae:Capparales:Cruciferae,,Pak Choi,herb,erect,biennial,single stem,vegetables,grown on small scale,20.0,25.0,10.0,30.0,900.0,1400.0,350.0,2000.0,5.5,6.5,5.0,7.0,20.0,20.0,50.0,50.0,2000.0,clear skies,clear skies,very bright,cloudy skies,medium (50-150 cm),shallow (20-50 cm),"medium, light","medium, light",high,moderate,low (<4 dS/m),low (<4 dS/m),well (dry spells),well (dry spells),-10,-4.0,"short day (<12 hours), neutral day (12-14 hours), long day (>14 hours)","tropical wet & dry (Aw), tropical wet (Ar), subtropical humid (Cf), subtropical dry summer (Cs), subtropical dry winter (Cw)",,,,,40.0,80.0,original_rule,edible_flag,high,Bok choy; Bomdong; Chinese Cabbage; Chinese Savoy; Deitrick's wild raab; Emiko F1; False Pak Choi; Field mustard; Indian Colza; Indian Rape; Komatsuna; Mizuna; Mustard Spinach; Napa cabbage; Pak Choi; Stubble Turnip; Tatsoi; Turnip; Wild Turnip; Yellow sarson,23,,root,1,لفت,0,0
PP:242,both,trifolium pratense,exact_scientific_name,high,242.0,Plant,https://permapeople.org/plants/trifolium-pratense,Trifolium pratense,Trifolium pratense,Fabaceae or leguminosae,Perennial,5-9,5.0,9.0,0.6,Medium,Herbs,1.0,"Flowers, Leaves, Root, Seed","Condiment, Tea","Dye, Cover crop, Soil reclamation, Dynamic accumulator, Nitrogen fixer",1.0,0.0,0.0,0.0,0.0,1.0,0.0,1.0,1.0,1.0,root_crop,1.0,Layer or Edible parts indicates Root/Tuber,2104,Trifolium pratense,L.,Magnoliopsida:Rosidae:Fabales:Leguminosae,,"red clover, broad red clover, broad-leaved clover, purple clover, meadow clover, honey-stalks, honeysuckle clover, trefle des pres, trefle rouge, trefle commun, Rotklee, trifoglio pratense, raudkløver, rød-kløver, puna-apila, rau›smári, trevo dos prados, trebol comun, rödklöver, rödväpling, mjölontuppor, Trifolii albi et rubri flos",herb,erect,"annual, biennial, perennial",multi stem,"forage/pasture, medicinals & aromatic",grown on large scale,18.0,25.0,4.0,40.0,700.0,1200.0,300.0,2100.0,6.0,7.5,4.5,8.2,34.0,30.0,64.0,68.0,3000.0,very bright,clear skies,very bright,light shade,medium (50-150 cm),shallow (20-50 cm),"medium, organic","heavy, medium, light",high,moderate,low (<4 dS/m),low (<4 dS/m),"poorly (saturated >50% of year), well (dry spells)","poorly (saturated >50% of year), well (dry spells)",-5,0.0,long day (>14 hours),"steppe or semiarid (Bs), subtropical humid (Cf), subtropical dry summer (Cs), subtropical dry winter (Cw), temperate oceanic (Do), temperate continental (Dc), boreal (E)",,,,large scale/commercial,120.0,300.0,original_rule,edible_flag,high,Trifolium pratense,1,,leafy_herb,0,,0,0
PP:243,both,artemisia dracunculus,exact_scientific_name,high,243.0,Plant,https://permapeople.org/plants/artemisia-dracunculus,Artemisia dracunculus,Artemisia dracunculus,Asteraceae or compositae,Perennial,5-8,5.0,8.0,0.6,Medium,,1.0,"Leaves, Shoots",Condiment,"Essential Oil, Fragrance",1.0,1.0,0.0,0.0,1.0,1.0,0.0,1.0,1.0,0.0,vegetable,1.0,Edible parts contains Leaves/Stem/Flowers,3402,Artemisia dracunculus,L.,Magnoliopsida:Asteridae:Asterales:Compositae,,"tarragon, dragonwort, estragon, dragon, tarkhun, targone, estragao, ai-hao, Dracunculi folium, Dracunculi herba, Aetheroleum dracunculi",herb,erect,perennial,,medicinals & aromatic,grown on large scale,12.0,22.0,4.0,26.0,500.0,1000.0,250.0,1400.0,5.5,7.0,4.9,7.5,30.0,30.0,60.0,60.0,,very bright,very bright,very bright,cloudy skies,shallow (20-50 cm),shallow (20-50 cm),"medium, light","medium, light",high,moderate,low (<4 dS/m),low (<4 dS/m),well (dry spells),well (dry spells),-15,-5.0,long day (>14 hours),"desert or arid (Bw), steppe or semiarid (Bs), subtropical dry summer (Cs), temperate oceanic (Do), temperate continental (Dc), temperate with humid winters (Df), temperate with dry winters (Dw)",,,,,120.0,210.0,original_rule,edible_flag,high,Artemisia dracunculus,1,,leafy_herb,0,,0,0
PP:244,both,fagopyrum esculentum,exact_scientific_name,high,244.0,Plant,https://permapeople.org/plants/fagopyrum-esculentum,Fagopyrum esculentum,Fagopyrum esculentum,Polygonaceae,Annual,6-12,6.0,12.0,1.5,Fast,,1.0,"Leaves, Seed",Rutin,"Dye, Cover crop, Soil reclamation, Dynamic accumulator, Fragrance",1.0,0.0,0.0,0.0,1.0,1.0,0.0,1.0,1.0,1.0,vegetable,1.0,Edible parts contains Leaves/Stem/Flowers,2285,Fagopyrum esculentum,Moench,Magnoliopsida:Caryophyllidae:Polygonales:Polygonaceae,"Fagopyrum sagittatum Gilib., Polygonum fagopyrum L.","buckwheat, qiaomei, ogal, mite phapar, grecicha kul'turnaja, poganka, sarrasin, trigo sarraceno, fagopiro, echter Buchweizen, Buchweizen, Keidekorn, soba, bovete, bokvete, vanligt bovete, bokkveite, almindelig boghvede, viljatatar, Fagopyri semen, Fagopyri herba",herb,erect,annual,,"cereals & pseudocereals, forage/pasture, vegetables, materials, cover crop",grown on large scale,17.0,27.0,7.0,40.0,700.0,1000.0,400.0,1300.0,5.0,6.5,4.4,7.5,,,60.0,60.0,2000.0,very bright,clear skies,very bright,cloudy skies,medium (50-150 cm),shallow (20-50 cm),"medium, light","medium, light",moderate,low,low (<4 dS/m),low (<4 dS/m),well (dry spells),well (dry spells),,,"short day (<12 hours), neutral day (12-14 hours), long day (>14 hours)","tropical wet & dry (Aw), steppe or semiarid (Bs), subtropical humid (Cf), subtropical dry summer (Cs), subtropical dry winter (Cw), temperate oceanic (Do), temperate continental (Dc), temperate with humid winters (Df), temperate with dry winters (Dw)",,,,"large scale/commercial, protected cultivation",55.0,85.0,original_rule,edible_flag,high,Fagopyrum esculentum,1,,leafy_herb,0,,0,0
PP:245,both,origanum vulgare,exact_scientific_name,high,245.0,Plant,https://permapeople.org/plants/origanum-vulgare,Origanum vulgare,Origanum vulgare,Lamiaceae or Labiatae,Perennial,4-10,4.0,10.0,0.6,Medium,Herbs,1.0,"Flowers, Leaves, Stem","Condiment, Tea","Dye, Essential Oil, Pest control, Strewing, Dynamic accumulator, Ground cover, Fragrance",1.0,1.0,0.0,0.0,1.0,1.0,0.0,1.0,1.0,1.0,herb,1.0,Layer contains 'Herbs' and Edible uses contains Condiment/Tea,2369,Origanum vulgare,L.,Magnoliopsida:Asteridae:Lamiales:Labiatae,,"European oregano, wild majoram, winter marjoram, oregano, anrar, origan, dost, vild mejram, wilde marjolein, regamo, ouregao, dushitsa",herb,erect,perennial,multi stem,medicinals & aromatic,grown on large scale,17.0,28.0,4.0,32.0,700.0,1300.0,400.0,2700.0,5.5,7.0,4.5,8.7,,,,,,very bright,very bright,very bright,clear skies,medium (50-150 cm),shallow (20-50 cm),light,"medium, light",high,moderate,low (<4 dS/m),low (<4 dS/m),well (dry spells),"well (dry spells), excessive (dry/moderately dry)",-5,0.0,"short day (<12 hours), neutral day (12-14 hours), long day (>14 hours)","steppe or semiarid (Bs), subtropical dry summer (Cs)",,,,home garden,180.0,300.0,original_rule,edible_flag,high,Greek Oregano; Origanum vulgare,2,,leafy_herb,0,,1,0
PP:246,both,carum carvi,exact_scientific_name,high,246.0,Plant,https://permapeople.org/plants/carum-carvi,Carum carvi,Carum carvi,Apiaceae or umbelliferae,Biennial,3-9,3.0,9.0,0.6,,Herbs,1.0,"Leaves, Root, Seed","Condiment, Tea","Essential Oil, Pest control, Dynamic accumulator, Fragrance",1.0,1.0,0.0,0.0,0.0,1.0,0.0,1.0,1.0,1.0,root_crop,1.0,Layer or Edible parts indicates Root/Tuber,4256,Carum carvi,L.,Magnoliopsida:Rosidae:Apiales:Umbelliferae,,"caraway, caraway seed, cumin, carvi, Kümmel, alcaravea, kummin, karauya, karwij, alcaravia, tmin, yuan-sui, karve, kommen, kumina, kúmen, Wiesenkümmel, Carvi fructus, Aetheroleum carvi",herb,erect,"annual, biennial, perennial",,medicinals & aromatic,grown on large scale,16.0,20.0,7.0,26.0,700.0,1000.0,600.0,1300.0,6.0,7.0,4.8,7.8,,,,,,very bright,clear skies,very bright,cloudy skies,medium (50-150 cm),shallow (20-50 cm),medium,"heavy, medium, light",high,moderate,low (<4 dS/m),low (<4 dS/m),well (dry spells),well (dry spells),,,"short day (<12 hours), neutral day (12-14 hours), long day (>14 hours)","subtropical dry summer (Cs), temperate oceanic (Do), temperate continental (Dc), temperate with humid winters (Df), temperate with dry winters (Dw)",,,,,150.0,180.0,original_rule,edible_flag,high,Carum carvi,1,,leafy_herb,0,,0,0
PP:247,both,lupinus albus,exact_scientific_name,high,247.0,Plant,https://permapeople.org/plants/lupinus-albus,Lupinus albus,Lupinus albus,Fabaceae or leguminosae,"Annual, Perennial",,,,1.2,,Herbs,1.0,Seed,"Oil, Coffee","Cosmetic, Fiber, Cover crop, oil, Dynamic accumulator, Nitrogen fixer",1.0,0.0,0.0,0.0,0.0,1.0,0.0,1.0,1.0,0.0,legume,1.0,Family == Fabaceae and Edible parts contains Seed/Pod,7431,Lupinus albus,L.,Magnoliopsida:Rosidae:Fabales:Leguminosae,Lupinus albo flore Clus.,"white lupin, lupino blanco",herb,erect,annual,single stem,"pulses (grain legumes), materials, medicinals & aromatic",grown on large scale,18.0,24.0,6.0,32.0,400.0,1000.0,360.0,1800.0,5.5,6.4,4.8,8.2,,,,,740.0,very bright,clear skies,very bright,cloudy skies,medium (50-150 cm),medium (50-150 cm),"medium, light","heavy, medium, light",high,moderate,low (<4 dS/m),medium (4-10 dS/m),well (dry spells),well (dry spells),-8,-3.0,long day (>14 hours),"steppe or semiarid (Bs), subtropical dry summer (Cs), temperate oceanic (Do), temperate continental (Dc), temperate with humid winters (Df), temperate with dry winters (Dw)",,,,large scale/commercial,90.0,180.0,original_rule,edible_flag,high,Lupinus albus; Lupinus albus graecus,2,,legume,0,,0,0
PP:248,both,pimpinella anisum,exact_scientific_name,high,248.0,Plant,https://permapeople.org/plants/pimpinella-anisum,Pimpinella anisum,Pimpinella anisum,Apiaceae or umbelliferae,Annual,7-10,7.0,10.0,0.5,,,1.0,"Leaves, Seed","Condiment, Tea","Essential Oil, Pest control, Fragrance, Teeth",1.0,0.0,0.0,0.0,1.0,1.0,0.0,1.0,1.0,0.0,vegetable,1.0,Edible parts contains Leaves/Stem/Flowers,8595,Pimpinella anisum,L.,Magnoliopsida:Rosidae:Apiales:Umbelliferae,,"anise, anise seed, anis, yanisun, anijs, anice, erva-doce, huei-hsiang, Anisi fructus, Aetheroleum anisi",herb,erect,annual,,"materials, medicinals & aromatic",grown on large scale,18.0,26.0,5.0,30.0,900.0,1300.0,600.0,1700.0,6.5,7.0,6.0,7.3,25.0,20.0,45.0,50.0,,very bright,very bright,very bright,cloudy skies,medium (50-150 cm),shallow (20-50 cm),medium,medium,high,moderate,low (<4 dS/m),low (<4 dS/m),well (dry spells),well (dry spells),,,"short day (<12 hours), neutral day (12-14 hours), long day (>14 hours)","tropical wet & dry (Aw), steppe or semiarid (Bs), subtropical dry summer (Cs), temperate oceanic (Do)",,,,"home garden, large scale/commercial",120.0,150.0,original_rule,edible_flag,high,Pimpinella anisum,1,,leafy_herb,0,,1,0
PP:252,both,solanum nigrum,exact_scientific_name,high,252.0,Plant,https://permapeople.org/plants/solanum-nigrum,Solanum nigrum,Solanum nigrum,Solanaceae,Annual,9-11,9.0,11.0,0.6,,,1.0,"Fruit, Leaves, Shoots",,Soil reclamation,1.0,0.0,0.0,0.0,1.0,1.0,0.0,1.0,1.0,1.0,fruit,1.0,Edible parts contains 'Fruit' (non-tree layer),1966,Solanum nigrum,L.,Magnoliopsida:Asteridae:Solanales:Solanaceae,Solanum nodiflorum Jacq.,"black nightshade, blackberried nightshade, common nightshade, poison berry, morelle noir, hierba mora, guaraquinha, key-awuti, schwarzer nachtschatten, nattskatta, svartsøtvier, mustakoiso, karakap, sort natskygge, boro ni veiwere, Qaqata (Konsogna), A'ena (Wolayetgna), Awitt (Amargna)",herb,erect,annual,multi stem,medicinals & aromatic,"grown on small scale, harvested from wild",21.0,28.0,8.0,40.0,1000.0,1600.0,500.0,2700.0,6.5,7.5,4.3,8.5,10.0,,60.0,65.0,3000.0,very bright,clear skies,very bright,light shade,medium (50-150 cm),shallow (20-50 cm),"heavy, medium, light, wide, organic","heavy, medium, light, wide, organic",moderate,low,low (<4 dS/m),low (<4 dS/m),well (dry spells),"poorly (saturated >50% of year), well (dry spells)",,,"short day (<12 hours), neutral day (12-14 hours), long day (>14 hours)","tropical wet & dry (Aw), tropical wet (Ar), steppe or semiarid (Bs), subtropical humid (Cf), subtropical dry summer (Cs), subtropical dry winter (Cw), temperate oceanic (Do), temperate continental (Dc), temperate with humid winters (Df), temperate with dry winters (Dw)",,,,,80.0,110.0,original_rule,edible_flag,high,Solanum nigrum,1,,fruiting,0,,0,0
PP:253,both,solanum muricatum,exact_scientific_name,high,253.0,Plant,https://permapeople.org/plants/solanum-muricatum,Solanum muricatum,Solanum muricatum,Solanaceae,,8-11,8.0,11.0,1.0,,Shrubs,1.0,Fruit,,,1.0,0.0,0.0,0.0,0.0,1.0,0.0,1.0,1.0,1.0,fruit,1.0,Edible parts contains 'Fruit' (non-tree layer),2528,Solanum muricatum,Aiton,Magnoliopsida:Asteridae:Solanales:Solanaceae,"Solanum variegatum R. & P., Solanum pedunculatum Roem & Shult, Solanum guatemalense Hort.","melon shrub, sweet cucumber, pear melon, pepino, melon-poire, poire-melo, cahum, pepino dulce, mataserrano, peramelon, xachum, kachuma",herb,erect,"annual, biennial, perennial",multi stem,vegetables,grown on small scale,15.0,25.0,10.0,30.0,800.0,1400.0,500.0,2000.0,6.5,7.0,6.0,7.5,,,35.0,40.0,3300.0,very bright,clear skies,very bright,cloudy skies,medium (50-150 cm),shallow (20-50 cm),medium,"heavy, medium, light",moderate,moderate,low (<4 dS/m),low (<4 dS/m),well (dry spells),well (dry spells),-3,0.0,"short day (<12 hours), neutral day (12-14 hours)","tropical wet & dry (Aw), subtropical humid (Cf), subtropical dry summer (Cs), subtropical dry winter (Cw)",,,,small scale (manual),150.0,170.0,original_rule,edible_flag,high,Solanum muricatum,1,,fruiting,0,,0,0
PP:254,both,solanum quitoense,exact_scientific_name,high,254.0,Plant,https://permapeople.org/plants/solanum-quitoense,Solanum quitoense,Solanum quitoense,Solanaceae,,10-12,10.0,12.0,2.5,Fast,Shrubs,1.0,Fruit,Drink,"Cosmetic, Hair, Soap",1.0,1.0,0.0,0.0,0.0,1.0,0.0,1.0,1.0,0.0,fruit,1.0,Edible parts contains 'Fruit' (non-tree layer),1968,Solanum quitoense,Lamarck,Magnoliopsida:Asteridae:Solanales:Solanaceae,"Solanum angulatum Lam., Solanum hirsutissimum","naranjilla, little orange, Quito orange, lulo, morelle de Quito, orange de Quito, quitoense, naranjilla de Quito, nuqui, naranjita de Quito, lulun, toronja, laranjitas de Quito, lulo frucht, lulu puscolulu, lulum (Inca)",sub-shrub,erect,perennial,"single stem, multi stem","fruits & nuts, ornamentals/turf",grown on small scale,15.0,25.0,10.0,30.0,1500.0,3000.0,700.0,3750.0,6.5,7.0,5.8,8.0,,,,,2500.0,clear skies,cloudy skies,very bright,light shade,medium (50-150 cm),shallow (20-50 cm),"heavy, medium, light, organic","heavy, medium, light",high,moderate,low (<4 dS/m),low (<4 dS/m),well (dry spells),well (dry spells),,,"short day (<12 hours), neutral day (12-14 hours)","tropical wet & dry (Aw), tropical wet (Ar), subtropical humid (Cf)",,,,"home garden, small scale (manual)",180.0,365.0,original_rule,edible_flag,high,Solanum quitoense,1,,fruit_tree,0,,1,0
PP:260,both,simarouba glauca,exact_scientific_name,high,260.0,Plant,https://permapeople.org/plants/simarouba-glauca,Simarouba glauca,Simarouba glauca,Simaroubaceae,,9-12,9.0,12.0,15.0,Fast,Tall trees,1.0,"Fruit, Seed",Oil,"Fire starter, Compost, Containers, Cosmetic, Lumber, Mulch, oil, Pest control, Soap making, Soil conditioner, Erosion control, Varnish",1.0,1.0,0.0,0.0,0.0,1.0,1.0,1.0,1.0,1.0,fruit_tree,1.0,Layer contains 'Tree' and Edible parts contains 'Fruit',9785,Simarouba glauca,DC.,,"Simarouba medicinalis Endl., Simarouba officinalis Macfad.","bwa blan, bwa fwenn, doliv, fwenn, bitter damson, princess tree, simarouba, bois amer, quinquina d‚Europe, acajou blanc, daguilla, daguillo, gavilan, juan primero, laguilla olivio, palo amargo, Simaruba",tree,erect,perennial,"evergreen, single stem","fruits & nuts, materials, medicinals & aromatic, forest/wood, environmental",,22.0,29.0,18.0,34.0,2000.0,3000.0,1200.0,4000.0,6.0,8.0,5.5,8.5,12.0,12.0,25.0,25.0,800.0,cloudy skies,very bright,light shade,very bright,deep (>>150 cm),shallow (20-50 cm),"medium, light","medium, light",high,moderate,low (<4 dS/m),low (<4 dS/m),well (dry spells),"well (dry spells), excessive (dry/moderately dry)",,,,"tropical wet & dry (Aw), tropical wet (Ar)",,,,,365.0,365.0,original_rule,edible_flag,high,Simarouba glauca,1,,fruit_tree,0,,0,0
PP:310,both,sapium sebiferum,exact_scientific_name,high,310.0,Plant,https://permapeople.org/plants/sapium-sebiferum,Sapium sebiferum,Sapium sebiferum,Euphorbiaceae,,8-11,8.0,11.0,9.0,Fast,Trees,1.0,,Oil,"Biomass, Compost, Dye, Fire starter, Hair, Fragrance, oil, Erosion control, Tannin, Wax, Lumber, Coppice",1.0,0.0,0.0,0.0,0.0,1.0,0.0,1.0,1.0,1.0,other_productive,1.0,"Edible == true, no more specific rule matched",9558,Sapium sebiferum,(L.) Roxb.,Magnoliopsida:Dilleniidae:Euphorbiales:Euphorbiaceae,,"vegetable tallow, Chinese tallow tree, popcorn tree, Florida aspen, pau de sebo, uro, cocanha",tree,erect,perennial,"deciduous, single stem","materials, environmental, weed",,20.0,28.0,10.0,32.0,700.0,1500.0,500.0,2500.0,6.0,7.0,5.5,7.5,25.0,10.0,32.0,50.0,,very bright,cloudy skies,very bright,light shade,deep (>>150 cm),medium (50-150 cm),"heavy, medium, light","heavy, medium, light",moderate,low,low (<4 dS/m),medium (4-10 dS/m),"poorly (saturated >50% of year), well (dry spells)","poorly (saturated >50% of year), well (dry spells)",-10,-1.0,short day (<12 hours),"tropical wet & dry (Aw), steppe or semiarid (Bs), subtropical humid (Cf), subtropical dry summer (Cs), subtropical dry winter (Cw), temperate oceanic (Do), temperate continental (Dc), temperate with humid winters (Df), temperate with dry winters (Dw)",,,can become a weed,,150.0,180.0,original_rule,edible_flag,high,Sapium sebiferum,1,,other,0,,0,0
PP:319,both,solanum torvum,exact_scientific_name,high,319.0,Plant,https://permapeople.org/plants/solanum-torvum,Solanum torvum,Solanum torvum,Solanaceae,,8-11,8.0,11.0,2.5,Fast,Shrubs,1.0,"Flowers, Fruit, Leaves, Shoots",,Rootstock,1.0,1.0,0.0,0.0,0.0,1.0,0.0,1.0,1.0,1.0,fruit,1.0,Edible parts contains 'Fruit' (non-tree layer),1970,Solanum torvum,Sw.,Magnoliopsida:Asteridae:Solanales:Solanaceae,,"prickly solanum, terongan, soni, bhankatiya, turkeyberry, berenjena cimarrona",shrub,erect,perennial,multi stem,"vegetables, medicinals & aromatic, weed",,17.0,29.0,12.0,35.0,1000.0,2000.0,700.0,4200.0,5.0,6.0,4.3,6.8,5.0,,15.0,20.0,1600.0,cloudy skies,light shade,clear skies,light shade,medium (50-150 cm),shallow (20-50 cm),"heavy, medium, light","heavy, medium, light",moderate,low,low (<4 dS/m),low (<4 dS/m),well (dry spells),well (dry spells),,,short day (<12 hours),"tropical wet & dry (Aw), tropical wet (Ar)",,,can become a weed,,150.0,365.0,original_rule,edible_flag,high,Solanum torvum,1,,fruit_tree,0,,0,0
PP:381,both,santalum acuminatum,exact_scientific_name,high,381.0,Plant,https://permapeople.org/plants/santalum-acuminatum,Santalum acuminatum,Santalum acuminatum,Santalaceae,,,,,,,Shrubs,1.0,"Fruit, Seed",,"Fire starter, Tannin, Wax, Lumber",1.0,1.0,0.0,0.0,0.0,1.0,0.0,1.0,1.0,1.0,fruit,1.0,Edible parts contains 'Fruit' (non-tree layer),9545,Santalum acuminatum,,Magnoliopsida:Rosidae:Santalales:Santalaceae,,,"shrub, tree",erect,perennial,"single stem, multi stem","fruits & nuts, forest/wood",,18.0,25.0,5.0,40.0,250.0,400.0,125.0,500.0,7.0,8.0,6.5,8.5,20.0,20.0,35.0,35.0,500.0,very bright,clear skies,very bright,cloudy skies,deep (>>150 cm),medium (50-150 cm),medium,"medium, light",low,low,low (<4 dS/m),medium (4-10 dS/m),well (dry spells),"well (dry spells), excessive (dry/moderately dry)",-2,0.0,short day (<12 hours),"desert or arid (Bw), steppe or semiarid (Bs), subtropical dry summer (Cs)",,,,,60.0,180.0,original_rule,edible_flag,high,Santalum acuminatum,1,,fruit_tree,0,,0,0
PP:387,both,salvia sclarea,exact_scientific_name,high,387.0,Plant,https://permapeople.org/plants/salvia-sclarea,Salvia sclarea,Salvia sclarea,Lamiaceae or labiatae,"Biennial, Perennial",5-9,5.0,9.0,1.0,Medium,,1.0,"Flowers, Leaves","Oil, Condiment","Essential Oil, oil, Fragrance",1.0,0.0,0.0,0.0,1.0,1.0,0.0,1.0,1.0,1.0,vegetable,1.0,Edible parts contains Leaves/Stem/Flowers,9516,Salvia sclarea,L.,Magnoliopsida:Asteridae:Lamiales:Labiatae,,"clary sage, clary, clear-eye sage, see-bright, eyelright, muscatel sage, sauge sclaree, muskatellersalbei, esclareia",herb,"erect, acaulescent (or rosette plants)","biennial, perennial",,medicinals & aromatic,grown on large scale,17.0,30.0,8.0,35.0,900.0,1700.0,700.0,2600.0,6.0,7.0,5.5,7.5,30.0,25.0,45.0,60.0,,very bright,very bright,very bright,clear skies,deep (>>150 cm),medium (50-150 cm),"heavy, medium, light","heavy, medium, light",high,moderate,low (<4 dS/m),low (<4 dS/m),"well (dry spells), excessive (dry/moderately dry)","well (dry spells), excessive (dry/moderately dry)",-5,0.0,"short day (<12 hours), neutral day (12-14 hours), long day (>14 hours)","subtropical dry summer (Cs), temperate oceanic (Do), temperate continental (Dc), temperate with humid winters (Df), temperate with dry winters (Dw)",,,,,150.0,180.0,original_rule,edible_flag,high,Salvia sclarea,1,,leafy_herb,0,,0,0
PP:403,both,solanum aethiopicum,exact_scientific_name,high,403.0,Plant,https://permapeople.org/plants/solanum-aethiopicum,Solanum aethiopicum,Solanum aethiopicum,Solanaceae,,10-12,10.0,12.0,2.5,,Shrubs,1.0,"Fruit, Leaves, Shoots",,Rootstock,1.0,0.0,0.0,0.0,0.0,1.0,0.0,1.0,1.0,1.0,fruit,1.0,Edible parts contains 'Fruit' (non-tree layer),9825,Solanum aethiopicum,L.,Magnoliopsida:Asteridae:Solanales:Solanaceae,"Solanum integrifolium Poiret, Solanum integrifolium Poiret var. microcarpum, Solanum gilo Raddi, Solanum naumannii Engl., Solanum pierreanum Pailleux & Bois, Solanum zuccagnianum Dunal","scarlet eggplant, Ethiopian eggplant, African bitter pea-aubergine, wild pea-aubergine, wild African aubergine, tomato-fruited eggplant, mock tomato, aubergine amère, petite bringelle maronne, xiao gu qie, xiao ku fan qie","herb, sub-shrub",erect,"annual, perennial","deciduous, multi stem","vegetables, ornamentals/turf",grown on small scale,20.0,30.0,10.0,40.0,1200.0,1600.0,800.0,4000.0,5.5,7.0,4.3,8.5,,,,,,very bright,very bright,clear skies,very bright,medium (50-150 cm),medium (50-150 cm),"medium, organic","heavy, medium, light, wide, organic",high,moderate,low (<4 dS/m),low (<4 dS/m),well (dry spells),well (dry spells),,,,"tropical wet & dry (Aw), tropical wet (Ar), subtropical dry summer (Cs), temperate oceanic (Do), temperate continental (Dc)",,,,"home garden, small scale (manual)",75.0,125.0,original_rule,edible_flag,high,Solanum aethiopicum,1,,fruiting,0,,1,0
PP:438,both,trichosanthes cucumerina,species_binomial_inheritance,medium,438.0,Plant,https://permapeople.org/plants/trichosanthes-cucumerina-anguina,Trichosanthes cucumerina anguina,Trichosanthes cucumerina anguina,Cucurbitaceae,Annual,10-12,10.0,12.0,5.0,Fast,Vines,1.0,"Fruit, Leaves, Shoots",,,1.0,0.0,0.0,0.0,0.0,1.0,0.0,1.0,1.0,1.0,edible_vine,1.0,Layer contains 'Vine(s)' and Edible == true,2100,Trichosanthes cucumerina,L.,Magnoliopsida:Dilleniidae:Violales:Cucurbitaceae,Trichosanthes anguina L.,"snake gourd, chichinda","herb, vine",climber/scrambler/scadent,annual,multi stem,"vegetables, medicinals & aromatic",grown on small scale,22.0,35.0,14.0,38.0,2000.0,2500.0,700.0,4200.0,6.5,7.0,6.0,8.0,,,25.0,25.0,1500.0,very bright,cloudy skies,very bright,light shade,medium (50-150 cm),shallow (20-50 cm),"heavy, medium, light","heavy, medium, light",moderate,low,low (<4 dS/m),low (<4 dS/m),well (dry spells),well (dry spells),,,short day (<12 hours),"tropical wet & dry (Aw), tropical wet (Ar)",,"drought, flooding",,"home garden, small scale (manual)",50.0,130.0,original_rule,edible_flag,high,Trichosanthes cucumerina anguina,1,,fruiting,0,,1,0
PP:441,both,acacia holosericea,exact_scientific_name,high,441.0,Plant,https://permapeople.org/plants/acacia-holosericea,Acacia holosericea,Acacia holosericea,Fabaceae,,10-12,10.0,12.0,3.0,Fast,Shrubs,1.0,"Seed, Seedpod",,Nitrogen fixer,1.0,0.0,0.0,0.0,0.0,1.0,0.0,1.0,1.0,1.0,legume,1.0,Family == Fabaceae and Edible parts contains Seed/Pod,298,Acacia holosericea,A. Cunn.,Magnoliopsida:Rosidae:Fabales:Leguminosae,,"Strap wattle, Candelabra wattle","shrub, tree",erect,perennial,"single stem, multi stem","ornamentals/turf, forest/wood, environmental",grown on small scale,24.0,32.0,12.0,45.0,600.0,1200.0,250.0,1600.0,5.5,7.5,4.5,8.5,13.0,11.0,22.0,24.0,750.0,very bright,very bright,very bright,clear skies,medium (50-150 cm),shallow (20-50 cm),"medium, light","medium, light",moderate,low,low (<4 dS/m),low (<4 dS/m),well (dry spells),"poorly (saturated >50% of year), well (dry spells), excessive (dry/moderately dry)",-1,-1.0,short day (<12 hours),"tropical wet & dry (Aw), steppe or semiarid (Bs)",,,,,120.0,300.0,original_rule,edible_flag,high,Acacia holosericea,1,,legume,0,,0,0
PP:443,both,acacia dealbata,exact_scientific_name,high,443.0,Plant,https://permapeople.org/plants/acacia-dealbata,Acacia dealbata,Acacia dealbata,Fabaceae or leguminosae,,7-10,7.0,10.0,25.0,Fast,Tall trees,1.0,Flowers,Gum,"Dye, Gum, Erosion control, Tannin, Nitrogen fixer, Fragrance",1.0,0.0,0.0,0.0,1.0,1.0,0.0,1.0,1.0,0.0,vegetable,1.0,Edible parts contains Leaves/Stem/Flowers,2605,Acacia dealbata,Link,Magnoliopsida:Rosidae:Fabales:Leguminosae,,"silver wattle, silwerwattel","shrub, tree",erect,perennial,"single stem, multi stem",forest/wood,,15.0,26.0,6.0,32.0,600.0,1000.0,300.0,1500.0,5.5,6.5,5.0,7.0,29.0,29.0,43.0,43.0,1000.0,very bright,clear skies,very bright,cloudy skies,medium (50-150 cm),medium (50-150 cm),"medium, light","heavy, medium, light",moderate,low,low (<4 dS/m),low (<4 dS/m),well (dry spells),well (dry spells),-10,-1.0,"short day (<12 hours), neutral day (12-14 hours), long day (>14 hours)","subtropical humid (Cf), subtropical dry summer (Cs), subtropical dry winter (Cw), temperate oceanic (Do)",,,,,150.0,240.0,original_rule,edible_flag,high,Acacia dealbata,1,,leafy_herb,0,,0,0
PP:444,both,acacia mearnsii,exact_scientific_name,high,444.0,Plant,https://permapeople.org/plants/acacia-mearnsii,Acacia mearnsii,Acacia mearnsii,Fabaceae,,8-11,8.0,11.0,10.0,Fast,Trees,1.0,Seed,,"Fire starter, Cover crop, Wind breaker, Soil reclamation, Erosion control, Tannin, Lumber, Nitrogen fixer",1.0,0.0,0.0,0.0,0.0,1.0,0.0,1.0,1.0,0.0,legume,1.0,Family == Fabaceae and Edible parts contains Seed/Pod,2660,Acacia mearnsii,De Wild.,Magnoliopsida:Rosidae:Fabales:Leguminosae,,"black wattle, swartwattel","shrub, tree",erect,perennial,"evergreen, single stem, multi stem","materials, ornamentals/turf, forest/wood, environmental, weed",,18.0,30.0,5.0,35.0,700.0,1600.0,300.0,3000.0,5.0,6.5,4.5,7.5,20.0,,44.0,50.0,2800.0,very bright,cloudy skies,very bright,light shade,deep (>>150 cm),medium (50-150 cm),"heavy, medium, light","heavy, medium, light",moderate,low,low (<4 dS/m),low (<4 dS/m),well (dry spells),"well (dry spells), excessive (dry/moderately dry)",-4,-1.0,long day (>14 hours),"steppe or semiarid (Bs), subtropical humid (Cf), subtropical dry winter (Cw), temperate oceanic (Do)",drought,,can become a weed,,270.0,300.0,original_rule,edible_flag,high,Acacia mearnsii,1,,legume,0,,0,0
PP:446,both,acacia leucophloea,exact_scientific_name,high,446.0,Plant,https://permapeople.org/plants/acacia-leucophloea,Acacia leucophloea,Acacia leucophloea,Fabaceae,,10-12,10.0,12.0,25.0,Medium,Tall trees,1.0,Seed,,"Animal feed, Nitrogen fixer",1.0,0.0,0.0,0.0,1.0,1.0,0.0,1.0,1.0,1.0,legume,1.0,Family == Fabaceae and Edible parts contains Seed/Pod,2646,Acacia leucophloea,(Roxb.) Willd.,Magnoliopsida:Rosidae:Fabales:Leguminosae,"Delaportea ferox Gagnep., Delaportea microphylla Gagnep., Mimosa Leucophloea Roxb.","Kuteera-Gum, Kikar","shrub, tree",erect,perennial,"deciduous, single stem, multi stem","forage/pasture, fruits & nuts, materials, medicinals & aromatic, forest/wood, environmental",,22.0,32.0,12.0,38.0,900.0,1700.0,600.0,2000.0,6.0,7.0,5.0,7.5,,,20.0,25.0,550.0,very bright,very bright,clear skies,very bright,deep (>>150 cm),medium (50-150 cm),"heavy, medium, light","heavy, medium, light",moderate,low,low (<4 dS/m),low (<4 dS/m),well (dry spells),"well (dry spells), excessive (dry/moderately dry)",,,short day (<12 hours),"tropical wet & dry (Aw), tropical wet (Ar)",,,,,180.0,300.0,original_rule,edible_flag,high,Acacia leucophloea,1,,legume,0,,0,0
PP:450,both,acacia decurrens,exact_scientific_name,high,450.0,Plant,https://permapeople.org/plants/acacia-decurrens,Acacia decurrens,Acacia decurrens,Fabaceae or leguminosae,,6-9,6.0,9.0,12.0,Fast,Trees,1.0,Flowers,Gum,"Dye, Gum, Hedgerow, Erosion control, Tannin, Nitrogen fixer",1.0,0.0,0.0,0.0,1.0,1.0,0.0,1.0,1.0,0.0,vegetable,1.0,Edible parts contains Leaves/Stem/Flowers,17807,Acacia decurrens,(Wendl.) Willd.,Magnoliopsida:Rosidae:Fabales:Leguminosae,,"golden wattle, Sydney green wattle, Queen Wattle, Early Black Wattle, Green Wattle",tree,erect,perennial,"evergreen, single stem","forest/wood, weed",,12.0,25.0,6.0,30.0,900.0,2600.0,750.0,3000.0,5.0,6.5,4.5,7.0,25.0,25.0,37.0,37.0,2500.0,very bright,cloudy skies,very bright,light shade,deep (>>150 cm),medium (50-150 cm),"medium, light","medium, light",moderate,low,low (<4 dS/m),low (<4 dS/m),"well (dry spells), excessive (dry/moderately dry)","well (dry spells), excessive (dry/moderately dry)",-5,0.0,"short day (<12 hours), neutral day (12-14 hours), long day (>14 hours)","subtropical dry winter (Cw), temperate oceanic (Do)",,,can become a weed,,150.0,300.0,original_rule,edible_flag,high,Acacia decurrens,1,,leafy_herb,0,,0,0
PP:451,both,adansonia digitata,exact_scientific_name,high,451.0,Plant,https://permapeople.org/plants/adansonia-digitata,Adansonia digitata,Adansonia digitata,Malvaceae,,10-12,10.0,12.0,20.0,Slow,Tall trees,1.0,"Flowers, Fruit, Inner bark, Leaves, Root, Seed, Shoots",Oil,"Adhesive, Dye, Fertilizer, Fiber, Animal feed, Fire starter, Hair, Pest control, oil, Soap, Soil conditioner, Tannin, Lumber, Coppice",1.0,0.0,0.0,0.0,1.0,1.0,0.0,1.0,1.0,1.0,fruit_tree,1.0,Layer contains 'Tree' and Edible parts contains 'Fruit',2807,Adansonia digitata,F. Muell,Magnoliopsida:Dilleniidae:Malvales:Bombacaceae,"Adansonia baobab, Adansonia situla, Adansonia sphaerocarpa, Adansonia sulcata, Adansonia somalensis","African baobab, baobab, dead-rat tree, bottle tree, monkey-bread tree, kremetart, mowana, moana, toeega, Affenbrotbaum, seboi, ximuwu, muvhuyu",tree,erect,perennial,"deciduous, single stem","fruits & nuts, environmental",grown on small scale,26.0,36.0,14.0,42.0,600.0,1500.0,250.0,4200.0,5.0,6.5,4.3,7.5,,,25.0,25.0,1500.0,very bright,very bright,very bright,clear skies,deep (>>150 cm),medium (50-150 cm),"medium, light","medium, light",low,low,low (<4 dS/m),low (<4 dS/m),"well (dry spells), excessive (dry/moderately dry)","well (dry spells), excessive (dry/moderately dry)",,,short day (<12 hours),"tropical wet & dry (Aw), steppe or semiarid (Bs)",,,,,210.0,270.0,original_rule,edible_flag,high,Adansonia digitata,1,,fruit_tree,0,,0,0
PP:452,both,anacardium occidentale,exact_scientific_name,high,452.0,Plant,https://permapeople.org/plants/anacardium-occidentale,Anacardium occidentale,Anacardium occidentale,Anacardiaceae,,9-12,9.0,12.0,12.0,Slow,Trees,1.0,"Fruit, Leaves, Seed, Shoots","Oil, Gum","Adhesive, Fire starter, Gum, Hedgerow, Ink, Pest control, oil, Plant support, Preservative, Erosion control, Tannin, Varnish, Waterproofing, Lumber",1.0,0.0,0.0,0.0,0.0,1.0,0.0,1.0,1.0,1.0,fruit_tree,1.0,Layer contains 'Tree' and Edible parts contains 'Fruit',401,Anacardium occidentale,L.,Magnoliopsida:Rosidae:Sapindales:Anacardiaceae,,"mamuang himmaphan, yaruang, mamuang letlor, cashew, cashew nut, acajou á pomme, noix d'acajou, marañon, casho, cashu, cajou, anacardier, caju, acajú, kasjoe, mereke, kaju, apu initia, kesiu, cashewnuss, cashewbaum, jambu mortyet, jambu mede, gajus, jambu monyet, kasoy, balubad, balogo, thiho thayet si, svaay chantii, dao lon hot, cay dieu, nut-cashew","shrub, tree",erect,perennial,"evergreen, single stem, multi stem, C3 photosynthesis","fruits & nuts, medicinals & aromatic",grown on large scale,15.0,35.0,5.0,46.0,750.0,1600.0,400.0,4000.0,4.5,6.5,3.8,8.7,,,25.0,30.0,1200.0,very bright,very bright,very bright,clear skies,deep (>>150 cm),medium (50-150 cm),"medium, light","heavy, medium, light",moderate,low,low (<4 dS/m),low (<4 dS/m),well (dry spells),"well (dry spells), excessive (dry/moderately dry)",,,"short day (<12 hours), neutral day (12-14 hours), long day (>14 hours)","tropical wet & dry (Aw), steppe or semiarid (Bs), subtropical dry summer (Cs), subtropical dry winter (Cw)",,,,,190.0,260.0,original_rule,edible_flag,high,Anacardium occidentale,1,,fruit_tree,0,,0,0
PP:453,both,albizia procera,exact_scientific_name,high,453.0,Plant,https://permapeople.org/plants/albizia-procera,Albizia procera,Albizia procera,Fabaceae,,10-12,10.0,12.0,25.0,Fast,Tall trees,1.0,"Inner bark, Leaves, Seedpod",Gum,"Alcohol, Fire starter, Dye, Gum, Pest control, textiles, Wind breaker, Erosion control, Tannin, Lumber",1.0,0.0,0.0,0.0,0.0,1.0,0.0,1.0,1.0,1.0,vegetable,1.0,Edible parts contains Leaves/Stem/Flowers,350,Albizia procera,(Roxb.) Benth.,Magnoliopsida:Rosidae:Fabales:Leguminosae,"Acacia procera (Roxb.) Willd., Albizia procera (Roxb.) Benth var. elata (Roxb.) Bak., Albizia procera (Roxb.) Benth. var. roxburghiana Fournier, Mimosa elata Roxb., Mimosa procera Roxb.",,tree,erect,perennial,"deciduous, single stem","materials, forest/wood, environmental",grown on small scale,20.0,33.0,10.0,45.0,1500.0,2500.0,780.0,5100.0,5.5,6.5,5.0,7.5,,,20.0,20.0,1200.0,very bright,very bright,very bright,light shade,medium (50-150 cm),shallow (20-50 cm),medium,"heavy, medium, light",moderate,low,low (<4 dS/m),low (<4 dS/m),"poorly (saturated >50% of year), well (dry spells)","poorly (saturated >50% of year), well (dry spells), excessive (dry/moderately dry)",,,short day (<12 hours),tropical wet & dry (Aw),,,can become a weed,,150.0,270.0,original_rule,edible_flag,high,Albizia procera,1,,leafy_herb,0,,0,0
PP:485,both,acrocomia aculeata,exact_scientific_name,high,485.0,Plant,https://permapeople.org/plants/acrocomia-aculeata,Acrocomia aculeata,Acrocomia aculeata,Arecaceae,,10-12,10.0,12.0,15.0,Fast,Tall trees,1.0,"Apical bud, Fruit, Inner bark, Leaves, Root, Seed",Oil,oil,1.0,0.0,0.0,0.0,1.0,1.0,0.0,1.0,1.0,1.0,fruit_tree,1.0,Layer contains 'Tree' and Edible parts contains 'Fruit',2783,Acrocomia aculeata,(Jacq.) Lodd. Ex Mart.,Liliopsida:Arecidae:Arecales:Palmae,"Acrocomia sclerocarpa Mart., Acrocomia lasiospatha Mart.","macauba palm, macauba, macaw palm, macaya oil, groo groo, grugru palm, corosse, mbocayá, totaí, cobrush, tamaco, coyol, coco baboso, coco de catarro, coquito, bocaiuva, mocayá, corozo, catey, cayara, cayiete, ocori, palma de vino, gru-gru, mucajá, grou grou",tree,erect,perennial,"evergreen, single stem","fruits & nuts, materials, ornamentals/turf, environmental","grown on small scale, harvested from wild",25.0,35.0,20.0,45.0,1000.0,2000.0,500.0,3000.0,5.5,6.5,5.0,7.5,,,20.0,28.0,1200.0,very bright,very bright,clear skies,very bright,deep (>>150 cm),medium (50-150 cm),light,"medium, light",high,low,low (<4 dS/m),medium (4-10 dS/m),well (dry spells),well (dry spells),-4,-4.0,,"tropical wet & dry (Aw), tropical wet (Ar)","fire, drought",,,small scale (manual),0.0,0.0,original_rule,edible_flag,high,Acrocomia aculeata,1,,fruit_tree,0,,0,0
PP:508,both,acacia murrayana,exact_scientific_name,high,508.0,Plant,https://permapeople.org/plants/acacia-murrayana,Acacia murrayana,Acacia murrayana,Fabaceae,,10-12,10.0,12.0,5.0,Fast,Trees,1.0,Seed,,,1.0,0.0,0.0,0.0,1.0,1.0,0.0,1.0,1.0,1.0,legume,1.0,Family == Fabaceae and Edible parts contains Seed/Pod,2664,Acacia murrayana,F. Muell,Magnoliopsida:Rosidae:Fabales:Leguminosae,,,"shrub, tree",erect,perennial,"single stem, multi stem","forest/wood, environmental",harvested from wild,12.0,34.0,5.0,42.0,200.0,400.0,100.0,500.0,5.5,7.5,4.5,8.5,21.0,21.0,33.0,33.0,700.0,very bright,very bright,very bright,clear skies,deep (>>150 cm),medium (50-150 cm),light,"heavy, medium, light",low,low,low (<4 dS/m),low (<4 dS/m),well (dry spells),"poorly (saturated >50% of year), well (dry spells)",-10,-1.0,"short day (<12 hours), neutral day (12-14 hours), long day (>14 hours)","desert or arid (Bw), steppe or semiarid (Bs)","fire, drought",,can become a weed,,30.0,180.0,original_rule,edible_flag,high,Acacia murrayana,1,,legume,0,,0,0
PP:509,both,acacia saligna,exact_scientific_name,high,509.0,Plant,https://permapeople.org/plants/acacia-saligna,Acacia saligna,Acacia saligna,Fabaceae or leguminosae,,7-10,7.0,10.0,6.0,Fast,Shrubs,1.0,Flowers,Gum,"Animal feed, Fire starter, Gum, Hedgerow, Erosion control, Tannin, Nitrogen fixer",1.0,0.0,0.0,0.0,1.0,1.0,0.0,1.0,1.0,1.0,vegetable,1.0,Edible parts contains Leaves/Stem/Flowers,2695,Acacia saligna,(Labill) H.,Magnoliopsida:Rosidae:Fabales:Leguminosae,"Acacia cyanophylla Lindl., Mimosa saligna Labill., Racosperma salignum (Labill.) Pedley","Golden wreath wattle, Orange Wattle, Blue-leaf wattle, Port Jackson wattle, Weeping wattle, Port Jackson willow, Port Jackson acacia, Golden willow, Blue-leaved willow, Port Jackson, Goudwilger, Bloublaarwattel","shrub, tree",erect,perennial,"evergreen, single stem, multi stem","forest/wood, environmental",grown on small scale,20.0,32.0,5.0,36.0,400.0,700.0,300.0,1000.0,5.5,7.0,4.5,8.0,28.0,25.0,33.0,34.0,2600.0,very bright,cloudy skies,very bright,light shade,medium (50-150 cm),shallow (20-50 cm),"medium, light","heavy, medium, light",low,low,low (<4 dS/m),medium (4-10 dS/m),"well (dry spells), excessive (dry/moderately dry)","well (dry spells), excessive (dry/moderately dry)",,,"short day (<12 hours), neutral day (12-14 hours), long day (>14 hours)","tropical wet & dry (Aw), steppe or semiarid (Bs), subtropical dry winter (Cw)","fire, wind, drought, coastal salt spray",,can become a weed,,120.0,240.0,original_rule,edible_flag,high,Acacia saligna,1,,leafy_herb,0,,0,0
PP:510,both,acacia melanoxylon,exact_scientific_name,high,510.0,Plant,https://permapeople.org/plants/acacia-melanoxylon,Acacia melanoxylon,Acacia melanoxylon,Fabaceae or leguminosae,,9-11,9.0,11.0,30.0,Fast,Tall trees,1.0,Flowers,,"Dye, Erosion control, Tannin, Lumber, Nitrogen fixer, Fragrance",1.0,0.0,0.0,0.0,1.0,1.0,0.0,1.0,1.0,0.0,vegetable,1.0,Edible parts contains Leaves/Stem/Flowers,2661,Acacia melanoxylon,R. Br.,Magnoliopsida:Rosidae:Fabales:Leguminosae,,"Australian blackwood, blackwood, swarthout","shrub, tree",erect,perennial,"evergreen, single stem, multi stem","materials, forest/wood, environmental, weed",,18.0,22.0,4.0,30.0,800.0,2200.0,600.0,2700.0,6.0,6.5,5.0,7.5,34.0,17.0,43.0,43.0,2700.0,very bright,cloudy skies,very bright,light shade,deep (>>150 cm),medium (50-150 cm),"medium, light","heavy, medium, light",high,moderate,low (<4 dS/m),low (<4 dS/m),well (dry spells),"poorly (saturated >50% of year), well (dry spells), excessive (dry/moderately dry)",-8,-1.0,"short day (<12 hours), neutral day (12-14 hours), long day (>14 hours)","subtropical humid (Cf), temperate oceanic (Do)",coastal salt spray,,can become a weed,,300.0,365.0,original_rule,edible_flag,high,Acacia melanoxylon,1,,leafy_herb,0,,0,0
PP:511,both,acacia pycnantha,exact_scientific_name,high,511.0,Plant,https://permapeople.org/plants/acacia-pycnantha,Acacia pycnantha,Acacia pycnantha,Fabaceae or leguminosae,,7-10,7.0,10.0,8.0,Fast,Trees,1.0,Flowers,Gum,"Dye, Gum, Erosion control, Tannin, Nitrogen fixer",1.0,0.0,0.0,0.0,1.0,1.0,0.0,1.0,0.0,0.0,vegetable,1.0,Edible parts contains Leaves/Stem/Flowers,2685,Acacia pycnantha,Benth.,Magnoliopsida:Rosidae:Fabales:Leguminosae,,"Golden wattle, Australian Golden Wattle, Pycnantha wattle, Broad-leved wattle, Sickle-leaved wattle, Sickleleaf, South Australian golden wattle, Gouewattel","shrub, tree",erect,perennial,"single stem, multi stem","materials, ornamentals/turf, environmental, weed",,20.0,28.0,5.0,35.0,1000.0,1600.0,600.0,2300.0,6.0,7.0,5.0,7.5,30.0,30.0,38.0,38.0,800.0,very bright,clear skies,very bright,cloudy skies,medium (50-150 cm),medium (50-150 cm),"heavy, medium, light","heavy, medium, light",low,low,low (<4 dS/m),low (<4 dS/m),well (dry spells),well (dry spells),-2,-1.0,"short day (<12 hours), neutral day (12-14 hours), long day (>14 hours)",temperate oceanic (Do),,,can become a weed,,90.0,270.0,original_rule,edible_flag,high,Acacia pycnantha,1,,leafy_herb,0,,0,0
PP:515,both,acacia podalyriifolia,exact_scientific_name,high,515.0,Plant,https://permapeople.org/plants/acacia-podalyriifolia,Acacia podalyriifolia,Acacia podalyriifolia,Fabaceae or leguminosae,,7-10,7.0,10.0,3.0,,Trees,1.0,Flowers,,"Dye, Erosion control, Nitrogen fixer, Fragrance",1.0,0.0,0.0,0.0,1.0,1.0,0.0,1.0,1.0,0.0,vegetable,1.0,Edible parts contains Leaves/Stem/Flowers,2681,Acacia podalyriifolia,A. Cunn.,Magnoliopsida:Rosidae:Fabales:Leguminosae,,"Mount Morgan Wattle, Queensland Silver Wattle","shrub, tree",erect,perennial,"evergreen, single stem, multi stem","ornamentals/turf, forest/wood, environmental",,18.0,32.0,10.0,40.0,700.0,1000.0,500.0,1200.0,5.0,6.0,4.5,6.5,23.0,23.0,29.0,29.0,700.0,very bright,clear skies,very bright,cloudy skies,shallow (20-50 cm),shallow (20-50 cm),"medium, light","heavy, medium, light",low,low,low (<4 dS/m),low (<4 dS/m),well (dry spells),"well (dry spells), excessive (dry/moderately dry)",-5,0.0,"short day (<12 hours), neutral day (12-14 hours), long day (>14 hours)","steppe or semiarid (Bs), subtropical humid (Cf)",,,,,180.0,240.0,original_rule,edible_flag,high,Acacia podalyriifolia,1,,leafy_herb,0,,0,0
PP:518,both,adenanthera pavonina,exact_scientific_name,high,518.0,Plant,https://permapeople.org/plants/adenanthera-pavonina,Adenanthera pavonina,Adenanthera pavonina,Fabaceae,,10-12,10.0,12.0,18.0,Fast,Tall trees,1.0,"Flowers, Leaves, Seed",,"Fire starter, Dye, Fiber, Animal feed, Cover crop, Hair, Pioneer, Wind breaker, Soap, Lumber, Coppice, Nitrogen fixer",1.0,0.0,0.0,0.0,0.0,1.0,0.0,1.0,1.0,1.0,legume,1.0,Family == Fabaceae and Edible parts contains Seed/Pod,318,Adenanthera pavonina,L.,Magnoliopsida:Rosidae:Fabales:Leguminosae,,"Acacia Coral, adenantero, Agati, Agati Petite Feuille, Arbreglise, Barbados coralwood, Barbados pride, bead tree, Bois Noir de Bourbon, Bois Noir la Graine, Bois Noir Rouge, Bois Noir, caralillo, caralín, carolina, chan‚trèi, circassian bean, circassian seed, Corail Vegetale, Coral Wood, coral, Coralitos, coralitos peonía, crab's eyes, Curly Bean, Deleite, Delicia, Dilmawi, église, Extranjera, flower-fence, Graine-r‚glisse, Graines Rouges, Jumbi Bead, L‚glise, jumbie bead, kitoke laut, Lagati, lam, legliz, Lera, lopa, ma clam ta cheng, ma clam ton, ma hok daeng, mai-chek, malatinglin, mangelim, olho de pavao, Paina, peacock flower-fence, peronía, peronías, Pitipitio, Pomea, Popoa, R‚glisse, raktakambal, Red Bead Tree, Red Sandalwood Tree, Red Sandalwood, reglisse, saga telik, saga tumpul, saga, sandal bead tree, segawe sabrang, suga, temo-carolina, tento carolina, Vaivai Ni Vavalagired, sandalwood tree, zumbic tree",tree,erect,perennial,"deciduous, single stem","forage/pasture, vegetables, materials, ornamentals/turf, medicinals & aromatic, forest/wood, environmental",,22.0,28.0,12.0,36.0,3000.0,5000.0,2000.0,6000.0,5.0,7.0,4.5,7.5,,,30.0,35.0,400.0,cloudy skies,clear skies,light shade,very bright,deep (>>150 cm),shallow (20-50 cm),"medium, light","heavy, medium, light, wide, organic",high,moderate,low (<4 dS/m),low (<4 dS/m),well (dry spells),"well (dry spells), excessive (dry/moderately dry)",,,,"tropical wet & dry (Aw), tropical wet (Ar), subtropical humid (Cf)",,wind,,,365.0,365.0,original_rule,edible_flag,high,Adenanthera pavonina,1,,legume,0,,0,0
PP:569,both,amaranthus tricolor,exact_scientific_name,high,569.0,Plant,https://permapeople.org/plants/amaranthus-tricolor,Amaranthus tricolor,Amaranthus tricolor,Amaranthaceae,Annual,2-11,2.0,11.0,1.0,Medium,,1.0,"Leaves, Seed, Stem",,"Dye, Dynamic accumulator",1.0,1.0,0.0,0.0,0.0,1.0,0.0,1.0,1.0,1.0,vegetable,1.0,Edible parts contains Leaves/Stem/Flowers,2190,Amaranthus tricolor,L.,Magnoliopsida:Caryophyllidae:Caryophyllales:Amaranthaceae,"Amaranthus gangeticus L., Amaranthus mangostanus L., Amaranthus melancholicus L., Amaranthus oleraceus Burm.f., Amaranthus tristis L.",,herb,erect,annual,C4 photosynthesis,"vegetables, ornamentals/turf",grown on small scale,22.0,30.0,8.0,45.0,1200.0,1500.0,300.0,2700.0,5.5,7.5,4.3,8.0,,,20.0,20.0,800.0,very bright,very bright,very bright,cloudy skies,medium (50-150 cm),shallow (20-50 cm),"heavy, medium, light, organic","heavy, medium, light",high,moderate,low (<4 dS/m),medium (4-10 dS/m),well (dry spells),"well (dry spells), excessive (dry/moderately dry)",4,0.0,"short day (<12 hours), neutral day (12-14 hours), long day (>14 hours)","tropical wet & dry (Aw), tropical wet (Ar), steppe or semiarid (Bs), subtropical humid (Cf), subtropical dry summer (Cs), subtropical dry winter (Cw)",,,,,30.0,300.0,original_rule,edible_flag,high,Amaranthus mangostanus; Amaranthus tricolor,2,,leafy_herb,0,,0,0
PP:570,both,celosia argentea,species_binomial_inheritance,medium,570.0,Plant,https://permapeople.org/plants/celosia-argentea-cristata,Celosia argentea cristata,Celosia argentea cristata,Amaranthaceae,Annual,9-12,9.0,12.0,0.5,Fast,,1.0,"Leaves, Shoots",Oil,"oil, Pest control",1.0,1.0,0.0,0.0,1.0,1.0,0.0,1.0,1.0,1.0,vegetable,1.0,Edible parts contains Leaves/Stem/Flowers,660,Celosia argentea,L.,Magnoliopsida:Caryophyllidae:Caryophyllales:Amaranthaceae,"Celosia cristata L., Celosia linearis Sweet ex Hook.f.",Celosia,herb,erect,annual,,vegetables,grown on small scale,25.0,30.0,20.0,40.0,1500.0,2500.0,1000.0,3000.0,6.0,6.5,5.5,7.5,,,,,,very bright,very bright,very bright,clear skies,medium (50-150 cm),shallow (20-50 cm),"heavy, medium, light, organic","heavy, medium, light",high,moderate,low (<4 dS/m),low (<4 dS/m),well (dry spells),well (dry spells),5,5.0,,"tropical wet & dry (Aw), tropical wet (Ar)",,,,,30.0,120.0,original_rule,edible_flag,high,Celosia argentea cristata,1,,leafy_herb,0,,0,0
PP:571,both,amaranthus viridis,ecocrop_synonym_binomial,medium,571.0,Plant,https://permapeople.org/plants/amaranthus-viridis,Amaranthus viridis,Amaranthus viridis,Amaranthaceae,Annual,7-11,7.0,11.0,0.5,,,1.0,"Leaves, Seed",,"Dye, Dynamic accumulator",1.0,0.0,0.0,0.0,0.0,1.0,0.0,1.0,1.0,1.0,vegetable,1.0,Edible parts contains Leaves/Stem/Flowers,2189,Amaranthus lividus,L.,Magnoliopsida:Caryophyllidae:Caryophyllales:Amaranthaceae,Amaranthus viridis var. leiocarpa Gagnep.,,herb,erect,annual,"multi stem, C4 photosynthesis",vegetables,grown on large scale,21.0,27.0,18.0,32.0,1200.0,1500.0,200.0,2700.0,5.5,7.0,4.3,7.5,,,30.0,30.0,800.0,very bright,very bright,very bright,cloudy skies,medium (50-150 cm),shallow (20-50 cm),"heavy, medium, light, organic","heavy, medium, light",high,moderate,low (<4 dS/m),medium (4-10 dS/m),well (dry spells),"well (dry spells), excessive (dry/moderately dry)",4,0.0,"short day (<12 hours), neutral day (12-14 hours), long day (>14 hours)","tropical wet & dry (Aw), desert or arid (Bw), steppe or semiarid (Bs), subtropical humid (Cf), subtropical dry winter (Cw)",,,,,30.0,300.0,original_rule,edible_flag,high,Amaranthus viridis,1,,leafy_herb,0,,0,0
PP:579,both,aloe ferox,exact_scientific_name,high,579.0,Plant,https://permapeople.org/plants/aloe-ferox,Aloe ferox,Aloe ferox,Xanthorrhoeaceae,,9-11,9.0,11.0,3.0,Slow,Shrubs,1.0,"Flowers, Leaves",Tea,"Cosmetic, Fencing, Hair",1.0,0.0,0.0,0.0,1.0,0.0,0.0,1.0,1.0,0.0,vegetable,1.0,Edible parts contains Leaves/Stem/Flowers,3036,Aloe ferox,Miller,Liliopsida:Liliidae:Asparagales:Asphodelaceae,,"aloe, bitter aloe, bitteraalwyn, kaapse aalwyn, umhlaba, iNhlaba, iKhala",herb,"erect, acaulescent (or rosette plants)",perennial,,medicinals & aromatic,grown on small scale,18.0,26.0,10.0,30.0,500.0,600.0,300.0,800.0,6.5,7.0,6.0,7.5,20.0,20.0,40.0,40.0,2000.0,very bright,clear skies,very bright,cloudy skies,medium (50-150 cm),shallow (20-50 cm),light,"medium, light",moderate,low,low (<4 dS/m),low (<4 dS/m),well (dry spells),"well (dry spells), excessive (dry/moderately dry)",-2,0.0,short day (<12 hours),"steppe or semiarid (Bs), subtropical dry summer (Cs)",,,,small scale (manual),120.0,150.0,original_rule,edible_flag,high,Aloe ferox,1,,leafy_herb,0,,0,0
PP:589,both,trifolium hybridum,exact_scientific_name,high,589.0,Plant,https://permapeople.org/plants/trifolium-hybridum,Trifolium hybridum,Trifolium hybridum,Fabaceae or leguminosae,Perennial,,,,0.6,,,1.0,"Flowers, Leaves",Tea,"Animal feed, Dynamic accumulator, Nitrogen fixer",1.0,0.0,0.0,0.0,0.0,1.0,0.0,1.0,1.0,1.0,vegetable,1.0,Edible parts contains Leaves/Stem/Flowers,10533,Trifolium hybridum,L.,Magnoliopsida:Rosidae:Fabales:Leguminosae,"T. elegans Savi (ssp. elegans), Amoria hybrida","alsike clover, hybrid clover, Swedish clover, Alsatian clover, trefle de Suede, trefle hybride, Schwedenklee, trifoglio ibrido, alsike-kløver, smuk kløver, alsikekløver, alsikeapila, túnsmári, trevo hibrido, trevo da Suecia, trebol hibrido, trebol sueco, alsikeklöver, Trifolii albi et rubri flos",herb,"erect, prostrate/procumbent/semi-erect",perennial,multi stem,forage/pasture,grown on large scale,12.0,20.0,4.0,27.0,700.0,900.0,300.0,1800.0,5.5,6.5,4.5,8.0,50.0,45.0,65.0,70.0,2000.0,very bright,clear skies,very bright,cloudy skies,shallow (20-50 cm),shallow (20-50 cm),"heavy, medium",wide,high,moderate,low (<4 dS/m),medium (4-10 dS/m),"poorly (saturated >50% of year), well (dry spells)","poorly (saturated >50% of year), well (dry spells)",-10,0.0,long day (>14 hours),"tropical wet & dry (Aw), tropical wet (Ar), steppe or semiarid (Bs), subtropical humid (Cf), subtropical dry summer (Cs), subtropical dry winter (Cw), temperate oceanic (Do), temperate continental (Dc), temperate with humid winters (Df), temperate with dry winters (Dw), boreal (E)","flooding, grazing/browsing, trampling",,,large scale/commercial,90.0,150.0,original_rule,edible_flag,high,Trifolium hybridum,1,,leafy_herb,0,,0,0
PP:591,both,trifolium incarnatum,exact_scientific_name,high,591.0,Plant,https://permapeople.org/plants/trifolium-incarnatum,Trifolium incarnatum,Trifolium incarnatum,Fabaceae or leguminosae,Annual,3-9,3.0,9.0,0.5,Medium,,1.0,Seed,Tea,"Cover crop, Soil reclamation, Dynamic accumulator, Nitrogen fixer",1.0,0.0,0.0,0.0,0.0,1.0,0.0,1.0,1.0,1.0,legume,1.0,Family == Fabaceae and Edible parts contains Seed/Pod,10534,Trifolium incarnatum,L.,Magnoliopsida:Rosidae:Fabales:Leguminosae,,"French clover, crimson clover, Italian clover, carnation clover, scarlet clover, trefle du Rousillon, inkarnat klee, blut klee, trifoglio incarnato, trevo carmesim, trébol rojo",herb,prostrate/procumbent/semi-erect,annual,multi stem,"forage/pasture, environmental",,13.0,22.0,4.0,28.0,700.0,1000.0,300.0,1500.0,6.0,7.0,4.8,8.3,35.0,10.0,60.0,60.0,,very bright,clear skies,very bright,cloudy skies,medium (50-150 cm),shallow (20-50 cm),"heavy, medium, light","heavy, medium, light",moderate,moderate,low (<4 dS/m),low (<4 dS/m),well (dry spells),well (dry spells),,,long day (>14 hours),"tropical wet & dry (Aw), steppe or semiarid (Bs), subtropical humid (Cf), subtropical dry summer (Cs), temperate oceanic (Do), temperate continental (Dc), temperate with humid winters (Df), temperate with dry winters (Dw)",,,,,100.0,170.0,original_rule,edible_flag,high,Trifolium incarnatum,1,,legume,0,,0,0
PP:592,both,trifolium subterraneum,exact_scientific_name,high,592.0,Plant,https://permapeople.org/plants/trifolium-subterraneum,Trifolium subterraneum,Trifolium subterraneum,Fabaceae or leguminosae,Annual,7-10,7.0,10.0,0.2,,,1.0,Leaves,,"Cover crop, Dynamic accumulator, Nitrogen fixer",1.0,0.0,0.0,0.0,0.0,1.0,0.0,1.0,1.0,1.0,vegetable,1.0,Edible parts contains Leaves/Stem/Flowers,10544,Trifolium subterraneum,L.,Magnoliopsida:Rosidae:Fabales:Leguminosae,,"subterranean clover, subclover, trébol subterráneo, bodenfrüchtiger klee, bodenblütiger klee, trèfle souterrain, trifoglio sotterraneo, trevo subterraneo",herb,prostrate/procumbent/semi-erect,annual,,"forage/pasture, cover crop",grown on large scale,15.0,25.0,3.0,30.0,500.0,1000.0,250.0,1630.0,5.5,6.5,4.5,8.2,30.0,25.0,50.0,55.0,1300.0,cloudy skies,very bright,light shade,very bright,shallow (20-50 cm),shallow (20-50 cm),light,"heavy, medium, light",moderate,low,low (<4 dS/m),low (<4 dS/m),well (dry spells),well (dry spells),-15,0.0,long day (>14 hours),"steppe or semiarid (Bs), subtropical dry summer (Cs), temperate oceanic (Do)",,,,large scale/commercial,100.0,240.0,original_rule,edible_flag,high,Trifolium subterraneum,1,,leafy_herb,0,,0,0
PP:597,both,trifolium variegatum,exact_scientific_name,high,597.0,Plant,https://permapeople.org/plants/trifolium-variegatum,Trifolium variegatum,Trifolium variegatum,Fabaceae or leguminosae,Annual,,,,1.0,,,1.0,"Flowers, Leaves",,Nitrogen fixer,1.0,0.0,0.0,0.0,0.0,1.0,0.0,1.0,1.0,1.0,vegetable,1.0,Edible parts contains Leaves/Stem/Flowers,10547,Trifolium variegatum,Nutt.,Magnoliopsida:Rosidae:Fabales:Leguminosae,,white-tip clover,herb,prostrate/procumbent/semi-erect,annual,multi stem,forage/pasture,,14.0,19.0,6.0,25.0,800.0,1000.0,560.0,1300.0,6.0,6.5,5.5,7.0,,,,,3000.0,very bright,cloudy skies,very bright,light shade,shallow (20-50 cm),shallow (20-50 cm),"heavy, medium, light","heavy, medium, light",moderate,low,low (<4 dS/m),low (<4 dS/m),poorly (saturated >50% of year),"poorly (saturated >50% of year), well (dry spells)",-5,-1.0,long day (>14 hours),"temperate oceanic (Do), temperate continental (Dc), temperate with humid winters (Df), temperate with dry winters (Dw)",,,,,120.0,180.0,original_rule,edible_flag,high,Trifolium variegatum,1,,leafy_herb,0,,0,0
PP:599,both,theobroma cacao,exact_scientific_name,high,599.0,Plant,https://permapeople.org/plants/theobroma-cacao,Theobroma cacao,Theobroma cacao,Malvaceae,,10-12,10.0,12.0,8.0,Medium,Trees,1.0,Seed,"Oil, Chocolate, Colouring, Drink","Fire starter, Cosmetic, Fiber, oil, textiles, Soap making, Weaving material, Lumber",1.0,1.0,0.0,1.0,0.0,1.0,0.0,0.0,1.0,1.0,other_productive,1.0,"Edible == true, no more specific rule matched",2074,Theobroma cacao,L.,Magnoliopsida:Dilleniidae:Malvales:Sterculiaceae,,"cocoa, cacao, koko, Kakao",tree,erect,perennial,"semi evergreen, deciduous, single stem","fruits & nuts, medicinals & aromatic",grown on large scale,21.0,32.0,10.0,38.0,1200.0,3000.0,900.0,7600.0,5.0,6.5,4.0,8.0,,,10.0,20.0,900.0,clear skies,light shade,very bright,heavy shade,deep (>>150 cm),medium (50-150 cm),"heavy, organic","heavy, medium, light",moderate,moderate,low (<4 dS/m),low (<4 dS/m),well (dry spells),well (dry spells),5,0.0,"short day (<12 hours), neutral day (12-14 hours), long day (>14 hours)","tropical wet & dry (Aw), tropical wet (Ar)",,,,,180.0,365.0,original_rule,edible_flag,high,Theobroma cacao,1,,other,0,,0,0
PP:608,both,terminalia catappa,exact_scientific_name,high,608.0,Plant,https://permapeople.org/plants/terminalia-catappa,Terminalia catappa,Terminalia catappa,Combretaceae,,10-12,10.0,12.0,30.0,Fast,Tall trees,1.0,"Fruit, Seed","Oil, Gum","Containers, Dye, Animal feed, Lumber, Gum, Ink, Mulch, oil, Soil conditioner, Erosion control, Tannin",1.0,0.0,0.0,0.0,0.0,1.0,0.0,1.0,1.0,0.0,fruit_tree,1.0,Layer contains 'Tree' and Edible parts contains 'Fruit',2062,Terminalia catappa,,Magnoliopsida:Rosidae:Myrtales:Combretaceae,,"Tropical almond, Indian almond, sea almond, badamier (Fr.), daile, natapoa, alita, talie, telie, Tatalise (Roviana), Talise (Simbo/Marovo), Java almond",tree,erect,perennial,"evergreen, deciduous, single stem","fruits & nuts, materials, ornamentals/turf, forest/wood, environmental",,21.0,32.0,10.0,36.0,1500.0,3400.0,700.0,4200.0,5.0,7.0,4.3,8.0,,,10.0,15.0,800.0,very bright,cloudy skies,very bright,light shade,medium (50-150 cm),shallow (20-50 cm),light,"heavy, medium, light",high,low,low (<4 dS/m),medium (4-10 dS/m),well (dry spells),"poorly (saturated >50% of year), well (dry spells), excessive (dry/moderately dry)",,,short day (<12 hours),"tropical wet & dry (Aw), tropical wet (Ar)","wind, drought, coastal salt spray",,,,300.0,365.0,original_rule,edible_flag,high,Terminalia catappa,1,,fruit_tree,0,,0,0
PP:609,both,terminalia chebula,exact_scientific_name,high,609.0,Plant,https://permapeople.org/plants/terminalia-chebula,Terminalia chebula,Terminalia chebula,Combretaceae,,10-12,10.0,12.0,25.0,Slow,Tall trees,1.0,"Fruit, Seed","Oil, Salt","Dye, Lumber, Ink, Mordant, oil, Pest control, Tannin",1.0,0.0,0.0,0.0,0.0,1.0,0.0,1.0,1.0,1.0,fruit_tree,1.0,Layer contains 'Tree' and Edible parts contains 'Fruit',10327,Terminalia chebula,(Gaertner) Retz.,Magnoliopsida:Rosidae:Myrtales:Combretaceae,,,tree,erect,perennial,"deciduous, single stem","materials, medicinals & aromatic, environmental",,22.0,35.0,5.0,47.0,1000.0,1700.0,750.0,3300.0,5.5,6.5,5.0,7.5,,,,,2000.0,very bright,clear skies,very bright,light shade,deep (>>150 cm),medium (50-150 cm),"heavy, medium, light","heavy, medium, light",moderate,low,low (<4 dS/m),low (<4 dS/m),well (dry spells),"well (dry spells), excessive (dry/moderately dry)",-5,-1.0,short day (<12 hours),"tropical wet & dry (Aw), tropical wet (Ar)","fire, drought",,,,150.0,240.0,original_rule,edible_flag,high,Terminalia chebula,1,,fruit_tree,0,,0,0
PP:611,both,telfairia occidentalis,exact_scientific_name,high,611.0,Plant,https://permapeople.org/plants/telfairia-occidentalis,Telfairia occidentalis,Telfairia occidentalis,Cucurbitaceae,,10-12,10.0,12.0,15.0,Fast,Vines,1.0,"Fruit, Leaves, Seed, Shoots","Oil, Condiment","Fiber, oil, Paint, Varnish",1.0,1.0,0.0,1.0,0.0,1.0,0.0,1.0,1.0,1.0,edible_vine,1.0,Layer contains 'Vine(s)' and Edible == true,10307,Telfairia occidentalis,Hook. f.,Magnoliopsida:Dilleniidae:Violales:Cucurbitaceae,,,vine,climber/scrambler/scadent,perennial,,vegetables,,21.0,30.0,19.0,38.0,1900.0,2200.0,1500.0,2700.0,5.0,6.0,4.5,7.0,,,,,1000.0,very bright,light shade,very bright,heavy shade,medium (50-150 cm),shallow (20-50 cm),"medium, organic","heavy, medium, light",high,low,low (<4 dS/m),low (<4 dS/m),"poorly (saturated >50% of year), well (dry spells)","poorly (saturated >50% of year), well (dry spells), excessive (dry/moderately dry)",5,5.0,short day (<12 hours),"tropical wet & dry (Aw), tropical wet (Ar)",,,,,80.0,270.0,original_rule,edible_flag,high,Telfairia occidentalis,1,,fruiting,0,,0,0
PP:619,both,prosopis juliflora,exact_scientific_name,high,619.0,Plant,https://permapeople.org/plants/prosopis-juliflora,Prosopis juliflora,Prosopis juliflora,Fabaceae,,7-12,7.0,12.0,10.0,Fast,Trees,1.0,"Flowers, Inner bark, Root, Seed, Seedpod","Drink, Gum, Sweetener, Tea","Adhesive, Fire starter, Dye, Fencing, Fiber, Lumber, Gum, textiles, Resin, Wind breaker, Soil reclamation, Erosion control, Tannin, Coppice, Nitrogen fixer",1.0,0.0,0.0,0.0,1.0,1.0,0.0,1.0,1.0,0.0,root_crop,1.0,Layer or Edible parts indicates Root/Tuber,8951,Prosopis juliflora,(Sw.) DC.,Magnoliopsida:Rosidae:Fabales:Leguminosae,"Algarobia juliflora (Swartz) Benth. ex Heynh., Mimosa juliflora Swartz., Mimosa salinarum Vahl., Netuma juliflora (Swartz) Raf., Prosopis cumanensis Kunth., Prosopis dominguensis DC., Prosopis vidaliana Naves.","algarroba, vilayati babul",tree,erect,perennial,"evergreen, deciduous, single stem, C3 photosynthesis","forage/pasture, fruits & nuts, ornamentals/turf, medicinals & aromatic, forest/wood",grown on large scale,22.0,35.0,14.0,45.0,300.0,750.0,150.0,1200.0,6.5,7.5,5.5,8.5,,,30.0,35.0,2900.0,very bright,very bright,very bright,clear skies,deep (>>150 cm),medium (50-150 cm),"medium, light","heavy, medium, light",low,low,low (<4 dS/m),medium (4-10 dS/m),well (dry spells),"well (dry spells), excessive (dry/moderately dry)",2,0.0,short day (<12 hours),"tropical wet & dry (Aw), desert or arid (Bw), steppe or semiarid (Bs), subtropical humid (Cf), subtropical dry summer (Cs)",,,,,120.0,180.0,original_rule,edible_flag,high,Prosopis juliflora,1,,root,0,,0,0
PP:623,both,elaeis oleifera,exact_scientific_name,high,623.0,Plant,https://permapeople.org/plants/elaeis-oleifera,Elaeis oleifera,Elaeis oleifera,Arecaceae,,10-12,10.0,12.0,4.0,Slow,Trees,1.0,"Fruit, Seed",Oil,"Cosmetic, Hair, oil, Soap",1.0,0.0,0.0,0.0,0.0,1.0,0.0,1.0,1.0,1.0,fruit_tree,1.0,Layer contains 'Tree' and Edible parts contains 'Fruit',5632,Elaeis oleifera,(Kunth) Cortes,Liliopsida:Arecidae:Arecales:Palmae,,,tree,erect,perennial,"evergreen, single stem",materials,grown on small scale,20.0,30.0,14.0,34.0,1400.0,2500.0,700.0,3500.0,5.5,6.5,5.0,7.3,,,20.0,20.0,510.0,very bright,very bright,very bright,cloudy skies,medium (50-150 cm),shallow (20-50 cm),"heavy, medium","heavy, medium, light",high,moderate,low (<4 dS/m),low (<4 dS/m),well (dry spells),well (dry spells),8,8.0,"short day (<12 hours), neutral day (12-14 hours), long day (>14 hours)","tropical wet & dry (Aw), tropical wet (Ar)",,,,,240.0,330.0,original_rule,edible_flag,high,Elaeis oleifera,1,,fruit_tree,0,,0,0
PP:628,both,amaranthus hybridus,exact_scientific_name,high,628.0,Plant,https://permapeople.org/plants/amaranthus-hybridus,Amaranthus hybridus,Amaranthus hybridus,Amaranthaceae,Annual,6-12,6.0,12.0,2.0,,,1.0,"Leaves, Seed",,"Dye, Dynamic accumulator",1.0,0.0,0.0,0.0,0.0,1.0,0.0,1.0,1.0,1.0,vegetable,1.0,Edible parts contains Leaves/Stem/Flowers,3086,Amaranthus hybridus,L.,Magnoliopsida:Caryophyllidae:Caryophyllales:Amaranthaceae,"Amaranthus cruentus L., Amaranthus paniculatus L.","smooth pigweed, slender amaranth, quintonil (Mex), umfino, gewone misbridie, xian, phak khom, bayam, tete (Nir), urai (Phil)",herb,erect,annual,,vegetables,grown on small scale,12.0,30.0,8.0,35.0,400.0,600.0,300.0,700.0,6.5,7.5,6.0,8.5,,,30.0,35.0,1300.0,very bright,very bright,clear skies,very bright,medium (50-150 cm),shallow (20-50 cm),medium,wide,moderate,low,low (<4 dS/m),low (<4 dS/m),well (dry spells),"well (dry spells), excessive (dry/moderately dry)",4,0.0,long day (>14 hours),"tropical wet & dry (Aw), steppe or semiarid (Bs)",,flooding,,small scale (manual),30.0,60.0,original_rule,edible_flag,high,Amaranthus hybridus,1,,leafy_herb,0,,0,0
PP:629,both,amaranthus hypochondriacus,exact_scientific_name,high,629.0,Plant,https://permapeople.org/plants/amaranthus-hypochondriacus,Amaranthus hypochondriacus,Amaranthus hypochondriacus,Amaranthaceae,"Annual, Perennial",3-10,3.0,10.0,1.2,,,1.0,"Leaves, Seed",Colouring,"Dye, Dynamic accumulator",1.0,0.0,0.0,0.0,0.0,1.0,0.0,1.0,1.0,1.0,vegetable,1.0,Edible parts contains Leaves/Stem/Flowers,3090,Amaranthus hypochondriacus,L.,Magnoliopsida:Caryophyllidae:Caryophyllales:Amaranthaceae,,prince's feather,herb,erect,annual,C4 photosynthesis,"cereals & pseudocereals, vegetables",grown on large scale,19.0,23.0,10.0,32.0,1000.0,1600.0,500.0,2500.0,6.0,7.0,5.5,7.5,10.0,10.0,30.0,30.0,,clear skies,clear skies,very bright,cloudy skies,medium (50-150 cm),shallow (20-50 cm),"heavy, medium, light, organic","heavy, medium, light",high,moderate,low (<4 dS/m),medium (4-10 dS/m),well (dry spells),well (dry spells),4,0.0,"short day (<12 hours), neutral day (12-14 hours), long day (>14 hours)","tropical wet & dry (Aw), tropical wet (Ar), subtropical humid (Cf), subtropical dry summer (Cs), subtropical dry winter (Cw)",,,,,30.0,300.0,original_rule,edible_flag,high,Amaranthus hypochondriacus,1,,leafy_herb,0,,0,0
PP:637,both,alnus rubra,exact_scientific_name,high,637.0,Plant,https://permapeople.org/plants/alnus-rubra,Alnus rubra,Alnus rubra,Betulaceae,,7-8,7.0,8.0,20.0,Fast,Tall trees,1.0,"Flowers, Inner bark, Sap",,"Fire starter, Dye, Animal feed, Hedgerow, Pioneer, Wind breaker, Erosion control, Tannin, Lumber, Nitrogen fixer",1.0,1.0,0.0,0.0,0.0,1.0,1.0,0.0,1.0,1.0,vegetable,1.0,Edible parts contains Leaves/Stem/Flowers,3025,Alnus rubra,Bong.,Magnoliopsida:Hamamelidae:Fagales:Betulaceae,,"red alder, aune rouge, amieiro vermelho","shrub, tree",erect,perennial,"deciduous, single stem, multi stem","ornamentals/turf, forest/wood, environmental, weed",grown on small scale,17.0,32.0,4.0,45.0,1000.0,2000.0,600.0,3000.0,5.5,7.0,5.0,8.0,30.0,30.0,60.0,60.0,1000.0,very bright,very bright,very bright,clear skies,deep (>>150 cm),medium (50-150 cm),medium,"heavy, medium, light",moderate,low,low (<4 dS/m),low (<4 dS/m),well (dry spells),"poorly (saturated >50% of year), well (dry spells)",-30,-5.0,long day (>14 hours),"subtropical dry summer (Cs), temperate oceanic (Do)",flooding,,can become a weed,,180.0,300.0,original_rule,edible_flag,high,Alnus rubra,1,,leafy_herb,0,,0,0
PP:642,both,tragopogon porrifolius,exact_scientific_name,high,642.0,Plant,https://permapeople.org/plants/tragopogon-porrifolius,Tragopogon porrifolius,Tragopogon porrifolius,Asteraceae or compositae,Biennial,4-8,4.0,8.0,0.6,,,1.0,"Flowers, Leaves, Root, Seed, Shoots, Stem",Gum,Gum,1.0,0.0,0.0,0.0,0.0,1.0,0.0,1.0,1.0,1.0,root_crop,1.0,Layer or Edible parts indicates Root/Tuber,2442,Tragopogon porrifolius,L.,Magnoliopsida:Asteridae:Asterales:Compositae,,"salsify, oyster plant, vegetable oyster, purple goat's-beard, cercefi roxo, barba de bode",herb,"erect, acaulescent (or rosette plants)","annual, biennial",single stem,vegetables,grown on small scale,13.0,19.0,2.0,24.0,600.0,900.0,400.0,1100.0,6.5,7.5,6.0,8.0,40.0,35.0,55.0,60.0,,clear skies,cloudy skies,very bright,cloudy skies,medium (50-150 cm),shallow (20-50 cm),"medium, organic","heavy, medium, light",high,moderate,low (<4 dS/m),low (<4 dS/m),well (dry spells),"poorly (saturated >50% of year), well (dry spells)",-2,-1.0,long day (>14 hours),"steppe or semiarid (Bs), subtropical dry summer (Cs), temperate oceanic (Do)",,,,,120.0,180.0,original_rule,edible_flag,high,Tragopogon porrifolius,1,,leafy_herb,0,,0,0
PP:644,both,trapa natans,exact_scientific_name,high,644.0,Plant,https://permapeople.org/plants/trapa-natans,Trapa natans,Trapa natans,Trapaceae,Perennial,6-12,6.0,12.0,,,,1.0,Seed,,Crafting,1.0,0.0,0.0,0.0,0.0,0.0,0.0,1.0,1.0,1.0,other_productive,1.0,"Edible == true, no more specific rule matched",17278,Trapa natans,L.,Magnoliopsida:Rosidae:Myrtales:Trapaceae,,"water chestnut, water caltrop, water nut, horn chestnut, Jesuit's nut, saligot, castanha de agua, bull nut, vassnøtt, hornnød, wassernuß, sjönöt",herb,acaulescent (or rosette plants),annual,"deciduous, single stem","forage/pasture, fruits & nuts, ornamentals/turf, medicinals & aromatic",,15.0,25.0,10.0,35.0,500.0,1200.0,300.0,1600.0,5.5,7.5,5.0,8.2,40.0,5.0,53.0,55.0,1500.0,clear skies,very bright,cloudy skies,very bright,shallow (20-50 cm),shallow (20-50 cm),heavy,"heavy, medium, light, wide, organic",high,moderate,low (<4 dS/m),low (<4 dS/m),poorly (saturated >50% of year),poorly (saturated >50% of year),-25,0.0,,"tropical wet & dry (Aw), subtropical humid (Cf), subtropical dry summer (Cs), temperate oceanic (Do), temperate continental (Dc)",flooding,drought,can become a weed,,0.0,0.0,original_rule,edible_flag,high,Trapa natans,1,,other,0,,0,0
PP:676,both,solanum americanum,exact_scientific_name,high,676.0,Plant,https://permapeople.org/plants/solanum-americanum,Solanum americanum,Solanum americanum,Solanaceae,Annual,,,,1.0,,,1.0,"Fruit, Leaves",,,1.0,0.0,0.0,0.0,0.0,1.0,0.0,1.0,1.0,1.0,fruit,1.0,Edible parts contains 'Fruit' (non-tree layer),1961,Solanum americanum,L.,Magnoliopsida:Asteridae:Solanales:Solanaceae,Solanum nodiflorum Jacq.,"glossy nightshade, small flowered nightshade, American black nightshade, morelle noire, harsh, managu, key awuti",herb,prostrate/procumbent/semi-erect,annual,,"fruits & nuts, vegetables, medicinals & aromatic",grown on small scale,20.0,35.0,15.0,40.0,500.0,1200.0,400.0,1500.0,6.0,7.0,5.5,8.0,20.0,,50.0,50.0,2000.0,clear skies,very bright,light shade,very bright,,,organic,organic,,,,,,,,,not sensitive,"tropical wet & dry (Aw), tropical wet (Ar), subtropical dry summer (Cs), temperate oceanic (Do)",,,can become a weed,,0.0,0.0,original_rule,edible_flag,high,Solanum americanum,1,,fruiting,0,,0,1
PP:692,both,sorghum bicolor,exact_scientific_name,high,692.0,Plant,https://permapeople.org/plants/sorghum-bicolor,Sorghum bicolor,Sorghum bicolor,Poaceae or gramineae,Annual,9-12,9.0,12.0,5.0,Fast,,1.0,"Seed, Stem","Colouring, Sweetener","Adhesive, Biomass, Crafting, Dye, Fencing, Fire starter, Hair, Roofing, Tannin, Weaving material",1.0,0.0,0.0,0.0,1.0,1.0,0.0,1.0,1.0,1.0,vegetable,1.0,Edible parts contains Leaves/Stem/Flowers,48747,Sorghum bicolor,(L.) Moench,Liliopsida:Commelinidae:Cyperales:Gramineae,"Sorghum vulgare Pers., Holcus sorghum, Andropogon sorghum (L.) Brot.","bachanta, broom-corn, chicken corn, cholam, durra, grain sorghum, great millet, guinea corn, ipwa, jawa, jola, jowar, kafir corn, kaoliang, mashila, milo, mtama, sorghum, sorgho, sorgo, Hirse",grass,erect,annual,single stem,"cereals & pseudocereals, forage/pasture, medicinals & aromatic","grown on large scale, grown on small scale",22.0,35.0,8.0,40.0,400.0,600.0,300.0,700.0,5.5,7.5,5.0,8.0,10.0,,30.0,45.0,2500.0,very bright,very bright,clear skies,very bright,medium (50-150 cm),medium (50-150 cm),"heavy, medium",wide,high,low,low (<4 dS/m),medium (4-10 dS/m),well (dry spells),"well (dry spells), excessive (dry/moderately dry)",,,short day (<12 hours),"tropical wet & dry (Aw), steppe or semiarid (Bs), subtropical dry summer (Cs)",,,poisonous to man or animals,,90.0,300.0,original_rule,edible_flag,high,Sorghum bicolor; broom-corn,2,,leafy_herb,0,,0,0
PP:697,both,sparganium erectum,exact_scientific_name,high,697.0,Plant,https://permapeople.org/plants/sparganium-erectum,Sparganium erectum,Sparganium erectum,Sparganiaceae,Perennial,4-8,4.0,8.0,1.0,,,1.0,"Root, Stem",,,1.0,1.0,0.0,1.0,0.0,0.0,1.0,1.0,1.0,1.0,root_crop,1.0,Layer or Edible parts indicates Root/Tuber,17012,Sparganium erectum,L.,Liliopsida:Commelinidae:Typhales:Sparganiaceae,"Sparganium ramosum (Huds.), Sparganium eurycarpum (Engelm.)","bur-reed, branched bur-reed, aufrechter igelkolben, kjempe-piggknopp, grenet pindsvineknop, småfrugtet pindsvineknop, haarapalpakko, kantvass, storigelknopp, vanlig storigelknopp, grenigelknopp",grass,erect,perennial,"deciduous, multi stem","roots/tubers, vegetables, ornamentals/turf, medicinals & aromatic",harvested from wild,12.0,24.0,8.0,28.0,600.0,1200.0,400.0,1600.0,6.0,7.5,5.8,8.0,37.0,40.0,62.0,65.0,1500.0,cloudy skies,very bright,heavy shade,very bright,shallow (20-50 cm),shallow (20-50 cm),"heavy, organic","heavy, medium, light, wide, organic",high,moderate,low (<4 dS/m),low (<4 dS/m),poorly (saturated >50% of year),poorly (saturated >50% of year),-30,0.0,,"steppe or semiarid (Bs), subtropical dry summer (Cs), temperate oceanic (Do), temperate continental (Dc), boreal (E)",flooding,drought,,,180.0,270.0,original_rule,edible_flag,high,Sparganium erectum,1,,root,0,,0,0
PP:710,both,allium tuberosum,exact_scientific_name,high,710.0,Plant,https://permapeople.org/plants/allium-tuberosum,Allium tuberosum,Allium tuberosum,Alliaceae,,4-8,4.0,8.0,0.3,Fast,Herbs,1.0,"Flowers, Leaves, Root",Oil,oil,1.0,0.0,0.0,0.0,1.0,1.0,0.0,1.0,1.0,1.0,root_crop,1.0,Layer or Edible parts indicates Root/Tuber,594,Allium tuberosum,Rott. ex Spreng,Liliopsida:Liliidae:Asparagales:Alliaceae,Allium odoratum L.,"Chinese chives, Oriental garlic, nira, cuchay, ku ts'ai, cebolinho da China",herb,erect,"annual, perennial",,"vegetables, medicinals & aromatic",grown on large scale,10.0,20.0,2.0,35.0,850.0,2200.0,300.0,4000.0,6.0,6.8,5.3,8.3,30.0,,60.0,60.0,2000.0,very bright,very bright,very bright,clear skies,shallow (20-50 cm),shallow (20-50 cm),"medium, light","heavy, medium, light",high,low,low (<4 dS/m),low (<4 dS/m),well (dry spells),well (dry spells),,,long day (>14 hours),"tropical wet & dry (Aw), tropical wet (Ar), steppe or semiarid (Bs), subtropical humid (Cf), subtropical dry summer (Cs), subtropical dry winter (Cw), temperate oceanic (Do), temperate continental (Dc), temperate with humid winters (Df), temperate with dry winters (Dw), boreal (E)",,,,,70.0,100.0,original_rule,edible_flag,high,Allium tuberosum,1,,leafy_herb,0,,0,0
PP:726,both,colocasia esculenta,exact_scientific_name,high,726.0,Plant,https://permapeople.org/plants/colocasia-esculenta,Colocasia esculenta,Colocasia esculenta,Araceae,Perennial,9-11,9.0,11.0,1.0,Medium,,1.0,"Leaves, Root, Stem",,Animal feed,1.0,1.0,0.0,0.0,0.0,1.0,1.0,1.0,1.0,1.0,root_crop,1.0,Layer or Edible parts indicates Root/Tuber,758,Colocasia esculenta,(L.)Schott,Liliopsida:Arecidae:Arales:Araceae,"Alocasia dussii Dammer, Alocasia illustris Bull., Arum colocasia L, Arum colocasioides Desf., Arum esculentum L., Arum lividum Salisb., Arum nymphaeifolium (Vent.)Roxb., Arum peltatum Lam., Caladium acre R.Br., Caladium colocasia (L.)W.Wight, Caladium colocasioides (Desf.)Brongn., Caladium esculentum (L.) Vent., Caladium nymphaeifolium Vent., Colocasia acris (R.Br.)Schott., Colocasia antiquorum Schott., Colocasia antiquorum var. acris [Schott.] (R.Br.)Engl., Colocasia antiquorum var. aquatilis [Schott.] (Hassk.)Hassk. ex Engl., Colocasia antiquorum var. euchlora [Schott.] (K.Koch & Linden)Engl., Colocasia antiquorum var. esculenta [Schott.] (L.) Schott. ex Engl., Colocasia antiquorum var. fontanesii [Schott.] Schott ex Engl., Colocasia antiquorum var. globulifera [Schott.] Engl. & K.Krause, Colocasia antiquorum var. illustris [Schott.] (Bull)Engl., Colocasia antiquorum var. nymphaeifolia [Schott.] (Vent.)Engl., Colocasia antiquorum var. typica [Schott.] Engl., Colocasia esculenta var. acris [(L.)Schott.] (R.B","taro, eddo, kalo, dasheen, cocoyam, elephant ears, potato of the tropics, ciamo, inhame, malanga, tayoba, alcocaz, elefantenohr, arum, daun keladi, madumbe, khoai mon, mangasiva sasili, sika, ba, boka, botika, dalo, gaui, sali, votuki, te taororo, matiotio, tara, talo, maroepa",herb,erect,perennial,,"roots/tubers, vegetables, ornamentals/turf",grown on large scale,21.0,28.0,10.0,35.0,1800.0,2700.0,1000.0,4100.0,5.5,6.5,4.3,8.2,,,18.0,35.0,2700.0,clear skies,clear skies,very bright,light shade,medium (50-150 cm),medium (50-150 cm),"medium, organic","heavy, medium",high,moderate,low (<4 dS/m),medium (4-10 dS/m),"poorly (saturated >50% of year), well (dry spells)","poorly (saturated >50% of year), well (dry spells)",,,"short day (<12 hours), neutral day (12-14 hours), long day (>14 hours)","tropical wet & dry (Aw), tropical wet (Ar), subtropical humid (Cf)",,,,,180.0,300.0,original_rule,edible_flag,high,Colocasia esculenta,2,,root,0,,0,0
PP:734,both,panax ginseng,exact_scientific_name,high,734.0,Plant,https://permapeople.org/plants/panax-ginseng,Panax ginseng,Panax ginseng,Araliaceae,Perennial,5-9,5.0,9.0,0.8,,,1.0,Root,Tea,,0.0,1.0,0.0,1.0,0.0,1.0,0.0,1.0,1.0,1.0,root_crop,1.0,Layer or Edible parts indicates Root/Tuber,8227,Panax ginseng,C. A. Mayer,Magnoliopsida:Rosidae:Apiales:Araliaceae,"Panax schinseng Nees, Aralia ginseng P & P","Chinese ginseng, Korean ginseng, ginseng",herb,erect,perennial,,medicinals & aromatic,grown on large scale,12.0,20.0,8.0,27.0,700.0,1300.0,500.0,1500.0,5.5,7.0,5.0,7.5,38.0,30.0,48.0,50.0,1200.0,light shade,cloudy skies,heavy shade,clear skies,medium (50-150 cm),medium (50-150 cm),"medium, organic","medium, light, organic",high,high,,,well (dry spells),well (dry spells),,,,"subtropical humid (Cf), temperate oceanic (Do), temperate continental (Dc)",,,,,0.0,0.0,original_rule,edible_flag,high,Panax ginseng,1,,root,0,,0,0
PP:736,both,araucaria angustifolia,exact_scientific_name,high,736.0,Plant,https://permapeople.org/plants/araucaria-angustifolia,Araucaria angustifolia,Araucaria angustifolia,Araucariaceae,,9-12,9.0,12.0,35.0,Slow,Tall trees,1.0,"Sap, Seed",,,1.0,0.0,0.0,0.0,0.0,1.0,0.0,1.0,1.0,1.0,other_productive,1.0,"Edible == true, no more specific rule matched",3318,Araucaria angustifolia,(Bertol.) Kuntze,Pinopsida:Araucariaceae,,,tree,erect,perennial,"evergreen, single stem","fruits & nuts, forest/wood",,18.0,23.0,9.0,27.0,1500.0,2000.0,1250.0,2500.0,5.5,6.5,5.0,7.5,19.0,19.0,31.0,31.0,2200.0,very bright,very bright,very bright,clear skies,deep (>>150 cm),medium (50-150 cm),medium,medium,high,moderate,low (<4 dS/m),low (<4 dS/m),well (dry spells),"well (dry spells), excessive (dry/moderately dry)",-5,0.0,short day (<12 hours),"tropical wet (Ar), subtropical humid (Cf), subtropical dry winter (Cw)",,,,,300.0,365.0,original_rule,edible_flag,high,Araucaria angustifolia,1,,other,0,,0,0
PP:738,both,araucaria bidwillii,exact_scientific_name,high,738.0,Plant,https://permapeople.org/plants/araucaria-bidwillii-bunya-pine,Araucaria bidwillii,Bunya pine,Araucariaceae,,9-11,9.0,11.0,40.0,Medium,Tall trees,1.0,Seed,,Lumber,1.0,1.0,0.0,0.0,0.0,1.0,0.0,1.0,1.0,1.0,other_productive,1.0,"Edible == true, no more specific rule matched",3320,Araucaria bidwillii,Hook.,Pinopsida:Araucariaceae,,,tree,erect,perennial,single stem,"forest/wood, environmental",harvested from wild,18.0,28.0,7.0,36.0,1200.0,1700.0,900.0,2000.0,5.0,6.5,4.5,7.0,16.3,16.3,27.0,27.0,1000.0,very bright,cloudy skies,very bright,cloudy skies,deep (>>150 cm),deep (>>150 cm),"heavy, medium","heavy, medium",high,moderate,low (<4 dS/m),low (<4 dS/m),well (dry spells),well (dry spells),-10,-1.0,"short day (<12 hours), neutral day (12-14 hours), long day (>14 hours)","tropical wet & dry (Aw), subtropical humid (Cf)",,,,,210.0,365.0,original_rule,edible_flag,high,Bunya pine,1,,other,0,,0,0
PP:752,both,aloe arborescens,exact_scientific_name,high,752.0,Plant,https://permapeople.org/plants/aloe-arborescens,Aloe arborescens,Aloe arborescens,Xanthorrhoeaceae,,10-11,10.0,11.0,3.0,Medium,Shrubs,1.0,"Leaves, Nectar, Stem",,Hedgerow,1.0,1.0,0.0,0.0,1.0,1.0,0.0,1.0,1.0,0.0,vegetable,1.0,Edible parts contains Leaves/Stem/Flowers,3031,Aloe arborescens,Miller,Liliopsida:Liliidae:Asparagales:Asphodelaceae,"Aloe mutabilis Pillans, Aloe arborescens var. frutescens (Salm Dyck) Link","candelabra aloe, octopus plant, torch plant, krantz aloe, kraansaalwyn, inkalane, vlambos, dokgopha","shrub, tree",erect,perennial,"single stem, multi stem","ornamentals/turf, medicinals & aromatic, environmental",,18.0,26.0,9.0,38.0,400.0,1500.0,300.0,1700.0,5.0,6.5,4.2,7.0,22.0,20.0,30.0,32.0,2000.0,clear skies,very bright,light shade,very bright,medium (50-150 cm),shallow (20-50 cm),"medium, light","medium, light",moderate,low,low (<4 dS/m),medium (4-10 dS/m),well (dry spells),well (dry spells),-1,-1.0,,"steppe or semiarid (Bs), subtropical humid (Cf)",,,,home garden,0.0,0.0,original_rule,edible_flag,high,Aloe arborescens,1,,leafy_herb,0,,1,0
PP:754,both,arachis hypogaea,exact_scientific_name,high,754.0,Plant,https://permapeople.org/plants/arachis-hypogaea,Arachis hypogaea,Arachis hypogaea,Fabaceae or leguminosae,Annual,7-10,7.0,10.0,0.3,,,1.0,"Leaves, Seed, Seedpod","Oil, Coffee","Biomass, oil, Nitrogen fixer",1.0,0.0,0.0,0.0,0.0,1.0,0.0,1.0,1.0,1.0,legume,1.0,Family == Fabaceae and Edible parts contains Seed/Pod,2199,Arachis hypogaea,L.,Magnoliopsida:Rosidae:Fabales:Leguminosae,,"groundnut, peanut, monkeynut, arachide, cacahuètes, Erdnuss, goober, mani, mani largo, pindels, pistach, pistache, pinat, pinati, earthnut, Manila nut, Chinese nut, pindar, goober pea, spagnoletta, nilakkadalai, kadalai",herb,prostrate/procumbent/semi-erect,annual,,"pulses (grain legumes), vegetables, materials, medicinals & aromatic",grown on large scale,22.0,32.0,10.0,45.0,600.0,1500.0,400.0,4000.0,5.5,6.5,4.5,8.5,,,40.0,45.0,1650.0,very bright,very bright,very bright,clear skies,medium (50-150 cm),medium (50-150 cm),medium,"heavy, medium, light, organic",high,moderate,low (<4 dS/m),low (<4 dS/m),well (dry spells),well (dry spells),,,"short day (<12 hours), neutral day (12-14 hours), long day (>14 hours)","tropical wet & dry (Aw), steppe or semiarid (Bs), subtropical humid (Cf)",,"hail, wind",,large scale/commercial,90.0,150.0,original_rule,edible_flag,high,Arachis hypogaea,1,,legume,0,,0,0
PP:755,both,alocasia macrorrhizos,exact_scientific_name,high,755.0,Plant,https://permapeople.org/plants/alocasia-macrorrhizos,Alocasia macrorrhizos,Alocasia macrorrhizos,Araceae,Perennial,10-12,10.0,12.0,3.0,Fast,,1.0,"Leaves, Root, Stem",,"Fiber, Animal feed, Pollution, Soil reclamation",1.0,1.0,0.0,1.0,0.0,1.0,0.0,1.0,1.0,1.0,root_crop,1.0,Layer or Edible parts indicates Root/Tuber,2486,Alocasia macrorrhizos,(L.) G. Don,Liliopsida:Arecidae:Arecales:Palmae,"Alocasia macrorrhiza, Alocasia indica (Roxb.) Schott","giant taro, paragum, cunjevoi, cunjevoi lily, mottled giant alocasia, baru, ta'amu (Samoa), ape (Cook I, French Polynesia), babai (Kiribati), kape (Niue,Tonga), pulaka (Tuvalu), via mila, via sori, viagaga, viadranu, viadidi, alocasia gigante",herb,erect,biennial,single stem,vegetables,,20.0,25.0,10.0,32.0,2500.0,3500.0,2000.0,4200.0,5.7,6.3,5.0,7.3,,,20.0,20.0,1000.0,cloudy skies,cloudy skies,cloudy skies,light shade,medium (50-150 cm),shallow (20-50 cm),medium,"heavy, light",high,moderate,low (<4 dS/m),low (<4 dS/m),well (dry spells),"well (dry spells), excessive (dry/moderately dry)",,,short day (<12 hours),tropical wet (Ar),,,,,365.0,365.0,original_rule,edible_flag,high,Alocasia macrorrhizos,1,,leafy_herb,0,,0,0
PP:759,both,aquilegia canadensis,exact_scientific_name,high,759.0,Plant,https://permapeople.org/plants/aquilegia-canadensis-columbine,Aquilegia canadensis,Columbine,Ranunculaceae,Perennial,4-10,4.0,10.0,0.6,Medium,,1.0,"Flowers, Root",,"Essential Oil, Pest control, Fragrance",1.0,1.0,0.0,0.0,0.0,1.0,0.0,1.0,1.0,0.0,root_crop,1.0,Layer or Edible parts indicates Root/Tuber,198891,Aquilegia canadensis,L.,Magnoliopsida:Magnoliidae:Ranunculales:Ranunculaceae,"Aquilegia australis Small, Aquilegia coccinea Small, Aquilegia phoenicantha Cory, Aquilegia canadensis var. australis (Small) Munz, Aquilegia canadensis var. coccinea (Small) Munz, Aquilegia canadensis var. eminens (Greene) Boivin, Aquilegia canadensis var. hybrida Hook., Aquilegia canadensis latiscula, Aquilegia canadensis var. latiuscula (Greene) Munz","Colorado columbine, red columbine, wild columbine, Canada columbine, American columbine, meetinghouse, rock-bells, honeysuckle, rock-lily, jack-in-trousers, cluckies, wild honeysuckle, northern bush honeysuckle",herb,prostrate/procumbent/semi-erect,perennial,"deciduous, multi stem","ornamentals/turf, medicinals & aromatic",grown on small scale,14.0,21.0,10.0,24.0,750.0,1200.0,500.0,1500.0,5.5,8.0,5.0,8.5,30.0,27.0,59.0,62.0,1600.0,light shade,clear skies,light shade,very bright,shallow (20-50 cm),shallow (20-50 cm),"medium, organic","heavy, medium, light, wide, organic",high,moderate,,,well (dry spells),"well (dry spells), excessive (dry/moderately dry)",-45,0.0,,"subtropical humid (Cf), temperate oceanic (Do), temperate continental (Dc), boreal (E)",drought,,poisonous to man or animals,,0.0,0.0,original_rule,edible_flag,high,Columbine,1,,root,0,,0,0
PP:770,both,allium chinense,exact_scientific_name,high,770.0,Plant,https://permapeople.org/plants/allium-chinense,Allium chinense,Allium chinense,Alliaceae,,6-9,6.0,9.0,0.3,,Herbs,1.0,"Flowers, Leaves, Root, Seedpod",,,1.0,0.0,0.0,0.0,0.0,1.0,0.0,1.0,1.0,0.0,root_crop,1.0,Layer or Edible parts indicates Root/Tuber,2994,Allium chinense,G. Don,Liliopsida:Liliidae:Asparagales:Alliaceae,,"rakkyo, perennial Chinese onio, tsyu-tsai, chiao t'ou, alho chines",herb,erect,"annual, biennial",multi stem,"vegetables, medicinals & aromatic",grown on large scale,15.0,26.0,8.0,35.0,1500.0,2500.0,650.0,4100.0,5.5,6.5,4.3,7.2,30.0,10.0,40.0,50.0,500.0,very bright,clear skies,very bright,cloudy skies,medium (50-150 cm),shallow (20-50 cm),light,"medium, light",moderate,low,low (<4 dS/m),low (<4 dS/m),well (dry spells),well (dry spells),,,long day (>14 hours),"tropical wet & dry (Aw), tropical wet (Ar), subtropical humid (Cf), subtropical dry summer (Cs), subtropical dry winter (Cw), temperate oceanic (Do), temperate continental (Dc), temperate with humid winters (Df), temperate with dry winters (Dw)",,,,,45.0,60.0,original_rule,edible_flag,high,Allium chinense,1,,leafy_herb,0,,0,0
PP:780,both,aleurites fordii,exact_scientific_name,high,780.0,Plant,https://permapeople.org/plants/aleurites-fordii,Aleurites fordii,Aleurites fordii,Euphorbiaceae,,8-10,8.0,10.0,7.0,Fast,Trees,1.0,Seed,Oil,"Pest control, oil",1.0,1.0,0.0,0.0,0.0,1.0,0.0,1.0,1.0,0.0,other_productive,1.0,"Edible == true, no more specific rule matched",353,Aleurites fordii,,Magnoliopsida:Dilleniidae:Euphorbiales:Euphorbiaceae,Vernicia fondii,,tree,erect,perennial,"deciduous, single stem","materials, environmental",,17.0,22.0,10.0,28.0,1000.0,1200.0,750.0,1400.0,6.0,7.0,5.3,7.5,29.0,29.0,32.0,32.0,1000.0,very bright,clear skies,very bright,cloudy skies,medium (50-150 cm),shallow (20-50 cm),medium,medium,high,moderate,low (<4 dS/m),low (<4 dS/m),well (dry spells),well (dry spells),,,short day (<12 hours),subtropical dry summer (Cs),,wind,,,240.0,300.0,original_rule,edible_flag,high,Aleurites fordii,1,,other,0,,0,0
PP:789,both,amaranthus caudatus,exact_scientific_name,high,789.0,Plant,https://permapeople.org/plants/amaranthus-caudatus,Amaranthus caudatus,Amaranthus caudatus,Amaranthaceae,Annual,4-8,4.0,8.0,2.0,,,1.0,"Leaves, Seed",Colouring,"Dye, Dynamic accumulator",1.0,0.0,0.0,0.0,1.0,1.0,0.0,1.0,1.0,1.0,vegetable,1.0,Edible parts contains Leaves/Stem/Flowers,2187,Amaranthus caudatus,L.,Magnoliopsida:Caryophyllidae:Caryophyllales:Amaranthaceae,"Amaranthus cruentus L., Amaranthus dubius Thell., Amaranthus tricolor L., Amaranthus lividus L., Amaranthus viridus L., Amaranthus sanguineus L.","amaranths, xian, lishalisho, ferenjitef, iyaso (Galinya), jolili (Galinya), gagabsa (Wollamo)",herb,erect,annual,C4 photosynthesis,"cereals & pseudocereals, forage/pasture, vegetables, ornamentals/turf, medicinals & aromatic",grown on small scale,21.0,28.0,7.0,40.0,800.0,2300.0,250.0,4200.0,5.5,7.5,4.3,8.5,,,40.0,40.0,3600.0,very bright,very bright,very bright,cloudy skies,medium (50-150 cm),shallow (20-50 cm),"light, organic","heavy, medium, light",moderate,low,low (<4 dS/m),medium (4-10 dS/m),well (dry spells),"well (dry spells), excessive (dry/moderately dry)",4,0.0,"short day (<12 hours), neutral day (12-14 hours), long day (>14 hours)","tropical wet & dry (Aw), desert or arid (Bw), steppe or semiarid (Bs), subtropical humid (Cf), subtropical dry summer (Cs), subtropical dry winter (Cw)",,,,,30.0,300.0,original_rule,edible_flag,high,Amaranthus caudatus,1,,leafy_herb,0,,0,0
PP:790,both,amaranthus cruentus,exact_scientific_name,high,790.0,Plant,https://permapeople.org/plants/amaranthus-cruentus,Amaranthus cruentus,Amaranthus cruentus,Amaranthaceae,Annual,3-11,3.0,11.0,2.0,,,1.0,"Leaves, Seed",Colouring,"Dye, Dynamic accumulator",1.0,0.0,0.0,0.0,1.0,1.0,0.0,1.0,1.0,1.0,vegetable,1.0,Edible parts contains Leaves/Stem/Flowers,390,Amaranthus cruentus,L.,Magnoliopsida:Caryophyllidae:Caryophyllales:Amaranthaceae,Amaranthus paniculatus,"whitespot, giant arum, purple amaranth",herb,erect,annual,,"cereals & pseudocereals, forage/pasture, vegetables",grown on small scale,22.0,28.0,10.0,45.0,2000.0,2400.0,500.0,4000.0,5.5,7.0,4.3,7.5,,,20.0,40.0,1200.0,very bright,very bright,very bright,cloudy skies,medium (50-150 cm),shallow (20-50 cm),"heavy, medium, light, organic","heavy, medium, light",high,moderate,low (<4 dS/m),medium (4-10 dS/m),well (dry spells),well (dry spells),4,0.0,"short day (<12 hours), neutral day (12-14 hours), long day (>14 hours)","tropical wet & dry (Aw), tropical wet (Ar), subtropical humid (Cf), subtropical dry summer (Cs), subtropical dry winter (Cw)",,,,"home garden, small scale (manual)",30.0,300.0,original_rule,edible_flag,high,Amaranthus cruentus,1,,leafy_herb,0,,1,0
PP:791,both,amaranthus dubius,exact_scientific_name,high,791.0,Plant,https://permapeople.org/plants/amaranthus-dubius,Amaranthus dubius,Amaranthus dubius,Amaranthaceae,Annual,,,,1.0,,,1.0,"Leaves, Seed",,"Dye, Dynamic accumulator",1.0,0.0,0.0,0.0,0.0,1.0,0.0,1.0,1.0,1.0,vegetable,1.0,Edible parts contains Leaves/Stem/Flowers,2188,Amaranthus dubius,Mart.,Magnoliopsida:Caryophyllidae:Caryophyllales:Amaranthaceae,,,herb,erect,annual,"deciduous, multi stem, C4 photosynthesis",vegetables,grown on small scale,22.0,30.0,12.0,45.0,2100.0,2400.0,700.0,4000.0,6.0,7.5,5.5,8.5,,,40.0,40.0,1200.0,very bright,very bright,very bright,cloudy skies,medium (50-150 cm),shallow (20-50 cm),"heavy, medium, light, organic","heavy, medium, light",high,moderate,low (<4 dS/m),medium (4-10 dS/m),well (dry spells),well (dry spells),4,0.0,"short day (<12 hours), neutral day (12-14 hours), long day (>14 hours)","tropical wet & dry (Aw), tropical wet (Ar), subtropical humid (Cf), subtropical dry summer (Cs), subtropical dry winter (Cw)",,,,,30.0,300.0,original_rule,edible_flag,high,Amaranthus dubius,1,,leafy_herb,0,,0,0
PP:807,both,allium fistulosum,exact_scientific_name,high,807.0,Plant,https://permapeople.org/plants/allium-fistulosum,Allium fistulosum,Allium fistulosum,Alliaceae,Annual,5-9,5.0,9.0,0.6,,Herbs,1.0,"Flowers, Leaves, Root",,Deer resistant,1.0,0.0,0.0,0.0,0.0,1.0,0.0,1.0,1.0,1.0,root_crop,1.0,Layer or Edible parts indicates Root/Tuber,365,Allium fistulosum,L.,Liliopsida:Liliidae:Asparagales:Alliaceae,,"branching onion, Spanish onion, Japanese bunching onion, chibol, Spring onion, stone leek, Japanese leek, Welsh onion, ceboleta de Espanha",herb,erect,"annual, perennial",,vegetables,grown on large scale,12.0,25.0,6.0,30.0,850.0,1600.0,700.0,2500.0,6.6,7.4,5.5,8.5,,,60.0,60.0,2000.0,clear skies,clear skies,very bright,cloudy skies,medium (50-150 cm),shallow (20-50 cm),"medium, organic","heavy, medium, light",high,low,low (<4 dS/m),low (<4 dS/m),well (dry spells),well (dry spells),,,"short day (<12 hours), neutral day (12-14 hours), long day (>14 hours)","tropical wet & dry (Aw), tropical wet (Ar), subtropical humid (Cf), temperate oceanic (Do), temperate continental (Dc)",,,,,60.0,160.0,original_rule,edible_flag,high,Allium fistulosum; He shi ko; Ishikura Long White,3,,leafy_herb,0,,0,0
PP:847,both,cucumis melo,exact_scientific_name,high,847.0,Plant,https://permapeople.org/plants/cucumis-melo,Cucumis melo,Melon,Cucurbitaceae,Annual,9-11,9.0,11.0,1.5,,Herbs,1.0,"Fruit, Seed",Oil,oil,1.0,0.0,0.0,0.0,0.0,1.0,0.0,1.0,1.0,1.0,fruit,1.0,Edible parts contains 'Fruit' (non-tree layer),815,Cucumis melo,L.,Magnoliopsida:Dilleniidae:Violales:Cucurbitaceae,,"rock melon, sweet melon, cantaloupe melon, atiu, Melon, cantaloupe, tarra","herb, vine",climber/scrambler/scadent,annual,single stem,"vegetables, materials, environmental",grown on small scale,18.0,30.0,9.0,35.0,1000.0,1300.0,900.0,2500.0,6.0,7.5,5.0,8.7,,,,,1000.0,very bright,very bright,very bright,clear skies,medium (50-150 cm),medium (50-150 cm),"medium, organic","heavy, medium, light",moderate,low,low (<4 dS/m),low (<4 dS/m),well (dry spells),well (dry spells),,,"short day (<12 hours), neutral day (12-14 hours), long day (>14 hours)","tropical wet & dry (Aw), tropical wet (Ar), subtropical humid (Cf), subtropical dry summer (Cs), subtropical dry winter (Cw), temperate oceanic (Do), temperate continental (Dc), temperate with humid winters (Df), temperate with dry winters (Dw)",,,,,50.0,120.0,original_rule,edible_flag,high,Charentais; Cucumis melo; Cucumis melo agrestis; Cucumis melo cantalupensis; Cucumis melo chito; Cucumis melo conomon; Cucumis melo flexuosus; Cucumis melo inodorus; Cucumis melo momordica; Edisto 47; Emerald gem; Golden honeydew; Minnesota midget; Prescott Fond Blanc,14,,fruiting,1,شمام,0,0
PP:849,both,cucumis anguria,exact_scientific_name,high,849.0,Plant,https://permapeople.org/plants/cucumis-anguria,Cucumis anguria,Cucumis anguria,Cucurbitaceae,Annual,9-11,9.0,11.0,2.4,,Vines,1.0,"Fruit, Leaves, Seed",,,1.0,0.0,0.0,0.0,0.0,1.0,0.0,1.0,1.0,1.0,edible_vine,1.0,Layer contains 'Vine(s)' and Edible == true,5008,Cucumis anguria,L.,Magnoliopsida:Dilleniidae:Violales:Cucurbitaceae,,"gherkin, maxixe","herb, vine",climber/scrambler/scadent,annual,multi stem,vegetables,,21.0,28.0,8.0,32.0,800.0,1000.0,300.0,1700.0,6.0,7.5,5.5,8.3,,,,,,clear skies,clear skies,very bright,cloudy skies,medium (50-150 cm),shallow (20-50 cm),"medium, organic","heavy, medium, light",high,moderate,low (<4 dS/m),low (<4 dS/m),well (dry spells),well (dry spells),,,"short day (<12 hours), neutral day (12-14 hours), long day (>14 hours)","tropical wet & dry (Aw), tropical wet (Ar), steppe or semiarid (Bs), subtropical humid (Cf), subtropical dry summer (Cs), subtropical dry winter (Cw)",,,,,40.0,80.0,original_rule,edible_flag,high,Cucumis anguria,1,,fruiting,0,,0,0
PP:854,both,cucurbita foetidissima,exact_scientific_name,high,854.0,Plant,https://permapeople.org/plants/cucurbita-foetidissima,Cucurbita foetidissima,Cucurbita foetidissima,Cucurbitaceae,Perennial,9-11,9.0,11.0,6.0,Fast,Vines,1.0,"Flowers, Fruit, Root, Seed",Oil,"Darning ball, Crafting, oil, Soap, Starch",1.0,1.0,0.0,0.0,1.0,1.0,0.0,1.0,1.0,1.0,root_crop,1.0,Layer or Edible parts indicates Root/Tuber,5033,Cucurbita foetidissima,HB Kunth,Magnoliopsida:Dilleniidae:Violales:Cucurbitaceae,,"buffalo gourd, calabazilla, Missouri gourd, stinking gourd, fetid gourd, wild gourd",herb,prostrate/procumbent/semi-erect,perennial,multi stem,materials,harvested from wild,20.0,30.0,5.0,35.0,400.0,600.0,250.0,1000.0,6.0,7.0,5.5,8.5,,,,,,very bright,very bright,very bright,clear skies,deep (>>150 cm),medium (50-150 cm),"medium, light","heavy, medium, light",moderate,moderate,low (<4 dS/m),low (<4 dS/m),well (dry spells),well (dry spells),-25,0.0,"short day (<12 hours), neutral day (12-14 hours), long day (>14 hours)","tropical wet & dry (Aw), desert or arid (Bw), steppe or semiarid (Bs), subtropical humid (Cf), subtropical dry summer (Cs), subtropical dry winter (Cw)",,,,,90.0,120.0,original_rule,edible_flag,high,Cucurbita foetidissima,1,,fruiting,0,,0,0
PP:855,both,cucurbita ficifolia,exact_scientific_name,high,855.0,Plant,https://permapeople.org/plants/cucurbita-ficifolia,Cucurbita ficifolia,Cucurbita ficifolia,Cucurbitaceae,Perennial,9-11,9.0,11.0,,Fast,Vines,1.0,"Fruit, Seed",Oil,"Containers, oil",1.0,1.0,0.0,0.0,0.0,1.0,1.0,1.0,1.0,1.0,edible_vine,1.0,Layer contains 'Vine(s)' and Edible == true,5032,Cucurbita ficifolia,Bouche,Magnoliopsida:Dilleniidae:Violales:Cucurbitaceae,,fig-leaved gourd,herb,climber/scrambler/scadent,perennial,single stem,"vegetables, materials, ornamentals/turf",grown on small scale,15.0,21.0,6.0,35.0,800.0,1200.0,300.0,1700.0,6.4,7.5,5.3,8.3,,,20.0,20.0,2800.0,very bright,very bright,very bright,cloudy skies,medium (50-150 cm),shallow (20-50 cm),medium,"heavy, medium, light",high,moderate,low (<4 dS/m),low (<4 dS/m),well (dry spells),well (dry spells),,,short day (<12 hours),"tropical wet & dry (Aw), tropical wet (Ar), steppe or semiarid (Bs), subtropical humid (Cf), subtropical dry summer (Cs), subtropical dry winter (Cw)",,,,,40.0,120.0,original_rule,edible_flag,high,Cucurbita ficifolia,1,,fruiting,0,,0,0
PP:877,both,polymnia edulis,ecocrop_synonym_binomial,medium,877.0,Plant,https://permapeople.org/plants/polymnia-edulis,Polymnia edulis,Polymnia edulis,Asteraceae or compositae,Perennial,7-10,7.0,10.0,1.0,Fast,,1.0,"Leaves, Root","Drink, Sweetener",,1.0,0.0,0.0,0.0,0.0,1.0,0.0,1.0,1.0,1.0,root_crop,1.0,Layer or Edible parts indicates Root/Tuber,8852,Polymnia sonchifolia,Poeppig & Endlicher,Magnoliopsida:Asteridae:Asterales:Compositae,"Polymnia edulis, Smallanthus sonchifolia","leafcup, yacon, yacon strawberry, jiquima, yacuma, arboloco, poir de terre Cochet",herb,erect,"annual, perennial",,"roots/tubers, materials, cover crop",grown on small scale,12.0,22.0,5.0,30.0,800.0,1200.0,600.0,1400.0,5.5,6.5,5.0,7.0,,,30.0,40.0,3600.0,very bright,clear skies,very bright,light shade,medium (50-150 cm),medium (50-150 cm),medium,"heavy, medium, light",high,moderate,low (<4 dS/m),low (<4 dS/m),well (dry spells),well (dry spells),,,"short day (<12 hours), neutral day (12-14 hours), long day (>14 hours)","tropical wet & dry (Aw), subtropical dry summer (Cs)",,,,small scale (manual),180.0,210.0,original_rule,edible_flag,high,Polymnia edulis,1,,root,0,,0,0
PP:878,both,citrus limon,exact_scientific_name,high,878.0,Plant,https://permapeople.org/plants/citrus-limon,Citrus limon,Lemon,Rutaceae,,8-11,8.0,11.0,3.0,Medium,Shrubs,1.0,Fruit,"Oil, Condiment","Cleanser, Essential Oil, oil, Polish, Fragrance",1.0,0.0,0.0,0.0,0.0,1.0,0.0,0.0,1.0,1.0,fruit,1.0,Edible parts contains 'Fruit' (non-tree layer),714,Citrus limon,(L.) Burm. f.,Magnoliopsida:Rosidae:Sapindales:Rutaceae,"Citrus limonum Risso, Citrus limonia Osbeck, Citrus medica var. limonium Brandis","lemon, standard lemon, acid lemon, Meyer lemon, bush lemon, Persian apple, citron, citronnier, limonier, limao, limoeiro, limón, limón agria, limonero, limón real, limón francés, limon amarillo, limone, citroen, Zitrone, jeruk limun, limau nipis, limau mata, krooch chhmaa veeng, naaw th'eed, naaw falang, manao-thet, manao-farang, manao-mairuho, chanh tay, moli karokaro, molisoraiara, molinivmalagi, khatta nabbu, khatto nabbu, tipolo, lemani, moli'ovi'ovia, moli patupatu, lain, muli",tree,erect,perennial,"evergreen, single stem","fruits & nuts, materials, medicinals & aromatic",grown on large scale,15.0,28.0,12.0,36.0,1000.0,2300.0,300.0,4000.0,6.5,7.0,5.5,8.0,,,,,500.0,very bright,very bright,very bright,clear skies,medium (50-150 cm),medium (50-150 cm),"medium, light","heavy, medium, light",high,moderate,low (<4 dS/m),low (<4 dS/m),well (dry spells),well (dry spells),-6,-2.0,"short day (<12 hours), neutral day (12-14 hours)","tropical wet & dry (Aw), steppe or semiarid (Bs), subtropical humid (Cf), subtropical dry summer (Cs), subtropical dry winter (Cw)",,humidity,,"home garden, large scale/commercial",210.0,365.0,original_rule,edible_flag,high,Citrus limon; Lemonade Tree,2,,fruit_tree,1,ليمون,1,0
PP:879,both,citrus aurantium,exact_scientific_name,high,879.0,Plant,https://permapeople.org/plants/citrus-aurantium,Citrus aurantium,Citrus aurantium,Rutaceae,,8-11,8.0,11.0,9.0,,Trees,1.0,Fruit,"Oil, Condiment","Essential Oil, Hedgerow, oil, Rootstock, Fragrance",1.0,0.0,0.0,0.0,0.0,1.0,0.0,0.0,1.0,1.0,fruit_tree,1.0,Layer contains 'Tree' and Edible parts contains 'Fruit',711,Citrus aurantium,(Risso & Poit.) Wight & Arn. ex Engler,Magnoliopsida:Rosidae:Sapindales:Rutaceae,"Citrus aurantium L. var. amara L., Citrus aurantium var. bigaradia, Citrus bigaradia L isel., Citrus vulgaris Risso","sour orange, bitter orange",tree,erect,perennial,"evergreen, single stem","fruits & nuts, materials, medicinals & aromatic",grown on large scale,25.0,30.0,12.0,42.0,1200.0,1400.0,350.0,2000.0,6.0,7.0,5.5,8.3,,,30.0,40.0,1000.0,very bright,very bright,very bright,clear skies,deep (>>150 cm),medium (50-150 cm),"medium, light","heavy, medium, light",moderate,low,low (<4 dS/m),low (<4 dS/m),well (dry spells),"poorly (saturated >50% of year), well (dry spells), excessive (dry/moderately dry)",,,"short day (<12 hours), neutral day (12-14 hours), long day (>14 hours)","tropical wet & dry (Aw), steppe or semiarid (Bs), subtropical humid (Cf), subtropical dry summer (Cs), subtropical dry winter (Cw)",,,,,140.0,330.0,original_rule,edible_flag,high,Citrus aurantium; bergamot orange,2,,fruit_tree,0,,0,0
PP:880,both,citrus reticulata,exact_scientific_name,high,880.0,Plant,https://permapeople.org/plants/citrus-reticulata,Citrus reticulata,Citrus reticulata,Rutaceae,,9-11,9.0,11.0,4.5,,Trees,1.0,Fruit,Condiment,"Essential Oil, Espalier, Fragrance",1.0,0.0,0.0,0.0,0.0,1.0,0.0,0.0,1.0,1.0,fruit_tree,1.0,Layer contains 'Tree' and Edible parts contains 'Fruit',718,Citrus reticulata,Blanco,Magnoliopsida:Rosidae:Sapindales:Rutaceae,"Citrus nobilis, Citrus reshni Hort. ex Tan.","mandarin, tangerine, Cleopatra mandarin, clementine, Satsuma orange, kid-glove orange, mandarinier, moli madarini, madarini, Mandarinenbaum, jeruk keprok, jeruk jepun, jeruk maseh, limau lang-kat, limau kupas, limau wangkang, sintones, krauch kvich, som hot, som lot, liou, tangerina, tangerineira, som khieo waan, som saengthong, ma baang, cam sanh, cay quit, narangi, nartjie, naartjie, moli saina, moli peli",tree,erect,perennial,"evergreen, single stem",fruits & nuts,"grown on large scale, grown on small scale",23.0,34.0,12.0,38.0,1200.0,1800.0,300.0,4000.0,6.0,6.8,5.5,8.3,,,35.0,45.0,2300.0,very bright,very bright,very bright,clear skies,deep (>>150 cm),medium (50-150 cm),"medium, light","heavy, medium, light",high,moderate,low (<4 dS/m),low (<4 dS/m),well (dry spells),"poorly (saturated >50% of year), well (dry spells), excessive (dry/moderately dry)",,,"short day (<12 hours), neutral day (12-14 hours)","tropical wet & dry (Aw), steppe or semiarid (Bs), subtropical humid (Cf), subtropical dry summer (Cs), subtropical dry winter (Cw)",,,,"home garden, large scale/commercial",60.0,365.0,original_rule,edible_flag,high,Citrus reticulata,1,,fruit_tree,0,,1,0
PP:884,both,citrus sinensis,exact_scientific_name,high,884.0,Plant,https://permapeople.org/plants/citrus-sinensis,Citrus sinensis,Orange,Rutaceae,,9-11,9.0,11.0,9.0,,Trees,1.0,"Flowers, Fruit","Oil, Condiment, Tea","Essential Oil, oil, Espalier, Fragrance",1.0,0.0,0.0,0.0,0.0,1.0,0.0,0.0,1.0,1.0,fruit_tree,1.0,Layer contains 'Tree' and Edible parts contains 'Fruit',720,Citrus sinensis,(L.) Osbeck,Magnoliopsida:Rosidae:Sapindales:Rutaceae,Citrus aurantium L. (var.) sinensis L. (1753).,"orange, sweet orange, Valencia orange, oranger, oranger doux, birtukan, Apfelsine, jeruk manis, arancio, laranja doce, laranja vulgar, laranja-pera, naranja, limau manis, chula, choreng, sava orens, kahel, tung-chin-thi, krooch poosat, kiengz, somkliang, somtra, makhun, cam, mitha nimbu, moli 'aina, moli kai, Molilecau, Moliunumi, Molinitaiti, Molitaiti, Mol, Arani (Cook I), Olenisi (Tuvalu), Swit muli",tree,erect,perennial,"evergreen, single stem",fruits & nuts,grown on large scale,20.0,30.0,13.0,38.0,1200.0,2000.0,450.0,2700.0,5.0,6.0,4.0,8.3,,,40.0,40.0,2100.0,very bright,very bright,very bright,clear skies,deep (>>150 cm),medium (50-150 cm),"medium, light","heavy, medium, light",moderate,low,low (<4 dS/m),low (<4 dS/m),well (dry spells),well (dry spells),-10,0.0,"short day (<12 hours), neutral day (12-14 hours), long day (>14 hours)","tropical wet & dry (Aw), tropical wet (Ar), steppe or semiarid (Bs), subtropical humid (Cf), subtropical dry summer (Cs), subtropical dry winter (Cw)",,,,large scale/commercial,180.0,365.0,original_rule,edible_flag,high,Citrus sinensis,1,,fruit_tree,1,برتقال,0,0
PP:885,both,citrullus colocynthis,exact_scientific_name,high,885.0,Plant,https://permapeople.org/plants/citrullus-colocynthis,Citrullus colocynthis,Citrullus colocynthis,Cucurbitaceae,Perennial,10-12,10.0,12.0,3.0,Fast,,1.0,"Fruit, Seed",Oil,oil,1.0,0.0,0.0,0.0,1.0,1.0,0.0,1.0,1.0,0.0,fruit,1.0,Edible parts contains 'Fruit' (non-tree layer),4618,Citrullus colocynthis,(L.) Schrader,Magnoliopsida:Dilleniidae:Violales:Cucurbitaceae,,"colocynth, vine of Sodom, wild-gourd, egusi, bitter cucumber, bitter gourd, bitter apple, wild watermelon, colocinto, coloquintida, pepino amargo, Koloquint","herb, vine",climber/scrambler/scadent,"annual, perennial",multi stem,medicinals & aromatic,grown on small scale,23.0,32.0,14.0,40.0,300.0,500.0,250.0,4300.0,4.5,7.5,4.0,8.0,,,,,,very bright,very bright,very bright,clear skies,deep (>>150 cm),medium (50-150 cm),light,"medium, light",moderate,moderate,low (<4 dS/m),low (<4 dS/m),well (dry spells),"poorly (saturated >50% of year), well (dry spells)",-5,0.0,short day (<12 hours),"tropical wet & dry (Aw), tropical wet (Ar), steppe or semiarid (Bs), subtropical dry summer (Cs), temperate oceanic (Do)",,,,,80.0,180.0,original_rule,edible_flag,high,Citrullus colocynthis,1,,fruiting,0,,0,0
PP:886,both,citrullus lanatus,exact_scientific_name,high,886.0,Plant,https://permapeople.org/plants/citrullus-lanatus,Citrullus lanatus,Watermelon,Cucurbitaceae,Annual,8-11,8.0,11.0,0.5,,Herbs,1.0,"Fruit, Leaves, Seed","Oil, Pectin","oil, Pectin",1.0,0.0,0.0,0.0,1.0,1.0,0.0,1.0,1.0,0.0,fruit,1.0,Edible parts contains 'Fruit' (non-tree layer),708,Citrullus lanatus,(Thunb.) Matsumura & Nakai,Magnoliopsida:Dilleniidae:Violales:Cucurbitaceae,Citrullus vulgaris Schrad.,"watermelon, pastèque, stolovyj arbuz, melani, sandia, melancia, hsi kwa, xigua, tarbuz, wassermelone, legapu, vandmelon, anguria, cocomero, tsamma, karkoer, tsamma melon, wild watermelon, bitterwaatlemoen, bitterboela, N!Ham","herb, vine",prostrate/procumbent/semi-erect,annual,multi stem,"fruits & nuts, materials, medicinals & aromatic","grown on large scale, grown on small scale",20.0,35.0,15.0,40.0,500.0,700.0,400.0,1800.0,6.0,7.0,5.5,7.5,20.0,10.0,43.0,43.0,1000.0,clear skies,very bright,cloudy skies,very bright,deep (>>150 cm),medium (50-150 cm),medium,light,high,low,low (<4 dS/m),medium (4-10 dS/m),well (dry spells),excessive (dry/moderately dry),,,long day (>14 hours),"tropical wet & dry (Aw), tropical wet (Ar), subtropical humid (Cf), subtropical dry summer (Cs), temperate oceanic (Do)",,humidity,,large scale/commercial,0.0,0.0,original_rule,edible_flag,high,Blacktail; Citron Red Seeded; Citrullus lanatus; Golden midget; Mountain sweet yellow,6,,fruiting,1,بطيخ,0,0
PP:956,both,vaccinium macrocarpon,exact_scientific_name,high,956.0,Plant,https://permapeople.org/plants/vaccinium-macrocarpon,Vaccinium macrocarpon,Vaccinium macrocarpon,Ericaceae,,,,,0.2,Medium,Shrubs,1.0,Fruit,,Ground cover,1.0,1.0,0.0,0.0,0.0,1.0,1.0,1.0,1.0,0.0,fruit,1.0,Edible parts contains 'Fruit' (non-tree layer),10711,Vaccinium macrocarpon,Aiton,Magnoliopsida:Dilleniidae:Ericales:Ericaceae,,"cranberry, American cranberry, cultivated cranberry, large cranberry, large bearberry, arando de cultura, ronce d'Amérique, große Moosbeere, Kranbeere, arándano americano, arándano trepador","vine, sub-shrub",prostrate/procumbent/semi-erect,perennial,multi stem,fruits & nuts,grown on large scale,16.0,24.0,4.0,27.0,600.0,1000.0,400.0,1300.0,5.0,5.5,4.5,6.0,40.0,40.0,50.0,50.0,1000.0,very bright,clear skies,very bright,cloudy skies,shallow (20-50 cm),shallow (20-50 cm),"medium, light","heavy, medium, light",moderate,low,low (<4 dS/m),low (<4 dS/m),well (dry spells),well (dry spells),-5,-1.0,"short day (<12 hours), neutral day (12-14 hours), long day (>14 hours)","steppe or semiarid (Bs), temperate oceanic (Do), temperate continental (Dc), temperate with humid winters (Df), temperate with dry winters (Dw)",,,,,100.0,180.0,original_rule,edible_flag,high,Vaccinium macrocarpon,1,,fruit_tree,0,,0,0
PP:960,both,pachyrhizus tuberosus,exact_scientific_name,high,960.0,Plant,https://permapeople.org/plants/pachyrhizus-tuberosus,Pachyrhizus tuberosus,Pachyrhizus tuberosus,Fabaceae or leguminosae,Perennial,9-11,9.0,11.0,6.0,,Vines,1.0,"Root, Seedpod",,"Pest control, Nitrogen fixer",1.0,0.0,0.0,0.0,0.0,1.0,0.0,1.0,1.0,0.0,root_crop,1.0,Layer or Edible parts indicates Root/Tuber,148966,Pachyrhizus tuberosus,(Lam.) Spreng.,Magnoliopsida:Rosidae:Fabales:Leguminosae,"Pachyrrhizus tuberosus (Lam.) Spreng., Dolichos tuberosus Lamarck","yam bean, manioc bean, potato bean, tuberous gram, Amazonian yam bean, dolique tubéreuse, pois patate, pois cochon, ashipa, chuin, jícama, jiquima, yamsbønne, sha ge, hoewi iris, bengkoewang, yambohne, knollenbohne, knollige bohne, amazonische jamsbohne, amazonische knollenbohne, fagiolo patata, feijão-jacatupé, jacatupé, jacutupé, jocotupé, sinkamas, at böyrüce","herb, vine",climber/scrambler/scadent,perennial,,roots/tubers,grown on small scale,25.0,30.0,16.0,34.0,1500.0,1900.0,640.0,4000.0,5.0,5.5,4.3,7.3,,,20.0,20.0,,clear skies,cloudy skies,very bright,cloudy skies,deep (>>150 cm),medium (50-150 cm),light,"medium, light",high,moderate,low (<4 dS/m),low (<4 dS/m),well (dry spells),well (dry spells),,,short day (<12 hours),"tropical wet & dry (Aw), tropical wet (Ar), subtropical humid (Cf), subtropical dry summer (Cs), subtropical dry winter (Cw)",,,,,180.0,240.0,original_rule,edible_flag,high,Pachyrhizus tuberosus,1,,root,0,,0,0
PP:964,both,papaver somniferum,exact_scientific_name,high,964.0,Plant,https://permapeople.org/plants/papaver-somniferum,Papaver somniferum,Papaver somniferum,Papaveraceae,Annual,,,,0.6,,,1.0,"Leaves, Seed",Oil,oil,1.0,0.0,0.0,0.0,0.0,1.0,0.0,1.0,1.0,1.0,vegetable,1.0,Edible parts contains Leaves/Stem/Flowers,8296,Papaver somniferum,L.,Magnoliopsida:Magnoliidae:Ranunculales:Papaveraceae,,"poppy, opium poppy, white poppy, adormidera, pavot, Mohn, Schlafmohn, vallmo, opiums valmue, valmue, khashkhash, slaapbol, papavero, dormideira, mak, keshi, ying-shu, Papaveris caput maturis, Papaveris semen, Oleum papaveris, mehes",herb,erect,annual,,medicinals & aromatic,grown on large scale,15.0,24.0,3.0,28.0,800.0,1200.0,300.0,1700.0,6.5,7.5,6.0,8.3,15.0,10.0,55.0,60.0,2400.0,very bright,clear skies,very bright,cloudy skies,medium (50-150 cm),shallow (20-50 cm),medium,medium,high,moderate,low (<4 dS/m),low (<4 dS/m),well (dry spells),well (dry spells),-5,0.0,long day (>14 hours),"tropical wet & dry (Aw), tropical wet (Ar), steppe or semiarid (Bs), subtropical dry summer (Cs), temperate oceanic (Do), temperate continental (Dc), temperate with humid winters (Df), temperate with dry winters (Dw)",,,,"home garden, large scale/commercial",135.0,210.0,original_rule,edible_flag,high,Papaver somniferum,1,,leafy_herb,0,,1,0
PP:971,both,picea abies,exact_scientific_name,high,971.0,Plant,https://permapeople.org/plants/picea-abies,Picea abies,Picea abies,Pinaceae,,2-7,2.0,7.0,30.0,Fast,Tall trees,1.0,"Flowers, Inner bark, Seed, Shoots",Tea,"Adhesive, Essential Oil, Pitch, Wind breaker, Tannin, Varnish, Lumber, Ground cover, Fragrance",1.0,0.0,0.0,0.0,0.0,1.0,1.0,1.0,1.0,1.0,vegetable,1.0,Edible parts contains Leaves/Stem/Flowers,8571,Picea abies,(L.) Karsten,Pinopsida:Pinaceae,"Abies excelsa (Lam ) Poiret, Pinus abies L., Picea excelsa Link","Norway spruce, white deal, Jura turpentine, Burgundy pitch, pitch tree, living Christmas tree, epicea commun, epinette de Norvege, Fichte, Rottanne, Gemeine Fichte, Edeltanne, abete rosso, espruce da Noruega, picea, abeto del Norte",tree,erect,perennial,"evergreen, single stem","materials, medicinals & aromatic, forest/wood, environmental",grown on large scale,5.0,15.0,3.0,25.0,400.0,700.0,300.0,900.0,4.0,5.0,3.7,5.5,45.0,40.0,68.0,73.0,2000.0,cloudy skies,clear skies,light shade,very bright,medium (50-150 cm),shallow (20-50 cm),"medium, organic","heavy, medium, light, wide, organic",high,moderate,low (<4 dS/m),low (<4 dS/m),well (dry spells),"poorly (saturated >50% of year), well (dry spells)",-30,-1.0,long day (>14 hours),"subtropical dry summer (Cs), temperate oceanic (Do), temperate continental (Dc), boreal (E)",,,,,0.0,0.0,original_rule,edible_flag,high,Picea abies,1,,leafy_herb,0,,0,0
PP:989,both,phytolacca acinosa,exact_scientific_name,high,989.0,Plant,https://permapeople.org/plants/phytolacca-acinosa,Phytolacca acinosa,Phytolacca acinosa,Phytolaccaceae,Perennial,7-10,7.0,10.0,1.5,,,1.0,"Leaves, Root, Shoots",,Ink,1.0,1.0,0.0,0.0,0.0,1.0,0.0,1.0,1.0,1.0,root_crop,1.0,Layer or Edible parts indicates Root/Tuber,8565,Phytolacca acinosa,Roxburgh,Magnoliopsida:Caryophyllidae:Caryophyllales:Phytolaccaceae,Phytolacca esculenta Van Houtte,"Asian poke weed, edible pokeweed, Indian poke, phytolacca, poke root, endod, shang lu, thuwowng lujc, kermesbeere, kermesbär",herb,erect,perennial,"deciduous, multi stem","vegetables, ornamentals/turf, medicinals & aromatic, environmental",grown on small scale,12.0,18.0,5.0,28.0,600.0,900.0,500.0,1000.0,5.5,7.5,5.0,8.0,,,,,3000.0,cloudy skies,clear skies,light shade,very bright,medium (50-150 cm),shallow (20-50 cm),"medium, organic","heavy, medium, light, wide, organic",high,moderate,low (<4 dS/m),low (<4 dS/m),well (dry spells),well (dry spells),-10,-1.0,,"temperate oceanic (Do), temperate continental (Dc), temperate with humid winters (Df), temperate with dry winters (Dw)",,,,"home garden, small scale (manual)",210.0,240.0,original_rule,edible_flag,high,Phytolacca acinosa,1,,leafy_herb,0,,1,0
PP:990,both,phytolacca esculenta,ecocrop_synonym_binomial,medium,990.0,Plant,https://permapeople.org/plants/phytolacca-esculenta,Phytolacca esculenta,Phytolacca esculenta,Phytolaccaceae,Perennial,5-9,5.0,9.0,1.0,,,1.0,"Leaves, Root",,Ink,1.0,1.0,0.0,0.0,0.0,1.0,0.0,1.0,1.0,1.0,root_crop,1.0,Layer or Edible parts indicates Root/Tuber,8565,Phytolacca acinosa,Roxburgh,Magnoliopsida:Caryophyllidae:Caryophyllales:Phytolaccaceae,Phytolacca esculenta Van Houtte,"Asian poke weed, edible pokeweed, Indian poke, phytolacca, poke root, endod, shang lu, thuwowng lujc, kermesbeere, kermesbär",herb,erect,perennial,"deciduous, multi stem","vegetables, ornamentals/turf, medicinals & aromatic, environmental",grown on small scale,12.0,18.0,5.0,28.0,600.0,900.0,500.0,1000.0,5.5,7.5,5.0,8.0,,,,,3000.0,cloudy skies,clear skies,light shade,very bright,medium (50-150 cm),shallow (20-50 cm),"medium, organic","heavy, medium, light, wide, organic",high,moderate,low (<4 dS/m),low (<4 dS/m),well (dry spells),well (dry spells),-10,-1.0,,"temperate oceanic (Do), temperate continental (Dc), temperate with humid winters (Df), temperate with dry winters (Dw)",,,,"home garden, small scale (manual)",210.0,240.0,original_rule,edible_flag,high,Phytolacca esculenta,1,,leafy_herb,0,,1,0
PP:991,both,phytolacca dioica,exact_scientific_name,high,991.0,Plant,https://permapeople.org/plants/phytolacca-dioica,Phytolacca dioica,Phytolacca dioica,Phytolaccaceae,,8-11,8.0,11.0,18.0,,Trees,1.0,"Fruit, Leaves, Shoots",Colouring,,1.0,1.0,0.0,0.0,0.0,1.0,0.0,1.0,1.0,1.0,fruit_tree,1.0,Layer contains 'Tree' and Edible parts contains 'Fruit',28399,Phytolacca dioica,L.,Magnoliopsida:Caryophyllidae:Caryophyllales:Phytolaccaceae,,"bella umbra, belhambra, belombra, bella sombra, monkey grape, ombu, umbra, dikboom, bela sombra",tree,erect,perennial,"evergreen, deciduous, single stem","forage/pasture, ornamentals/turf, medicinals & aromatic, environmental",,18.0,32.0,12.0,38.0,800.0,1500.0,600.0,5000.0,5.5,7.0,5.0,7.5,,,35.0,40.0,2000.0,cloudy skies,very bright,light shade,very bright,deep (>>150 cm),medium (50-150 cm),"heavy, medium, organic","heavy, medium, organic",moderate,low,low (<4 dS/m),low (<4 dS/m),well (dry spells),well (dry spells),-5,-1.0,,"tropical wet & dry (Aw), subtropical humid (Cf), subtropical dry summer (Cs)","wind, drought, coastal salt spray",,,,365.0,365.0,original_rule,edible_flag,high,Phytolacca dioica,1,,fruit_tree,0,,0,0
PP:1005,both,phragmites australis,exact_scientific_name,high,1005.0,Plant,https://permapeople.org/plants/phragmites-australis,Phragmites australis,Phragmites australis,Poaceae or gramineae,Perennial,4-10,4.0,10.0,3.6,Fast,,1.0,"Leaves, Root, Seed, Shoots, Stem","Condiment, Drink, Sweetener","Alcohol, Weaving material, Biomass, Crafting, Cork, Dye, Fencing, Fertilizer, Fiber, Animal feed, Fire starter, Lumber, Cover crop, textiles, Pencil, Erosion control, Teeth",1.0,1.0,0.0,0.0,0.0,1.0,1.0,1.0,1.0,1.0,root_crop,1.0,Layer or Edible parts indicates Root/Tuber,8532,Phragmites australis,(Cav.) Trin. ex Steudel,Liliopsida:Commelinidae:Cyperales:Gramineae,,Schilf,grass,erect,perennial,multi stem,"forage/pasture, vegetables, materials, ornamentals/turf, medicinals & aromatic, environmental, weed",grown on small scale,30.0,35.0,7.0,40.0,500.0,1000.0,300.0,2400.0,5.5,6.5,4.8,8.2,,,,,,very bright,very bright,very bright,cloudy skies,medium (50-150 cm),shallow (20-50 cm),heavy,"heavy, medium",moderate,low,low (<4 dS/m),medium (4-10 dS/m),poorly (saturated >50% of year),poorly (saturated >50% of year),,,short day (<12 hours),"tropical wet & dry (Aw), steppe or semiarid (Bs), subtropical humid (Cf)",flooding,trampling,can become a weed,,150.0,240.0,original_rule,edible_flag,high,Phragmites australis,1,,leafy_herb,0,,0,0
PP:1020,both,prosopis cineraria,exact_scientific_name,high,1020.0,Plant,https://permapeople.org/plants/prosopis-cineraria,Prosopis cineraria,Prosopis cineraria,Fabaceae,,10-12,10.0,12.0,6.5,Medium,Trees,1.0,"Inner bark, Seedpod",Gum,"Fire starter, Animal feed, Gum, Potash, Wind breaker, Erosion control, Tannin, Lumber, Coppice, Nitrogen fixer",1.0,0.0,0.0,0.0,1.0,1.0,0.0,1.0,1.0,1.0,other_productive,1.0,"Edible == true, no more specific rule matched",8947,Prosopis cineraria,(L.) Druce,Magnoliopsida:Rosidae:Fabales:Leguminosae,,,tree,erect,perennial,"deciduous, single stem, C3 photosynthesis","forage/pasture, forest/wood, environmental",grown on small scale,28.0,45.0,6.0,50.0,400.0,800.0,100.0,900.0,6.5,8.5,5.5,9.8,10.0,10.0,30.0,30.0,600.0,very bright,very bright,very bright,cloudy skies,medium (50-150 cm),shallow (20-50 cm),"heavy, medium, light","heavy, medium, light",moderate,low,low (<4 dS/m),medium (4-10 dS/m),well (dry spells),"well (dry spells), excessive (dry/moderately dry)",-6,-1.0,short day (<12 hours),"tropical wet & dry (Aw), desert or arid (Bw), steppe or semiarid (Bs)","wind, drought",,,,70.0,210.0,original_rule,edible_flag,high,Prosopis cineraria,1,,other,0,,0,0
PP:1038,both,melilotus officinalis,exact_scientific_name,high,1038.0,Plant,https://permapeople.org/plants/melilotus-officinalis-melilot,Melilotus officinalis,Melilot,Fabaceae or leguminosae,"Annual, Biennial",,,,1.2,,,1.0,"Flowers, Leaves, Root, Seedpod, Shoots",Condiment,"Cover crop, Nitrogen fixer, Fragrance",1.0,0.0,0.0,0.0,1.0,1.0,0.0,1.0,1.0,1.0,root_crop,1.0,Layer or Edible parts indicates Root/Tuber,7691,Melilotus officinalis,(L.) Lam.,Magnoliopsida:Rosidae:Fabales:Leguminosae,,"yellow sweet clover, yellow melilot, common sweet clover, melist, king's clover, Hart's clover, Hart's trefoil, trevo de cheiro amarelo, anafe amarelo, trevo real, coroa de rei, trébol amarillo, trébol dulce amarillo, melilot officinal, Steinklee, Meliloti flos, Meliloti herba",herb,erect,"annual, biennial",,"forage/pasture, medicinals & aromatic","grown on small scale, harvested from wild",12.0,24.0,5.0,28.0,450.0,800.0,300.0,1600.0,6.0,7.0,5.0,8.5,,,,,4000.0,very bright,clear skies,very bright,cloudy skies,medium (50-150 cm),shallow (20-50 cm),"heavy, medium, light, organic","heavy, medium, light",moderate,low,low (<4 dS/m),medium (4-10 dS/m),well (dry spells),"poorly (saturated >50% of year), well (dry spells), excessive (dry/moderately dry)",-5,0.0,long day (>14 hours),"steppe or semiarid (Bs), temperate oceanic (Do), temperate continental (Dc), temperate with humid winters (Df), temperate with dry winters (Dw), boreal (E)",,,,,100.0,210.0,original_rule,edible_flag,high,Melilot,1,,leafy_herb,0,,0,0
PP:1041,both,melilotus suaveolens,exact_scientific_name,high,1041.0,Plant,https://permapeople.org/plants/melilotus-suaveolens-sweetclover,Melilotus suaveolens,Sweetclover,Fabaceae or leguminosae,"Annual, Biennial",,,,1.0,,,1.0,Leaves,,Nitrogen fixer,1.0,0.0,0.0,0.0,1.0,1.0,0.0,1.0,1.0,1.0,vegetable,1.0,Edible parts contains Leaves/Stem/Flowers,7692,Melilotus suaveolens,Ledeb.,Magnoliopsida:Rosidae:Fabales:Leguminosae,,,herb,,"annual, biennial",,forage/pasture,,10.0,17.0,5.0,24.0,700.0,900.0,500.0,1200.0,6.0,7.0,5.6,7.5,,,,,1700.0,very bright,clear skies,very bright,cloudy skies,medium (50-150 cm),shallow (20-50 cm),"medium, light","heavy, medium, light",moderate,low,low (<4 dS/m),low (<4 dS/m),well (dry spells),"poorly (saturated >50% of year), well (dry spells)",-5,0.0,long day (>14 hours),"steppe or semiarid (Bs), subtropical humid (Cf), subtropical dry summer (Cs), subtropical dry winter (Cw), temperate oceanic (Do), temperate continental (Dc), temperate with humid winters (Df), temperate with dry winters (Dw), boreal (E)",,,,,120.0,180.0,original_rule,edible_flag,high,Sweetclover,1,,leafy_herb,0,,0,0
PP:1047,both,nuphar lutea,exact_scientific_name,high,1047.0,Plant,https://permapeople.org/plants/nuphar-lutea-yellow-water-lily,Nuphar lutea,Yellow Water Lily,Nymphaeaceae,Perennial,4-8,4.0,8.0,,,,1.0,"Leaves, Root, Seed",Drink,Fragrance,1.0,1.0,0.0,0.0,0.0,0.0,0.0,1.0,1.0,1.0,root_crop,1.0,Layer or Edible parts indicates Root/Tuber,8002,Nuphar lutea,(L.) Sibth. & Smith,,"Nuphar luteum, Nuphar variegata Durand.","yellow water lily, yellow pond-lily, pond-lily, European yellow pond-lily, spatterdock lily, frog-lily, cow-lily, spatter dock, gul nykkerose, gul åkande, isoulpukka, gelbe teichrose",herb,prostrate/procumbent/semi-erect,perennial,"deciduous, multi stem","vegetables, ornamentals/turf, medicinals & aromatic",,18.0,28.0,12.0,35.0,400.0,1400.0,300.0,1500.0,6.5,7.5,6.0,8.0,35.0,30.0,63.0,67.0,1500.0,clear skies,very bright,cloudy skies,very bright,shallow (20-50 cm),shallow (20-50 cm),"heavy, organic","heavy, medium, light, wide, organic",moderate,low,low (<4 dS/m),low (<4 dS/m),poorly (saturated >50% of year),poorly (saturated >50% of year),-30,0.0,,"steppe or semiarid (Bs), subtropical humid (Cf), subtropical dry summer (Cs), temperate oceanic (Do), temperate continental (Dc), boreal (E)",flooding,drought,,,0.0,0.0,original_rule,edible_flag,high,Yellow Water Lily,1,,leafy_herb,0,,0,0
PP:1048,both,nuphar advena,exact_scientific_name,high,1048.0,Plant,https://permapeople.org/plants/nuphar-advena-common-spatterdock,Nuphar advena,Common Spatterdock,Nymphaeaceae,Perennial,3-7,3.0,7.0,,,,1.0,"Root, Seed",,,1.0,1.0,0.0,0.0,0.0,0.0,0.0,1.0,1.0,1.0,root_crop,1.0,Layer or Edible parts indicates Root/Tuber,8001,Nuphar advena,(Ait.) Ait. f.,,Nuphar lutea ssp advena,"European yellow pond-lily, pond-lily, yellow pond-lily, spatterdock, cow lily, yellow cow lily, yellow pondlily, yellow water lily, brandy bottle",herb,erect,perennial,"deciduous, multi stem","vegetables, ornamentals/turf, medicinals & aromatic",grown on small scale,14.0,30.0,10.0,36.0,700.0,1500.0,500.0,1700.0,5.0,7.5,4.5,8.0,22.0,20.0,40.0,42.0,,clear skies,very bright,cloudy skies,very bright,shallow (20-50 cm),shallow (20-50 cm),"medium, organic","medium, organic",high,moderate,low (<4 dS/m),low (<4 dS/m),poorly (saturated >50% of year),poorly (saturated >50% of year),-20,0.0,,"tropical wet & dry (Aw), subtropical humid (Cf), subtropical dry summer (Cs), temperate oceanic (Do), temperate continental (Dc)",,,,,0.0,0.0,original_rule,edible_flag,high,Common Spatterdock,1,,root,0,,0,0
PP:1061,both,parinari curatellifolia,exact_scientific_name,high,1061.0,Plant,https://permapeople.org/plants/parinari-curatellifolia-mbola,Parinari curatellifolia,Mbola,Chrysobalanaceae,,10-12,10.0,12.0,15.0,Slow,Tall trees,1.0,"Fruit, Seed","Oil, Drink","Fire starter, Fire retardant, Lumber, oil, Paint, Soap making, Tannin, Teeth, Varnish, Coppice",1.0,0.0,0.0,0.0,0.0,1.0,1.0,0.0,1.0,1.0,fruit_tree,1.0,Layer contains 'Tree' and Edible parts contains 'Fruit',8309,Parinari curatellifolia,Planch.ex Benth.,Magnoliopsida:Rosidae:Rosales:Chrysobalanaceae,,"mobola-plum, cork tree, hissing tree, grysappel, bosappel, mmola, mbulwa, mobola, muvhula, amabulwa",tree,erect,perennial,"evergreen, single stem","forage/pasture, fruits & nuts, materials, ornamentals/turf, medicinals & aromatic, forest/wood, environmental",,14.0,30.0,10.0,36.0,400.0,1000.0,100.0,2700.0,5.5,7.0,5.0,7.5,,,25.0,30.0,1900.0,,,,,deep (>>150 cm),deep (>>150 cm),"heavy, medium","heavy, medium",high,moderate,low (<4 dS/m),low (<4 dS/m),poorly (saturated >50% of year),"poorly (saturated >50% of year), well (dry spells)",,,,"tropical wet & dry (Aw), tropical wet (Ar), desert or arid (Bw), steppe or semiarid (Bs), subtropical humid (Cf), subtropical dry summer (Cs)",,,,,365.0,365.0,original_rule,edible_flag,high,Mbola,1,,fruit_tree,0,,0,0
PP:1062,both,nigella sativa,exact_scientific_name,high,1062.0,Plant,https://permapeople.org/plants/nigella-sativa-black-cumin,Nigella sativa,Black Cumin,Ranunculaceae,Annual,,,,0.4,,,1.0,Seed,"Oil, Condiment","oil, Pest control, Fragrance",1.0,0.0,0.0,0.0,1.0,1.0,0.0,1.0,1.0,1.0,other_productive,1.0,"Edible == true, no more specific rule matched",7987,Nigella sativa,L.,Magnoliopsida:Magnoliidae:Ranunculales:Ranunculaceae,,"fennel-flower, black cumin, black caraway, gith, nutmeg flower, ragged lady, Roman coriander, kalonji, nigelle de Crete, schwarzkuemmel, nigela, garidela, cominho negro, ajenuz, aranue, tikur-azmud",herb,,annual,,medicinals & aromatic,,14.0,26.0,5.0,30.0,600.0,800.0,400.0,1000.0,6.5,7.3,6.0,8.0,30.0,5.0,45.0,45.0,2500.0,very bright,clear skies,very bright,cloudy skies,medium (50-150 cm),shallow (20-50 cm),"heavy, medium, light","heavy, medium, light",moderate,low,low (<4 dS/m),low (<4 dS/m),well (dry spells),well (dry spells),,,short day (<12 hours),"tropical wet & dry (Aw), steppe or semiarid (Bs), subtropical dry summer (Cs)",,,,,100.0,150.0,original_rule,edible_flag,high,Black Cumin,1,,other,0,,0,0
PP:1066,both,cichorium intybus,exact_scientific_name,high,1066.0,Plant,https://permapeople.org/plants/cichorium-intybus,Cichorium intybus,Cichorium intybus,Asteraceae,Perennial,3-7,3.0,7.0,,Fast,Herbs,1.0,"Flowers, Leaves, Root",Coffee,"Biomass, Compost, Dynamic accumulator",1.0,0.0,0.0,0.0,0.0,1.0,0.0,1.0,1.0,1.0,root_crop,1.0,Layer or Edible parts indicates Root/Tuber,694,Cichorium intybus,L.,Magnoliopsida:Asteridae:Asterales:Compositae,,"chicory, common chicory, wild succory, Belgian endive, blue-sailor's succory, chickory, achicoria, chicorée, chicoria, sigorei, cikoria, vägvårda, sikori, cikorie, sikuri, Wegwarte, Glyceria Wegwarte, Cichorii herba, Cichorii radix",herb,erect,"biennial, perennial",multi stem,"vegetables, medicinals & aromatic","grown on small scale, harvested from wild",10.0,30.0,6.0,35.0,1500.0,2500.0,300.0,4000.0,6.0,7.5,4.5,8.3,20.0,20.0,60.0,60.0,2000.0,very bright,clear skies,very bright,cloudy skies,medium (50-150 cm),shallow (20-50 cm),medium,"heavy, medium",moderate,moderate,low (<4 dS/m),medium (4-10 dS/m),well (dry spells),"well (dry spells), excessive (dry/moderately dry)",-5,-1.0,"short day (<12 hours), neutral day (12-14 hours), long day (>14 hours)","steppe or semiarid (Bs), subtropical humid (Cf), subtropical dry summer (Cs), temperate oceanic (Do), temperate continental (Dc)",,,,,90.0,330.0,original_rule,edible_flag,high,Cichorium intybus,1,,leafy_herb,0,,0,0
PP:1077,both,chrysanthemum coronarium,species_binomial_inheritance,medium,1077.0,Plant,https://permapeople.org/plants/chrysanthemum-coronarium,Chrysanthemum coronarium,Chrysanthemum coronarium,Asteraceae or compositae,Annual,,,,1.2,,,1.0,"Flowers, Leaves, Shoots",,Companion,1.0,1.0,0.0,0.0,0.0,1.0,0.0,1.0,1.0,1.0,vegetable,1.0,Edible parts contains Leaves/Stem/Flowers,4524,Chrysanthemum coronarium var. coronarium,L.,Magnoliopsida:Asteridae:Asterales:Compositae,,,herb,prostrate/procumbent/semi-erect,annual,multi stem,"vegetables, ornamentals/turf, medicinals & aromatic, environmental",grown on small scale,12.0,18.0,7.0,25.0,800.0,1300.0,600.0,2500.0,6.0,6.5,5.3,7.3,30.0,20.0,45.0,60.0,1500.0,very bright,cloudy skies,very bright,light shade,shallow (20-50 cm),shallow (20-50 cm),"heavy, medium","heavy, medium, light",high,moderate,low (<4 dS/m),low (<4 dS/m),well (dry spells),well (dry spells),-2,-2.0,"short day (<12 hours), neutral day (12-14 hours), long day (>14 hours)","subtropical humid (Cf), subtropical dry summer (Cs), subtropical dry winter (Cw), temperate oceanic (Do), temperate continental (Dc), temperate with humid winters (Df), temperate with dry winters (Dw)",,,,"home garden, small scale (manual)",30.0,55.0,original_rule,edible_flag,high,Chrysanthemum coronarium; Chrysanthemum coronarium spatiosum,2,,leafy_herb,0,,1,0
PP:1103,both,erythrina fusca,exact_scientific_name,high,1103.0,Plant,https://permapeople.org/plants/erythrina-fusca-coral-bean,Erythrina fusca,Coral Bean,Fabaceae,,10-12,10.0,12.0,15.0,Medium,Tall trees,1.0,"Flowers, Leaves",,"Fencing, Fire starter, Hedgerow, Pioneer, Plant support, Soil conditioner, Lumber, Nitrogen fixer",1.0,0.0,0.0,0.0,1.0,1.0,0.0,1.0,1.0,1.0,vegetable,1.0,Edible parts contains Leaves/Stem/Flowers,1007,Erythrina fusca,Lour.,Magnoliopsida:Rosidae:Fabales:Leguminosae,,coral bean,tree,erect,perennial,single stem,"forage/pasture, vegetables, ornamentals/turf, medicinals & aromatic, forest/wood, environmental",,16.0,24.0,12.0,32.0,1200.0,3000.0,1000.0,3500.0,4.5,6.5,4.0,7.0,,,15.0,20.0,2000.0,clear skies,very bright,clear skies,very bright,deep (>>150 cm),medium (50-150 cm),"heavy, medium, light","heavy, medium, light",high,moderate,low (<4 dS/m),low (<4 dS/m),poorly (saturated >50% of year),"poorly (saturated >50% of year), well (dry spells)",,,,tropical wet & dry (Aw),,,,"small scale (manual), intermediate (animal drawn)",365.0,365.0,original_rule,edible_flag,high,Coral Bean,1,,leafy_herb,0,,0,0
PP:1170,both,cucurbita maxima,exact_scientific_name,high,1170.0,Plant,https://permapeople.org/plants/cucurbita-maxima-winter-squash,Cucurbita maxima,Pumpkin,Cucurbitaceae,Annual,2-11,2.0,11.0,0.6,Fast,Vines,1.0,"Flowers, Fruit, Leaves, Seed",Oil,"Cosmetic, oil",1.0,1.0,0.0,0.0,0.0,1.0,0.0,1.0,1.0,1.0,edible_vine,1.0,Layer contains 'Vine(s)' and Edible == true,819,Cucurbita maxima,Duchesne,Magnoliopsida:Dilleniidae:Violales:Cucurbitaceae,,"pumpkin, squash, giant squash, citrouille, hina, wavukani, te baukin, panikeni, poosani, hubbard squash, Kürbis",vine,climber/scrambler/scadent,annual,,"forage/pasture, fruits & nuts, vegetables, materials, medicinals & aromatic",grown on large scale,20.0,30.0,9.0,38.0,600.0,1000.0,450.0,2700.0,5.5,7.5,5.0,8.5,10.0,,20.0,50.0,2000.0,very bright,very bright,very bright,cloudy skies,deep (>>150 cm),shallow (20-50 cm),"heavy, medium, light, organic","heavy, medium, light",high,low,low (<4 dS/m),low (<4 dS/m),well (dry spells),well (dry spells),,,"short day (<12 hours), neutral day (12-14 hours), long day (>14 hours)","tropical wet & dry (Aw), tropical wet (Ar), steppe or semiarid (Bs), subtropical humid (Cf), subtropical dry summer (Cs), subtropical dry winter (Cw), temperate oceanic (Do), temperate continental (Dc), temperate with humid winters (Df), temperate with dry winters (Dw)",,,,"home garden, large scale/commercial",80.0,140.0,original_rule,edible_flag,high,Hubbard; Jumbo; Winter Squash,3,,fruiting,1,يقطين,1,0
PP:1172,both,cuminum cyminum,exact_scientific_name,high,1172.0,Plant,https://permapeople.org/plants/cuminum-cyminum-cumin-jeera,Cuminum cyminum,Cumin - Jeera,Apiaceae or umbelliferae,Annual,8-12,8.0,12.0,0.3,Fast,,1.0,Seed,Condiment,"Essential Oil, Pest control, Fragrance",1.0,0.0,0.0,0.0,1.0,1.0,0.0,1.0,1.0,1.0,other_productive,1.0,"Edible == true, no more specific rule matched",5043,Cuminum cyminum,L.,Magnoliopsida:Rosidae:Apiales:Umbelliferae,Cuminum odorum Sahib.,"cumin, cumin seed, comino, romischer kummel, spiskummin, kammun, komijn, cominho, kmin, ma-ch'in",herb,erect,annual,,"materials, medicinals & aromatic",grown on large scale,17.0,26.0,9.0,30.0,1200.0,1800.0,800.0,2700.0,5.0,6.5,4.5,8.3,20.0,,35.0,40.0,2200.0,very bright,very bright,very bright,clear skies,medium (50-150 cm),shallow (20-50 cm),"medium, organic","medium, light",high,moderate,low (<4 dS/m),low (<4 dS/m),well (dry spells),well (dry spells),,,short day (<12 hours),"tropical wet & dry (Aw), subtropical dry summer (Cs)",,,,,60.0,110.0,original_rule,edible_flag,high,Cumin - Jeera,1,,other,0,,0,0
PP:1186,both,crocus sativus,exact_scientific_name,high,1186.0,Plant,https://permapeople.org/plants/crocus-sativus-saffron,Crocus sativus,Saffron,Iridaceae,,5-9,5.0,9.0,0.1,,Roots,1.0,Root,"Colouring, Condiment, Tea","Dye, Fragrance",1.0,1.0,0.0,0.0,1.0,1.0,0.0,1.0,1.0,0.0,root_crop,1.0,Layer or Edible parts indicates Root/Tuber,4962,Crocus sativus,L.,Liliopsida:Liliidae:Liliales:Iridaceae,Crocus sativum,"saffron, safran, azafran, saffran, za'faran, saffraan, zafferano, acafrao, shafran, safuran, fan-hung-hua, Stigma Croci, kuma-kuma, sapran, romiet",herb,erect,perennial,,"materials, medicinals & aromatic",grown on large scale,7.0,19.0,4.0,23.0,800.0,900.0,400.0,1100.0,6.0,7.0,5.5,7.8,30.0,30.0,40.0,60.0,,very bright,clear skies,very bright,cloudy skies,shallow (20-50 cm),shallow (20-50 cm),medium,"medium, light",moderate,moderate,low (<4 dS/m),low (<4 dS/m),well (dry spells),well (dry spells),,,"short day (<12 hours), neutral day (12-14 hours), long day (>14 hours)","subtropical dry summer (Cs), temperate oceanic (Do), temperate continental (Dc)",,,,"home garden, small scale (manual)",180.0,210.0,original_rule,edible_flag,high,Saffron,1,,root,0,,1,0
PP:1187,both,crotalaria juncea,exact_scientific_name,high,1187.0,Plant,https://permapeople.org/plants/crotalaria-juncea-sun-hemp,Crotalaria juncea,Sun Hemp,Fabaceae,Annual,10-12,10.0,12.0,1.6,Fast,,1.0,"Flowers, Leaves",Condiment,"Biomass, Fiber, Fire starter, Cover crop, Pest control, textiles, Weaving material, Nitrogen fixer",1.0,0.0,0.0,0.0,0.0,1.0,0.0,1.0,1.0,1.0,vegetable,1.0,Edible parts contains Leaves/Stem/Flowers,801,Crotalaria juncea,L.,Magnoliopsida:Rosidae:Fabales:Leguminosae,,"sunn hemp, Bengal hemp, chinchín",herb,erect,annual,multi stem,"forage/pasture, materials, medicinals & aromatic, cover crop, environmental",grown on large scale,20.0,30.0,4.0,40.0,500.0,1500.0,200.0,4300.0,6.0,7.0,5.0,8.4,17.0,17.0,30.0,30.0,1500.0,very bright,very bright,very bright,cloudy skies,medium (50-150 cm),medium (50-150 cm),medium,"medium, light",moderate,low,low (<4 dS/m),medium (4-10 dS/m),well (dry spells),"well (dry spells), excessive (dry/moderately dry)",-2,-1.0,"short day (<12 hours), neutral day (12-14 hours)","tropical wet & dry (Aw), tropical wet (Ar), steppe or semiarid (Bs), subtropical humid (Cf), subtropical dry summer (Cs), subtropical dry winter (Cw)",,,,,60.0,160.0,original_rule,edible_flag,high,Sun Hemp,1,,leafy_herb,0,,0,0
PP:1195,both,cryptotaenia japonica,exact_scientific_name,high,1195.0,Plant,https://permapeople.org/plants/cryptotaenia-japonica-mitsuba,Cryptotaenia japonica,Mitsuba,Apiaceae or umbelliferae,Perennial,4-8,4.0,8.0,1.0,,,1.0,"Leaves, Root, Stem",Condiment,,1.0,1.0,0.0,1.0,0.0,1.0,0.0,1.0,1.0,1.0,root_crop,1.0,Layer or Edible parts indicates Root/Tuber,4999,Cryptotaenia japonica,Hassk,Magnoliopsida:Rosidae:Apiales:Umbelliferae,Cryptotaenia canadensis D.C. var. japonica Makino,"mitsuba, Japanese honeworts, Japanese parsley",herb,erect,perennial,"evergreen, multi stem","vegetables, medicinals & aromatic, environmental",,15.0,27.0,10.0,30.0,600.0,3000.0,500.0,3500.0,5.0,7.5,4.5,8.0,27.0,25.0,53.0,55.0,1500.0,light shade,cloudy skies,heavy shade,clear skies,shallow (20-50 cm),shallow (20-50 cm),"heavy, medium, organic","heavy, medium, organic",high,moderate,,,well (dry spells),well (dry spells),-10,0.0,,"subtropical humid (Cf), subtropical dry summer (Cs), subtropical dry winter (Cw), temperate oceanic (Do), temperate continental (Dc)",,,,,0.0,0.0,original_rule,edible_flag,high,Mitsuba,1,,leafy_herb,0,,0,0
PP:1200,both,cryptotaenia canadensis,ecocrop_synonym_binomial,medium,1200.0,Plant,https://permapeople.org/plants/cryptotaenia-canadensis-honewort,Cryptotaenia canadensis,Honewort,Apiaceae or umbelliferae,Perennial,4-8,4.0,8.0,1.0,,,1.0,"Flowers, Leaves, Root, Stem",,,0.0,1.0,0.0,0.0,0.0,1.0,0.0,1.0,1.0,1.0,root_crop,1.0,Layer or Edible parts indicates Root/Tuber,4999,Cryptotaenia japonica,Hassk,Magnoliopsida:Rosidae:Apiales:Umbelliferae,Cryptotaenia canadensis D.C. var. japonica Makino,"mitsuba, Japanese honeworts, Japanese parsley",herb,erect,perennial,"evergreen, multi stem","vegetables, medicinals & aromatic, environmental",,15.0,27.0,10.0,30.0,600.0,3000.0,500.0,3500.0,5.0,7.5,4.5,8.0,27.0,25.0,53.0,55.0,1500.0,light shade,cloudy skies,heavy shade,clear skies,shallow (20-50 cm),shallow (20-50 cm),"heavy, medium, organic","heavy, medium, organic",high,moderate,,,well (dry spells),well (dry spells),-10,0.0,,"subtropical humid (Cf), subtropical dry summer (Cs), subtropical dry winter (Cw), temperate oceanic (Do), temperate continental (Dc)",,,,,0.0,0.0,original_rule,edible_flag,high,Honewort,1,,leafy_herb,0,,0,0
PP:1208,both,tectona grandis,exact_scientific_name,high,1208.0,Plant,https://permapeople.org/plants/tectona-grandis-teak,Tectona grandis,Teak,Lamiaceae,,10-12,10.0,12.0,30.0,Fast,Tall trees,1.0,Leaves,Colouring,"Fire starter, Dye, Fencing, Lumber, Hair, Fragrance, textiles, Pest control",1.0,0.0,0.0,0.0,0.0,1.0,0.0,1.0,1.0,1.0,vegetable,1.0,Edible parts contains Leaves/Stem/Flowers,2054,Tectona grandis,L. f.,Magnoliopsida:Asteridae:Lamiales:Verbenaceae,,"teak, tiki",tree,erect,perennial,"deciduous, single stem","ornamentals/turf, medicinals & aromatic, forest/wood, environmental",grown on large scale,22.0,32.0,14.0,43.0,1200.0,3000.0,500.0,4000.0,6.0,7.5,4.5,8.5,10.0,10.0,25.0,25.0,1200.0,very bright,very bright,very bright,clear skies,deep (>>150 cm),medium (50-150 cm),medium,"heavy, medium",high,moderate,low (<4 dS/m),low (<4 dS/m),well (dry spells),well (dry spells),3,3.0,short day (<12 hours),"tropical wet & dry (Aw), tropical wet (Ar), steppe or semiarid (Bs)",fire,wind,mono culture may cause erosion problems,,180.0,270.0,original_rule,edible_flag,high,Teak,1,,leafy_herb,0,,0,0
PP:1209,both,indigofera arrecta,exact_scientific_name,high,1209.0,Plant,https://permapeople.org/plants/indigofera-arrecta-bengal-indigo,Indigofera arrecta,Bengal Indigo,Fabaceae,Perennial,10-12,10.0,12.0,2.0,Medium,,1.0,"Leaves, Root",,"Compost, Dye, Cover crop, Mulch, Soil conditioner, Teeth, Nitrogen fixer",1.0,0.0,0.0,0.0,0.0,1.0,0.0,1.0,1.0,1.0,root_crop,1.0,Layer or Edible parts indicates Root/Tuber,6882,Indigofera arrecta,Hochst. ex A. Rich,Magnoliopsida:Rosidae:Fabales:Leguminosae,,"Java indigo, anileira de Java","herb, shrub",erect,perennial,multi stem,"materials, medicinals & aromatic, cover crop, environmental",grown on small scale,22.0,30.0,16.0,36.0,1700.0,2200.0,400.0,4300.0,5.0,6.0,4.5,6.5,,,30.0,30.0,2700.0,very bright,clear skies,very bright,cloudy skies,medium (50-150 cm),medium (50-150 cm),"medium, light","heavy, medium, light, organic",moderate,low,low (<4 dS/m),low (<4 dS/m),well (dry spells),"poorly (saturated >50% of year), well (dry spells)",,,short day (<12 hours),"tropical wet & dry (Aw), tropical wet (Ar), subtropical dry summer (Cs)",flooding,,,,90.0,365.0,original_rule,edible_flag,high,Bengal Indigo,1,,leafy_herb,0,,0,0
PP:1257,both,cordeauxia edulis,exact_scientific_name,high,1257.0,Plant,https://permapeople.org/plants/cordeauxia-edulis-yeheb-yeheb-nut,Cordeauxia edulis,Yeheb Yeheb nut,Fabaceae,,10-12,10.0,12.0,4.0,Slow,Shrubs,1.0,"Leaves, Seed","Coffee, Drink, Tea","Dye, Animal feed, Fire starter, Mordant, Soap making, Lumber, Nitrogen fixer",1.0,0.0,0.0,0.0,1.0,1.0,0.0,1.0,1.0,0.0,nut,1.0,Common name contains 'nut' or Edible uses contains 'Nut',4854,Cordeauxia edulis,,Magnoliopsida:Rosidae:Fabales:Leguminosae,,"yeheb nut, ehb, qud, quda",shrub,erect,perennial,"evergreen, multi stem","forage/pasture, fruits & nuts, forest/wood",harvested from wild,25.0,30.0,20.0,38.0,200.0,400.0,100.0,600.0,6.5,7.5,6.0,8.4,5.0,,10.0,15.0,1000.0,very bright,very bright,very bright,clear skies,deep (>>150 cm),deep (>>150 cm),light,light,moderate,low,low (<4 dS/m),low (<4 dS/m),well (dry spells),"well (dry spells), excessive (dry/moderately dry)",,,short day (<12 hours),"desert or arid (Bw), steppe or semiarid (Bs)",,,,,40.0,200.0,original_rule,edible_flag,high,Yeheb Yeheb nut,1,,fruit_tree,0,,0,0
PP:1298,both,dacryodes edulis,exact_scientific_name,high,1298.0,Plant,https://permapeople.org/plants/dacryodes-edulis-bush-butter-tree,Dacryodes edulis,Bush Butter Tree,Burseraceae,,11-12,11.0,12.0,20.0,Fast,Tall trees,1.0,Fruit,Oil,"Adhesive, Biomass, Cosmetic, Dye, Essential Oil, Fire starter, Lighting, oil, Resin, Soil conditioner, Waterproofing, Lumber",1.0,1.0,0.0,0.0,0.0,1.0,1.0,1.0,1.0,1.0,fruit_tree,1.0,Layer contains 'Tree' and Edible parts contains 'Fruit',5181,Dacryodes edulis,(G. Don.) H.J. Lam.,Magnoliopsida:Rosidae:Sapindales:Burseraceae,"Canarium edule Hook.f., Canarium saphu Engl., Pachylobus edulis G. Don., Pachylobus saphu Engl.","African plum, bush butter tree, African palm, African pear, native pear, bush butter, bafole, bulungu, safoutier, mubafo, safu, safu de obo', atangatier",tree,erect,perennial,"evergreen, single stem","forage/pasture, fruits & nuts, materials, ornamentals/turf, medicinals & aromatic, forest/wood, environmental","grown on small scale, harvested from wild",14.0,35.0,18.0,28.0,1200.0,3000.0,1000.0,5000.0,5.0,6.5,4.0,8.0,,,,,1000.0,light shade,clear skies,light shade,very bright,deep (>>150 cm),deep (>>150 cm),"heavy, medium, light, wide, organic","heavy, medium, light, wide, organic",moderate,low,low (<4 dS/m),low (<4 dS/m),well (dry spells),"poorly (saturated >50% of year), well (dry spells)",,,not sensitive,"tropical wet & dry (Aw), tropical wet (Ar)",,,,"home garden, small scale (manual)",365.0,365.0,original_rule,edible_flag,high,Bush Butter Tree,1,,fruit_tree,0,,1,0
PP:1299,both,canarium indicum,exact_scientific_name,high,1299.0,Plant,https://permapeople.org/plants/canarium-indicum-canarium-nut,Canarium indicum,Canarium Nut,Burseraceae,,10-12,10.0,12.0,35.0,Fast,Tall trees,1.0,"Fruit, Seed",Oil,"Containers, Fire starter, Fragrance, Lighting, oil, Paint, Wind breaker, Waterproofing, Lumber",1.0,1.0,0.0,0.0,0.0,1.0,0.0,0.0,1.0,1.0,fruit_tree,1.0,Layer contains 'Tree' and Edible parts contains 'Fruit',606,Canarium indicum,L.,Magnoliopsida:Rosidae:Sapindales:Burseraceae,"Canarium commune L., Canarium amboinense Hochr., Canarium moluccanum Blume, Canarium zephyrium Rumphius","ngali nut, canarium almond, canarium nut, nut - ngali, kenari ambon, jal, kanari bagéa, galip, lawela, hinuei, kenari, nangai",tree,erect,perennial,single stem,"fruits & nuts, ornamentals/turf, forest/wood",grown on small scale,22.0,28.0,10.0,34.0,2000.0,4000.0,1200.0,6000.0,6.0,7.5,5.5,8.1,,,20.0,25.0,1000.0,very bright,clear skies,very bright,cloudy skies,medium (50-150 cm),medium (50-150 cm),"heavy, medium, light","heavy, medium, light",low,low,low (<4 dS/m),low (<4 dS/m),well (dry spells),"poorly (saturated >50% of year), well (dry spells)",,,short day (<12 hours),"tropical wet & dry (Aw), tropical wet (Ar)",,,,"home garden, small scale (manual)",240.0,300.0,original_rule,edible_flag,high,Canarium Nut,1,,fruit_tree,0,,1,0
PP:1301,both,canna indica,exact_scientific_name,high,1301.0,Plant,https://permapeople.org/plants/canna-indica-indian-shot,Canna indica,Indian Shot,Cannaceae,Perennial,7-10,7.0,10.0,1.5,,,1.0,"Fruit, Root",,"Dye, Fiber, Pest control, textiles",1.0,0.0,0.0,0.0,0.0,1.0,0.0,1.0,1.0,1.0,root_crop,1.0,Layer or Edible parts indicates Root/Tuber,612,Canna indica,L.,Liliopsida:Zingiberidae:Zingiberales:Cannaceae,,"canna lily, fagamanu, gasau ni ga",herb,erect,perennial,"evergreen, single stem","roots/tubers, materials, ornamentals/turf, medicinals & aromatic, environmental",grown on small scale,12.0,32.0,14.0,24.0,1000.0,4500.0,500.0,5000.0,5.5,7.5,5.0,8.0,,,40.0,51.0,2000.0,clear skies,very bright,cloudy skies,very bright,deep (>>150 cm),medium (50-150 cm),"heavy, medium, organic","heavy, medium, organic",high,moderate,,,well (dry spells),well (dry spells),,,,"tropical wet & dry (Aw), tropical wet (Ar), subtropical humid (Cf), subtropical dry summer (Cs), temperate oceanic (Do)",,wind,,,0.0,0.0,original_rule,edible_flag,high,Indian Shot,1,,fruiting,0,,0,0
PP:1305,both,vangueria infausta,exact_scientific_name,high,1305.0,Plant,https://permapeople.org/plants/vangueria-infausta-african-medlar,Vangueria infausta,African medlar,Rubiaceae,,10-12,10.0,12.0,5.0,Slow,Shrubs,1.0,Fruit,,"Fire starter, Lumber",1.0,1.0,0.0,0.0,1.0,1.0,0.0,1.0,1.0,1.0,fruit,1.0,Edible parts contains 'Fruit' (non-tree layer),10733,Vangueria infausta,Burch.,Magnoliopsida:Asteridae:Rubiales:Rubiaceae,"Vangueria rotundata Robyns, Vangueria lasioclados K. Schum., Vangueria rupicola Robyns., Vangueria tomentosa Hochst., Vangueria campanulata <i>sensu</i> Dale & Greenway 1961.","false medlar, wild medlar, velvet wild-medlar, wildemispel, grootmispel, mispel, mviru, viru, Muiru, mviru muiru, umThulwa, umVili, umViyo, umNtulwa, umNtuli, iMandulu, mmilo, muzwilu, umVilo, monyunwana, mothwanyê, mpfilwa","shrub, tree",erect,perennial,"deciduous, single stem, multi stem","fruits & nuts, medicinals & aromatic, forest/wood",,17.0,28.0,12.0,36.0,800.0,1200.0,700.0,1500.0,5.5,7.0,5.0,7.5,,,30.0,35.0,2400.0,cloudy skies,very bright,light shade,very bright,medium (50-150 cm),shallow (20-50 cm),"medium, light","heavy, medium, light, wide, organic",moderate,low,low (<4 dS/m),low (<4 dS/m),well (dry spells),"well (dry spells), excessive (dry/moderately dry)",-5,0.0,,"tropical wet & dry (Aw), subtropical humid (Cf)",drought,,,,365.0,365.0,original_rule,edible_flag,high,African medlar,1,,fruit_tree,0,,0,0
PP:1307,both,jatropha curcas,exact_scientific_name,high,1307.0,Plant,https://permapeople.org/plants/jatropha-curcas-physic-nut,Jatropha curcas,Physic Nut,Euphorbiaceae,,9-12,9.0,12.0,6.0,Fast,Trees,1.0,"Leaves, Root, Seed, Shoots",Salt,"Dye, Fencing, Animal feed, Fire starter, Cover crop, Hair, Hedgerow, Ink, textiles, Lighting, Mulch, Plant support, Soap, Soil conditioner, Erosion control, Tannin, Teeth, Varnish, Wax, Nitrogen fixer",1.0,0.0,0.0,0.0,1.0,0.0,0.0,1.0,1.0,1.0,root_crop,1.0,Layer or Edible parts indicates Root/Tuber,1297,Jatropha curcas,L.,Magnoliopsida:Dilleniidae:Euphorbiales:Euphorbiaceae,,"physic nut, purging nut, tartago, pourghère, pignon d'Inde, yu lu tzu, habel meluk, bagbherenda, purgueira, mundubi assu (Br), fagiola d'India, purgiernuss, purgeernoot, laupata, fiki, purgeerboontjie, mbono, mafuredonga, inhlakuva, mathlapametse, cantal muluung, sabuu dam, jarak pagar, parvaranda, ba dau me, pe fo tze, ramjeevan","shrub, tree",erect,perennial,"single stem, multi stem","materials, medicinals & aromatic, environmental",grown on small scale,11.0,28.0,7.0,36.0,500.0,1500.0,300.0,2000.0,5.5,7.5,5.0,8.0,,,28.0,30.0,1600.0,very bright,very bright,clear skies,very bright,deep (>>150 cm),deep (>>150 cm),medium,"medium, light",moderate,low,low (<4 dS/m),low (<4 dS/m),well (dry spells),"well (dry spells), excessive (dry/moderately dry)",-1,0.0,not sensitive,"tropical wet (Ar), steppe or semiarid (Bs), subtropical dry summer (Cs)",,,,,365.0,365.0,original_rule,edible_flag,high,Physic Nut,1,,leafy_herb,0,,0,0
PP:1309,both,casuarina glauca,exact_scientific_name,high,1309.0,Plant,https://permapeople.org/plants/casuarina-glauca-swamp-oak,Casuarina glauca,Swamp Oak,Casuarinaceae,,8-11,8.0,11.0,18.0,,Tall trees,1.0,Leaves,,"Wind breaker, Lumber, Nitrogen fixer",1.0,0.0,0.0,0.0,1.0,1.0,0.0,1.0,1.0,0.0,vegetable,1.0,Edible parts contains Leaves/Stem/Flowers,4341,Casuarina glauca,Sieber ex Sprengel,Magnoliopsida:Hamamelidae:Casuarinales:Casuarinaceae,,,tree,erect,perennial,"evergreen, single stem, C3 photosynthesis","forage/pasture, materials, ornamentals/turf, forest/wood, environmental, weed",,20.0,30.0,5.0,34.0,700.0,1300.0,500.0,4000.0,4.5,7.0,4.0,8.0,25.0,,36.5,36.5,900.0,very bright,very bright,very bright,clear skies,medium (50-150 cm),shallow (20-50 cm),"heavy, medium","heavy, medium, light",high,moderate,low (<4 dS/m),high (>10 dS/m)),poorly (saturated >50% of year),"poorly (saturated >50% of year), well (dry spells)",-5,-1.0,"short day (<12 hours), neutral day (12-14 hours), long day (>14 hours)","steppe or semiarid (Bs), subtropical humid (Cf)","wind, drought, coastal salt spray",,can become a weed,,180.0,270.0,original_rule,edible_flag,high,Swamp Oak,1,,leafy_herb,0,,0,0
PP:1332,both,chamaedorea tepejilote,exact_scientific_name,high,1332.0,Plant,https://permapeople.org/plants/chamaedorea-tepejilote-pacaya-palm,Chamaedorea tepejilote,Pacaya Palm,Arecaceae,,10-12,10.0,12.0,7.0,Fast,Trees,1.0,"Flowers, Leaves",,,0.0,1.0,0.0,1.0,0.0,1.0,0.0,1.0,1.0,1.0,vegetable,1.0,Edible parts contains Leaves/Stem/Flowers,4466,Chamaedorea tepejilote,Liebm.,Liliopsida:Arecidae:Arecales:Palmae,,"pacaya palm, tepejilote palm, palmito dulce, pacaya, caña verde",tree,erect,perennial,"evergreen, single stem","vegetables, ornamentals/turf",,20.0,28.0,15.0,32.0,1000.0,2500.0,700.0,3000.0,6.5,7.5,6.0,8.0,5.0,,15.0,18.0,1600.0,cloudy skies,light shade,very bright,heavy shade,medium (50-150 cm),medium (50-150 cm),"medium, organic","heavy, medium, light, wide, organic",moderate,low,low (<4 dS/m),low (<4 dS/m),well (dry spells),well (dry spells),2,2.0,,"tropical wet & dry (Aw), tropical wet (Ar)",,,,,0.0,0.0,original_rule,edible_flag,high,Pacaya Palm,1,,leafy_herb,0,,0,0
PP:1335,both,cananga odorata,exact_scientific_name,high,1335.0,Plant,https://permapeople.org/plants/cananga-odorata-ylang-ylang,Cananga odorata,Ylang Ylang,Annonaceae,,10-12,10.0,12.0,20.0,Fast,Tall trees,1.0,Flowers,Oil,"Containers, Essential Oil, Fire starter, Hair, Houseplant, oil, Soap making, Weaving material, Lumber, Fragrance",1.0,1.0,0.0,0.0,0.0,1.0,0.0,1.0,1.0,1.0,vegetable,1.0,Edible parts contains Leaves/Stem/Flowers,603,Cananga odorata,(Lam.) Hook. f. & Thoms.,Magnoliopsida:Magnoliidae:Magnoliales:Annonaceae,Canangium odoratum Baill.,"ylang ylang, moso'oi, makosoi, mokosoi, mokohoi, cadmia, ilang-ilang, cananga",tree,erect,perennial,single stem,"materials, medicinals & aromatic",grown on large scale,20.0,30.0,16.0,34.0,1500.0,2000.0,700.0,2800.0,5.0,6.5,4.5,8.0,12.0,10.0,20.0,25.0,500.0,very bright,clear skies,very bright,cloudy skies,shallow (20-50 cm),shallow (20-50 cm),"heavy, medium, light","heavy, medium, light",moderate,low,low (<4 dS/m),low (<4 dS/m),well (dry spells),well (dry spells),5,5.0,short day (<12 hours),"tropical wet & dry (Aw), tropical wet (Ar)",,,,,180.0,365.0,original_rule,edible_flag,high,Ylang Ylang,1,,leafy_herb,0,,0,0
PP:1336,both,canna edulis,exact_scientific_name,high,1336.0,Plant,https://permapeople.org/plants/canna-edulis-achira,Canna edulis,Achira,Cannaceae,Perennial,7-10,7.0,10.0,3.0,,,1.0,"Leaves, Root, Seed, Shoots",,"Animal feed, Mulch, Starch",1.0,0.0,0.0,0.0,0.0,1.0,0.0,1.0,1.0,1.0,root_crop,1.0,Layer or Edible parts indicates Root/Tuber,2228,Canna edulis,Ker-Gawl.,Liliopsida:Zingiberidae:Zingiberales:Cannaceae,Canna achiras Gillies,"achira, edible canna, purple arrowroot, Queensland arrowroot, Australian arrow root, tous-les-mois, toloman, conflor, bahasa, achera, capacho, sugù, chisqua, adura, luano, gruya, tolumán, tikas, punyapong, kaska, piriquitoya, maraca, imocona, platanillo, cafiacoros, ganyong, lembong njeedra, seneetra, merù, birù manso, bery, imbiry, araruta bastarda, bandua de Uribe, adalut, kenyong, ubi gereda, zembu, sakhu chin, dong rieng",herb,erect,perennial,multi stem,"roots/tubers, forage/pasture, materials, environmental",grown on small scale,20.0,30.0,9.0,32.0,1200.0,1700.0,250.0,4000.0,5.5,6.5,4.5,8.0,,,,,2900.0,very bright,cloudy skies,very bright,light shade,medium (50-150 cm),shallow (20-50 cm),medium,"heavy, medium, light",high,moderate,low (<4 dS/m),low (<4 dS/m),well (dry spells),"poorly (saturated >50% of year), well (dry spells)",-2,0.0,"short day (<12 hours), neutral day (12-14 hours), long day (>14 hours)","tropical wet & dry (Aw), tropical wet (Ar), desert or arid (Bw), steppe or semiarid (Bs)",,,can become a weed,,180.0,300.0,original_rule,edible_flag,high,Achira,1,,root,0,,0,0
PP:1337,both,canavalia gladiata,exact_scientific_name,high,1337.0,Plant,https://permapeople.org/plants/canavalia-gladiata-sword-bean,Canavalia gladiata,Sword Bean,Fabaceae,"Annual, Perennial",10-12,10.0,12.0,10.0,Fast,,1.0,"Seed, Seedpod",,"Cover crop, Soap making, Ground cover, Nitrogen fixer",1.0,1.0,0.0,0.0,0.0,1.0,0.0,1.0,1.0,1.0,legume,1.0,Family == Fabaceae and Edible parts contains Seed/Pod,2227,Canavalia gladiata,,Magnoliopsida:Rosidae:Fabales:Leguminosae,,Sword bean,"herb, vine, sub-shrub",climber/scrambler/scadent,perennial,multi stem,"pulses (grain legumes), forage/pasture, vegetables, cover crop, environmental",grown on large scale,15.0,30.0,12.0,36.0,800.0,1800.0,600.0,2600.0,5.0,6.0,4.3,7.5,20.0,,30.0,30.0,1500.0,very bright,clear skies,very bright,light shade,deep (>>150 cm),medium (50-150 cm),"heavy, medium, light, organic","heavy, medium, light",moderate,low,low (<4 dS/m),medium (4-10 dS/m),well (dry spells),"poorly (saturated >50% of year), well (dry spells), excessive (dry/moderately dry)",-1,-1.0,short day (<12 hours),"tropical wet & dry (Aw), tropical wet (Ar)",,,,,90.0,300.0,original_rule,edible_flag,high,Sword Bean,1,,legume,0,,0,0
PP:1338,both,carthamus tinctorius,exact_scientific_name,high,1338.0,Plant,https://permapeople.org/plants/carthamus-tinctorius-safflower-koosumbha-hoang-tchi,Carthamus tinctorius,Safflower | Koosumbha | Hoang-tchi,Asteraceae or compositae,Annual,,,,1.0,,,1.0,Shoots,,,1.0,0.0,0.0,0.0,1.0,1.0,0.0,1.0,1.0,0.0,other_productive,1.0,"Edible == true, no more specific rule matched",2514,Carthamus tinctorius,L.,Magnoliopsida:Asteridae:Asterales:Compositae,,"safflower, cartamo, alazor, carthame, honghua, osfor, podsolnuh, kusum, kusumba, kusumbha, suff, aspir, golbar aftab, muswar, benibana, cartama, Saflor, Carthami flos, Carthami semen, Oleum carthami, false saffron, bastard saffron, American saffron, dyer's thistle, dyer's saffron, saffron thistle, hong hua",herb,erect,annual,"multi stem, C3 photosynthesis","materials, medicinals & aromatic","grown on large scale, grown on small scale",20.0,32.0,5.0,45.0,600.0,1000.0,300.0,1400.0,6.5,7.5,5.0,8.0,,,20.0,40.0,1800.0,very bright,very bright,very bright,clear skies,medium (50-150 cm),shallow (20-50 cm),"medium, light","heavy, medium, light",moderate,low,low (<4 dS/m),medium (4-10 dS/m),well (dry spells),"well (dry spells), excessive (dry/moderately dry)",-14,-2.0,"short day (<12 hours), neutral day (12-14 hours), long day (>14 hours)","tropical wet & dry (Aw), steppe or semiarid (Bs), subtropical dry summer (Cs), subtropical dry winter (Cw), temperate continental (Dc)",,,,large scale/commercial,120.0,245.0,original_rule,edible_flag,high,Safflower | Koosumbha | Hoang-tchi,1,,other,0,,0,0
PP:1348,both,raphia hookeri,exact_scientific_name,high,1348.0,Plant,https://permapeople.org/plants/raphia-hookeri-ivory-coast-raffia-palm,Raphia hookeri,Ivory Coast Raffia Palm,Arecaceae,,10-12,10.0,12.0,10.0,Fast,Trees,1.0,"Apical bud, Flowers, Fruit, Sap, Stem","Oil, Drink, Sweetener","Weaving material, Crafting, Fire starter, Fencing, Fiber, Lumber, oil, textiles, Plant support, Roofing",1.0,0.0,0.0,0.0,0.0,1.0,1.0,1.0,1.0,1.0,fruit_tree,1.0,Layer contains 'Tree' and Edible parts contains 'Fruit',9175,Raphia hookeri,Mann. & Wendl,Liliopsida:Arecidae:Arecales:Palmae,,,tree,erect,perennial,evergreen,"materials, forest/wood",,24.0,30.0,14.0,36.0,3000.0,4000.0,2000.0,5000.0,5.0,6.0,4.5,6.5,,,8.0,8.0,200.0,very bright,clear skies,very bright,cloudy skies,medium (50-150 cm),shallow (20-50 cm),"heavy, medium, light","heavy, medium, light",moderate,moderate,low (<4 dS/m),low (<4 dS/m),poorly (saturated >50% of year),poorly (saturated >50% of year),,,short day (<12 hours),tropical wet (Ar),flooding,,,,365.0,365.0,original_rule,edible_flag,high,Ivory Coast Raffia Palm,1,,fruit_tree,0,,0,0
PP:1360,both,rheum rhaponticum,exact_scientific_name,high,1360.0,Plant,https://permapeople.org/plants/rheum-rhaponticum-rhubarb,Rheum rhaponticum,Rhubarb,Polygonaceae,Perennial,3-7,3.0,7.0,1.2,,,1.0,"Flowers, Stem",,"Dynamic accumulator, Ground cover",1.0,1.0,0.0,0.0,0.0,1.0,0.0,0.0,1.0,1.0,vegetable,1.0,Edible parts contains Leaves/Stem/Flowers,2454,Rheum rhaponticum,,Magnoliopsida:Caryophyllidae:Polygonales:Polygonaceae,,"rhubarb, Rabarber",herb,erect,perennial,single stem,"vegetables, medicinals & aromatic",grown on small scale,15.0,24.0,5.0,30.0,800.0,1300.0,400.0,2000.0,6.0,7.0,5.3,7.8,40.0,,60.0,65.0,2000.0,clear skies,clear skies,very bright,cloudy skies,medium (50-150 cm),medium (50-150 cm),"medium, organic","heavy, medium, light",high,moderate,low (<4 dS/m),low (<4 dS/m),well (dry spells),well (dry spells),-15,-1.0,"short day (<12 hours), neutral day (12-14 hours), long day (>14 hours)","tropical wet & dry (Aw), tropical wet (Ar), steppe or semiarid (Bs), subtropical humid (Cf), subtropical dry summer (Cs), subtropical dry winter (Cw), temperate oceanic (Do), temperate continental (Dc), temperate with humid winters (Df), temperate with dry winters (Dw)",,,,"home garden, small scale (manual)",60.0,330.0,original_rule,edible_flag,high,Rhubarb,1,,leafy_herb,0,,1,0
PP:1377,both,cannabis sativa,species_binomial_inheritance,medium,1377.0,Plant,https://permapeople.org/plants/cannabis-sativa-hemp,Cannabis sativa,Hemp,Cannabidaceae,Annual,8-11,8.0,11.0,2.5,,,1.0,"Leaves, Seed",Oil,"Fiber, Animal feed, oil, textiles",1.0,0.0,0.0,0.0,0.0,1.0,0.0,1.0,1.0,1.0,vegetable,1.0,Edible parts contains Leaves/Stem/Flowers,4127,Cannabis sativa ssp. indica,(Lam.) E. Small & Cronq.,Magnoliopsida:Dilleniidae:Urticales:Cannabaceae,Cannabis sativa L.,"hemp, chanvre, hanf, hennep, canamo, canapa, hampa, kannab, kender, kenop, konoplya, asa",herb,erect,annual,single stem,materials,grown on large scale,15.0,28.0,6.0,32.0,600.0,1200.0,350.0,4000.0,6.0,7.0,4.5,8.2,35.0,30.0,50.0,55.0,,very bright,clear skies,very bright,cloudy skies,medium (50-150 cm),shallow (20-50 cm),"medium, organic","heavy, medium, light",high,moderate,low (<4 dS/m),low (<4 dS/m),well (dry spells),"poorly (saturated >50% of year), well (dry spells)",,,"short day (<12 hours), neutral day (12-14 hours), long day (>14 hours)","tropical wet & dry (Aw), tropical wet (Ar), steppe or semiarid (Bs), subtropical humid (Cf), subtropical dry summer (Cs), subtropical dry winter (Cw), temperate oceanic (Do), temperate continental (Dc), temperate with humid winters (Df), temperate with dry winters (Dw)",,,,,90.0,170.0,original_rule,edible_flag,high,Hemp,1,,leafy_herb,0,,0,0
PP:1379,both,capsicum frutescens,exact_scientific_name,high,1379.0,Plant,https://permapeople.org/plants/capsicum-frutescens-tabasco-pepper,Capsicum frutescens,Tabasco Pepper,Solanaceae,Perennial,8-11,8.0,11.0,,,,1.0,"Fruit, Leaves",Condiment,,1.0,0.0,0.0,0.0,0.0,1.0,0.0,1.0,1.0,1.0,fruit,1.0,Edible parts contains 'Fruit' (non-tree layer),621,Capsicum frutescens,L.,Magnoliopsida:Asteridae:Solanales:Solanaceae,,"cayenne pepper, perennial pepper, pimenton, poivre rouge, cayennepfeffer, kajennepeppar, cayennepepper, pepe di caienna, kayenski pyerets, la-chiao, filfil ahmar, chilli, hot pepper, tabasco pepper, polo, boro ni vavalagi, rokete, brandrissie, mircha, te beneka, polo fifisi, Sili",sub-shrub,erect,perennial,multi stem,fruits & nuts,grown on small scale,18.0,30.0,7.0,40.0,600.0,1500.0,400.0,2000.0,5.5,6.8,4.3,8.3,,,40.0,40.0,2000.0,very bright,very bright,very bright,cloudy skies,shallow (20-50 cm),shallow (20-50 cm),"medium, organic","heavy, medium, light",high,moderate,low (<4 dS/m),,well (dry spells),well (dry spells),,,"short day (<12 hours), neutral day (12-14 hours)","tropical wet & dry (Aw), tropical wet (Ar), steppe or semiarid (Bs), subtropical humid (Cf), subtropical dry summer (Cs), subtropical dry winter (Cw)",,,,,120.0,180.0,original_rule,edible_flag,high,Tabasco Pepper,1,,fruit_tree,0,,0,0
PP:1383,both,capsicum baccatum,species_binomial_inheritance,medium,1383.0,Plant,https://permapeople.org/plants/capsicum-baccatum-locoto,Capsicum baccatum,Locoto,Solanaceae,Perennial,8-11,8.0,11.0,2.0,,,1.0,Fruit,Condiment,,1.0,0.0,0.0,0.0,0.0,1.0,0.0,1.0,1.0,1.0,fruit,1.0,Edible parts contains 'Fruit' (non-tree layer),4177,Capsicum baccatum var. pendulum,(Willd.) Eshb.,Magnoliopsida:Asteridae:Solanales:Solanaceae,,,herb,erect,annual,multi stem,fruits & nuts,,20.0,26.0,15.0,32.0,600.0,1250.0,500.0,1500.0,6.0,6.5,5.3,7.8,10.0,,25.0,40.0,1600.0,very bright,very bright,very bright,clear skies,medium (50-150 cm),shallow (20-50 cm),"heavy, medium","heavy, medium, light",high,moderate,low (<4 dS/m),low (<4 dS/m),well (dry spells),well (dry spells),,,"short day (<12 hours), neutral day (12-14 hours), long day (>14 hours)","tropical wet & dry (Aw), tropical wet (Ar), subtropical humid (Cf), subtropical dry summer (Cs), subtropical dry winter (Cw)",,,,,120.0,150.0,original_rule,edible_flag,high,Locoto,1,,fruiting,0,,0,0
PP:1385,both,senna siamea,ecocrop_synonym_binomial,medium,1385.0,Plant,https://permapeople.org/plants/senna-siamea-siamese-senna,Senna siamea,Siamese Senna,Fabaceae,,9-12,9.0,12.0,12.0,Fast,Trees,1.0,"Flowers, Fruit, Leaves",,"Biomass, Fire starter, Fencing, Animal feed, Lumber, Hedgerow, Mulch, Pest control, Wind breaker, Soil conditioner, Soil reclamation, Erosion control, Tannin, Nitrogen fixer",1.0,1.0,0.0,0.0,0.0,1.0,0.0,1.0,1.0,1.0,fruit_tree,1.0,Layer contains 'Tree' and Edible parts contains 'Fruit',4299,Cassia siamea,Lam.,Magnoliopsida:Rosidae:Fabales:Leguminosae,"Senna siamea (Lamk.) Irwin et Barneby, Cassia florida Vahl, Senna sumatrana Roxb., Cassia sumatrana Roxb. ex Hornem., Chametistula gigantea (DC.) G. Don","kassod tree, Thai copper pod, Bombay black wood, Siamese senna, iron wood, yellow cassia, Thailand shower, casse de Siam, bujuk, dulang, johar, robles, angkanh, khiz hlek, guah hitam, johor, sebusok, yaha, later, khilek, khilek ban, khilek kaen, khilek luang, khilek yai, mae khi leh, pha doh, caay muoofng den, humbo, muoofng xieem, Cassod Baum",tree,erect,perennial,"evergreen, single stem","materials, ornamentals/turf, forest/wood, environmental",grown on small scale,23.0,33.0,13.0,48.0,650.0,1500.0,400.0,2800.0,5.5,6.5,5.0,7.5,,,10.0,10.0,1400.0,very bright,very bright,very bright,clear skies,deep (>>150 cm),medium (50-150 cm),"medium, light","medium, light",high,moderate,low (<4 dS/m),low (<4 dS/m),well (dry spells),well (dry spells),5,5.0,short day (<12 hours),"tropical wet & dry (Aw), steppe or semiarid (Bs)","wind, drought, coastal salt spray",,,,180.0,240.0,original_rule,edible_flag,high,Siamese Senna,1,,fruit_tree,0,,0,0
PP:1400,both,cornus canadensis,exact_scientific_name,high,1400.0,Plant,https://permapeople.org/plants/cornus-canadensis-creeping-dogwood,Cornus canadensis,Creeping Dogwood,Cornaceae,Perennial,2-7,2.0,7.0,0.3,Fast,,1.0,Fruit,Pectin,"Pectin, Ground cover",1.0,1.0,0.0,0.0,0.0,1.0,0.0,1.0,1.0,1.0,fruit,1.0,Edible parts contains 'Fruit' (non-tree layer),4873,Cornus canadensis,L.,Magnoliopsida:Rosidae:Cornales:Cornaceae,,"Canadian dwarf cornel, pudding-berry, bunchberry, bunchberry dogwood, dwarf dogwood, Canadian bunchberry, dogwood bunchberry, creeping dogwood, corniso anao do Canada'","herb, sub-shrub",prostrate/procumbent/semi-erect,perennial,"deciduous, multi stem","fruits & nuts, ornamentals/turf",,10.0,18.0,6.0,24.0,800.0,1250.0,500.0,1500.0,5.5,7.5,3.9,7.7,40.0,32.0,62.0,65.0,3300.0,light shade,cloudy skies,heavy shade,clear skies,shallow (20-50 cm),shallow (20-50 cm),medium,"medium, organic",moderate,moderate,,,"poorly (saturated >50% of year), well (dry spells)","poorly (saturated >50% of year), well (dry spells)",-28,0.0,,"temperate oceanic (Do), temperate continental (Dc), boreal (E)",,,,,0.0,0.0,original_rule,edible_flag,high,Creeping Dogwood,1,,fruit_tree,0,,0,0
PP:1403,both,chamaerops humilis,exact_scientific_name,high,1403.0,Plant,https://permapeople.org/plants/chamaerops-humilis-dwarf-fan-palm,Chamaerops humilis,Dwarf Fan Palm,Arecaceae or palmae,,8-11,8.0,11.0,1.5,Slow,Trees,1.0,"Fruit, Leaves, Shoots",,"Fiber, Hedgerow",1.0,1.0,0.0,0.0,1.0,1.0,0.0,1.0,1.0,0.0,fruit_tree,1.0,Layer contains 'Tree' and Edible parts contains 'Fruit',4469,Chamaerops humilis,L.,Liliopsida:Arecidae:Arecales:Palmae,,,tree,erect,perennial,"evergreen, single stem","materials, ornamentals/turf, environmental",,18.0,30.0,8.0,36.0,500.0,700.0,450.0,750.0,6.5,7.5,6.0,8.0,35.0,35.0,40.0,40.0,400.0,very bright,clear skies,very bright,cloudy skies,medium (50-150 cm),shallow (20-50 cm),heavy,"heavy, medium, light",moderate,low,low (<4 dS/m),low (<4 dS/m),well (dry spells),"well (dry spells), excessive (dry/moderately dry)",,,"short day (<12 hours), neutral day (12-14 hours), long day (>14 hours)",subtropical dry summer (Cs),,,,,160.0,300.0,original_rule,edible_flag,high,Dwarf Fan Palm,1,,fruit_tree,0,,0,0
PP:1418,both,carica papaya,exact_scientific_name,high,1418.0,Plant,https://permapeople.org/plants/carica-papaya-papaya,Carica papaya,Papaya,Caricaceae,,9-12,9.0,12.0,8.0,Fast,Trees,1.0,"Flowers, Fruit, Leaves, Seed","Condiment, Drink","Fiber, Pest control, Mulch, Soap",1.0,0.0,0.0,0.0,0.0,1.0,0.0,1.0,1.0,1.0,fruit_tree,1.0,Layer contains 'Tree' and Edible parts contains 'Fruit',630,Carica papaya,L.,Magnoliopsida:Dilleniidae:Violales:Caricaceae,Papaya carica Gaertn.,"papaya, pawpaw, melon tree, papayier, arbre de melon, gedang, kates, betek, ketalah, kapaya, lapaya, thimbaw, lhong, doeum lahong, houng, malakor, loko, ma kuai thet, du du, esi, weleti, lesi, te papaya (Kiribati), loku(Niue), minita (Cook I), maniako (Simbo), Olesi (Tuvalu), takafo, papita, lechosa (Ven.)",herb,erect,perennial,"evergreen, single stem","fruits & nuts, medicinals & aromatic","grown on large scale, grown on small scale",21.0,30.0,12.0,44.0,1500.0,2500.0,1000.0,3000.0,5.5,7.0,4.5,8.0,,,30.0,32.0,2100.0,very bright,clear skies,very bright,cloudy skies,deep (>>150 cm),medium (50-150 cm),"medium, organic","heavy, medium, light",high,moderate,low (<4 dS/m),low (<4 dS/m),well (dry spells),"well (dry spells), excessive (dry/moderately dry)",-1,-1.0,"short day (<12 hours), neutral day (12-14 hours), long day (>14 hours)","tropical wet & dry (Aw), tropical wet (Ar)",,,,"small scale (manual), large scale/commercial",330.0,365.0,original_rule,edible_flag,high,Papaya,1,,fruit_tree,1,بابايا,0,0
PP:1420,both,casimiroa edulis,exact_scientific_name,high,1420.0,Plant,https://permapeople.org/plants/casimiroa-edulis-white-sapote,Casimiroa edulis,White Sapote,Rutaceae,,8-11,8.0,11.0,16.0,Medium,Tall trees,1.0,"Fruit, Seed",,"Lumber, Pest control",1.0,0.0,0.0,0.0,0.0,1.0,0.0,1.0,1.0,1.0,fruit_tree,1.0,Layer contains 'Tree' and Edible parts contains 'Fruit',633,Casimiroa edulis,Llave & Lex.,Magnoliopsida:Rosidae:Sapindales:Rutaceae,"Zanthoxylum bombacifolium, Zanthoxylum araliaceum, Fagara bombacifolia","casimiroa, Mexican apple, white sapote, sapote blanc, zapote blanco, chapote, matasano, cacchique, ceaxmisttea, cochitzapoti",tree,erect,perennial,"evergreen, single stem","fruits & nuts, ornamentals/turf, medicinals & aromatic",grown on small scale,18.0,26.0,14.0,31.0,1500.0,3000.0,500.0,4000.0,7.0,7.5,6.5,8.0,10.0,10.0,20.0,30.0,3000.0,very bright,clear skies,very bright,cloudy skies,medium (50-150 cm),shallow (20-50 cm),"medium, light","heavy, medium, light",moderate,low,low (<4 dS/m),low (<4 dS/m),well (dry spells),"poorly (saturated >50% of year), well (dry spells)",-2,-2.0,short day (<12 hours),"tropical wet & dry (Aw), steppe or semiarid (Bs), subtropical dry summer (Cs)",,,,home garden,210.0,330.0,original_rule,edible_flag,high,White Sapote,1,,fruit_tree,0,,1,0
PP:1428,both,caryota urens,exact_scientific_name,high,1428.0,Plant,https://permapeople.org/plants/caryota-urens-jaggary-palm,Caryota urens,Jaggary Palm,Arecaceae,,9-12,9.0,12.0,12.0,Medium,Trees,1.0,"Flowers, Leaves, Sap, Stem","Drink, Sweetener","Weaving material, Crafting, Fencing, Fiber, Hair, Houseplant, Poles, Scourer, textiles, Waterproofing, Lumber",1.0,1.0,0.0,1.0,0.0,1.0,0.0,1.0,1.0,1.0,vegetable,1.0,Edible parts contains Leaves/Stem/Flowers,4278,Caryota urens,L.,Liliopsida:Arecidae:Arecales:Palmae,,,tree,erect,perennial,"evergreen, single stem","fruits & nuts, materials, forest/wood",,24.0,32.0,18.0,38.0,1400.0,2400.0,700.0,4200.0,6.0,7.5,5.5,8.0,,,20.0,20.0,1200.0,very bright,light shade,very bright,light shade,deep (>>150 cm),medium (50-150 cm),medium,"heavy, medium, light",high,moderate,low (<4 dS/m),low (<4 dS/m),well (dry spells),well (dry spells),5,0.0,short day (<12 hours),"tropical wet & dry (Aw), tropical wet (Ar)",,,,,150.0,365.0,original_rule,edible_flag,high,Jaggary Palm,1,,leafy_herb,0,,0,0
PP:1433,both,caryodendron orinocense,exact_scientific_name,high,1433.0,Plant,https://permapeople.org/plants/caryodendron-orinocense-taccy-nut,Caryodendron orinocense,Taccy Nut,Euphorbiaceae,,10-12,10.0,12.0,25.0,Fast,Tall trees,1.0,Seed,Oil,oil,1.0,0.0,0.0,0.0,0.0,1.0,0.0,1.0,1.0,1.0,nut,1.0,Common name contains 'nut' or Edible uses contains 'Nut',4273,Caryodendron orinocense,Karsten,Magnoliopsida:Dilleniidae:Euphorbiales:Euphorbiaceae,,"barinas nut, inchi",tree,erect,perennial,"evergreen, single stem","fruits & nuts, materials, medicinals & aromatic, forest/wood, environmental","grown on small scale, harvested from wild",20.0,29.0,12.0,35.0,1200.0,3000.0,800.0,5000.0,5.0,6.0,4.5,6.5,,,15.0,15.0,2300.0,very bright,clear skies,very bright,light shade,deep (>>150 cm),medium (50-150 cm),"heavy, medium, light","heavy, medium, light",moderate,moderate,low (<4 dS/m),low (<4 dS/m),well (dry spells),"poorly (saturated >50% of year), well (dry spells)",,,short day (<12 hours),"tropical wet & dry (Aw), tropical wet (Ar)",,,,,180.0,365.0,original_rule,edible_flag,high,Taccy Nut,1,,fruit_tree,0,,0,0
PP:1434,both,caryocar nuciferum,exact_scientific_name,high,1434.0,Plant,https://permapeople.org/plants/caryocar-nuciferum-souari-nut-butter-nut,Caryocar nuciferum,Souari Nut Butter Nut,Caryocaraceae,,10-12,10.0,12.0,45.0,Medium,Tall trees,1.0,"Fruit, Seed",Oil,"oil, Lumber",1.0,0.0,0.0,0.0,0.0,1.0,0.0,1.0,1.0,1.0,fruit_tree,1.0,Layer contains 'Tree' and Edible parts contains 'Fruit',4271,Caryocar nuciferum,L.,Magnoliopsida:Dilleniidae:Theales:Caryocaraceae,,,tree,erect,perennial,single stem,"fruits & nuts, materials, forest/wood",,21.0,28.0,10.0,35.0,1600.0,2000.0,1200.0,2400.0,6.0,6.5,5.5,7.0,,,20.0,20.0,1000.0,very bright,clear skies,very bright,cloudy skies,deep (>>150 cm),deep (>>150 cm),"medium, light","medium, light",high,moderate,low (<4 dS/m),low (<4 dS/m),well (dry spells),well (dry spells),,,"short day (<12 hours), neutral day (12-14 hours), long day (>14 hours)",tropical wet (Ar),,wind,,,330.0,365.0,original_rule,edible_flag,high,Souari Nut Butter Nut,1,,fruit_tree,0,,0,0
PP:1436,both,senna alata,ecocrop_synonym_binomial,medium,1436.0,Plant,https://permapeople.org/plants/senna-alata-ringworm-bush,Senna alata,Ringworm Bush,Fabaceae,,10-12,10.0,12.0,4.0,Fast,Shrubs,1.0,"Leaves, Seedpod",Coffee,"Pest control, Tannin",1.0,0.0,0.0,0.0,0.0,1.0,0.0,1.0,1.0,1.0,vegetable,1.0,Edible parts contains Leaves/Stem/Flowers,634,Cassia alata,L.,Magnoliopsida:Rosidae:Fabales:Leguminosae,Senna alata (L.) Roxb.,"candle bush, candalabra bush, candle stick, craw craw plant, christmas candle shrub, empress candle plant, ringworm bush, ringworm shrub, roman candletree, senna, winged senna, Cassia Alatae Folium, andadasi, andadasi-ng-bugbugtong, andadasl-a-dadakkel, bai nicagi, cây lâc, muòng trâu, chumhet thet, chumhet yai, dadmurdan, gelenggang, gamot sa buni, pakagonkon, katanda, katandang aso, kapurko, acapulko, akapulko, bayabas-bayabasab, ketepeng cina, la'au fai lafa, mulamula, pakayomkon kastila, ta si pho, te'elango","herb, shrub",erect,perennial,"evergreen, deciduous, multi stem","materials, medicinals & aromatic",,23.0,29.0,12.0,33.0,1500.0,2500.0,640.0,4290.0,5.5,6.5,4.3,8.0,10.0,10.0,20.0,30.0,1000.0,very bright,clear skies,very bright,cloudy skies,medium (50-150 cm),shallow (20-50 cm),"heavy, medium, light","heavy, medium, light",high,moderate,low (<4 dS/m),low (<4 dS/m),"poorly (saturated >50% of year), well (dry spells)","poorly (saturated >50% of year), well (dry spells)",,,short day (<12 hours),"tropical wet & dry (Aw), tropical wet (Ar), subtropical humid (Cf), subtropical dry summer (Cs), subtropical dry winter (Cw)",,,,,210.0,365.0,original_rule,edible_flag,high,Ringworm Bush,1,,leafy_herb,0,,0,0
PP:1443,both,ceratonia siliqua,exact_scientific_name,high,1443.0,Plant,https://permapeople.org/plants/ceratonia-siliqua-carob,Ceratonia siliqua,Carob,Fabaceae or leguminosae,,9-11,9.0,11.0,15.0,Medium,Tall trees,1.0,"Seed, Seedpod","Chocolate, Coffee, Egg, Gum","Cosmetic, Animal feed, Gum, Tannin, Lumber, Nitrogen fixer",1.0,0.0,0.0,0.0,1.0,1.0,0.0,1.0,1.0,0.0,legume,1.0,Family == Fabaceae and Edible parts contains Seed/Pod,4426,Ceratonia siliqua,L.,Magnoliopsida:Rosidae:Fabales:Leguminosae,,"carob tree, carob bean tree, carrubo, Johannisbrotbaum, Johannesbrotwachs, carrubio, algarrobo, alfarrobeira, Johannesbroodboom","shrub, tree",erect,perennial,"evergreen, single stem, multi stem","materials, medicinals & aromatic, forest/wood",grown on large scale,20.0,32.0,10.0,39.0,400.0,1000.0,200.0,2000.0,6.0,7.5,5.0,9.0,27.0,25.0,42.0,45.0,1000.0,very bright,clear skies,very bright,cloudy skies,shallow (20-50 cm),shallow (20-50 cm),"medium, light","medium, light",moderate,low,low (<4 dS/m),medium (4-10 dS/m),well (dry spells),"well (dry spells), excessive (dry/moderately dry)",-4,0.0,short day (<12 hours),"steppe or semiarid (Bs), subtropical dry summer (Cs), temperate oceanic (Do)","fire, wind, drought, coastal salt spray",humidity,,,210.0,365.0,original_rule,edible_flag,high,Carob,1,,legume,0,,0,0
PP:1453,both,sechium edule,exact_scientific_name,high,1453.0,Plant,https://permapeople.org/plants/sechium-edule-chayote,Sechium edule,Chayote,Cucurbitaceae,Perennial,9-12,9.0,12.0,12.0,Fast,Vines,1.0,"Flowers, Fruit, Leaves, Root, Seed, Shoots",,"Weaving material, Fiber",1.0,1.0,0.0,0.0,0.0,1.0,0.0,1.0,1.0,1.0,root_crop,1.0,Layer or Edible parts indicates Root/Tuber,1930,Sechium edule,,Magnoliopsida:Dilleniidae:Violales:Cucurbitaceae,,"chayote, Madeira marrow, vegetable pear, zucchetta spinosa, cidrayota, gayota, chistophine, mirliton, chocho, chuchu, xuxu, machiche, machuchu (Brazil), papa del arie (Argentina), huisquil (Mexico), choko, Sioko",vine,climber/scrambler/scadent,"annual, perennial",,"vegetables, medicinals & aromatic",grown on small scale,19.0,30.0,12.0,40.0,800.0,2000.0,600.0,2600.0,5.5,7.0,4.3,8.0,15.0,,25.0,30.0,2000.0,very bright,light shade,very bright,light shade,shallow (20-50 cm),shallow (20-50 cm),"medium, organic","heavy, medium, light",high,moderate,low (<4 dS/m),medium (4-10 dS/m),well (dry spells),well (dry spells),,,"short day (<12 hours), neutral day (12-14 hours)","tropical wet & dry (Aw), tropical wet (Ar), steppe or semiarid (Bs), subtropical humid (Cf), subtropical dry summer (Cs), subtropical dry winter (Cw), temperate oceanic (Do), temperate continental (Dc), temperate with humid winters (Df), temperate with dry winters (Dw)",,,,home garden,100.0,180.0,original_rule,edible_flag,high,Chayote,1,,fruiting,0,,1,0
PP:1454,both,hyphaene thebaica,exact_scientific_name,high,1454.0,Plant,https://permapeople.org/plants/hyphaene-thebaica-doum-palm-gingerbread-palm,Hyphaene thebaica,Doum Palm Gingerbread palm,Arecaceae,,10-12,10.0,12.0,10.0,Slow,Shrubs,1.0,"Apical bud, Fruit, Seed",,,1.0,0.0,0.0,0.0,1.0,1.0,0.0,1.0,1.0,1.0,fruit,1.0,Edible parts contains 'Fruit' (non-tree layer),6837,Hyphaene thebaica,(L.) C. Martius,Liliopsida:Arecidae:Arecales:Palmae,,"dom (Sudan), dom palm",tree,erect,perennial,"evergreen, deciduous, single stem, multi stem","forage/pasture, fruits & nuts, vegetables, materials, medicinals & aromatic, forest/wood, environmental",,26.0,36.0,10.0,45.0,300.0,600.0,100.0,1000.0,6.5,7.5,6.0,8.5,10.0,10.0,36.0,36.0,1400.0,very bright,very bright,very bright,very bright,deep (>>150 cm),medium (50-150 cm),"medium, light","medium, light",high,low,low (<4 dS/m),medium (4-10 dS/m),"well (dry spells), excessive (dry/moderately dry)","well (dry spells), excessive (dry/moderately dry)",-5,-1.0,short day (<12 hours),"tropical wet & dry (Aw), desert or arid (Bw), steppe or semiarid (Bs)",fire,,,,240.0,365.0,original_rule,edible_flag,high,Doum Palm Gingerbread palm,1,,fruit_tree,0,,0,0
PP:1460,both,silybum marianum,exact_scientific_name,high,1460.0,Plant,https://permapeople.org/plants/silybum-marianum-milk-thistle,Silybum marianum,Milk Thistle,Asteraceae or compositae,Biennial,6-9,6.0,9.0,1.2,Fast,,1.0,"Flowers, Leaves, Root, Stem","Oil, Coffee","Cover crop, oil",1.0,0.0,0.0,0.0,1.0,1.0,0.0,1.0,1.0,1.0,root_crop,1.0,Layer or Edible parts indicates Root/Tuber,9784,Silybum marianum,(L.) Gaerthner,Magnoliopsida:Asteridae:Asterales:Compositae,,"Lady's thistle, St. Mary's thistle, holy thistle, milk thistle, blessed milk-thistle, kenguel seed, variegated thistle, cardo Mariano, Cardui mariani fructus, Cardui mariani folium",herb,"erect, acaulescent (or rosette plants)",annual,,medicinals & aromatic,grown on large scale,22.0,35.0,18.0,40.0,400.0,600.0,300.0,700.0,6.0,7.0,5.5,8.0,,,,,,very bright,very bright,clear skies,very bright,,,"medium, light",wide,high,moderate,,,well (dry spells),"well (dry spells), excessive (dry/moderately dry)",,,,"subtropical dry summer (Cs), temperate oceanic (Do), temperate continental (Dc)",,,,large scale/commercial,110.0,140.0,original_rule,edible_flag,high,Milk Thistle,1,,leafy_herb,0,,0,1
PP:1461,both,canarium ovatum,exact_scientific_name,high,1461.0,Plant,https://permapeople.org/plants/canarium-ovatum-pili-nut,Canarium ovatum,Pili Nut,Burseraceae,,10-12,10.0,12.0,20.0,Medium,Tall trees,1.0,"Fruit, Seed, Shoots",Oil,"Fire starter, Containers, Lumber, Ink, oil, Wind breaker, Soap making, Waterproofing",1.0,0.0,0.0,0.0,0.0,1.0,0.0,1.0,1.0,1.0,fruit_tree,1.0,Layer contains 'Tree' and Edible parts contains 'Fruit',4111,Canarium ovatum,Engler,Magnoliopsida:Rosidae:Sapindales:Burseraceae,"Canarium pachyphyllum Perkins (1904), Canarium melioides Elmer (1911)","pilinut, pili",tree,erect,perennial,single stem,"fruits & nuts, materials, ornamentals/turf",grown on small scale,22.0,34.0,12.0,40.0,2000.0,3000.0,1000.0,4000.0,5.0,6.0,4.5,6.5,,,20.0,20.0,400.0,very bright,clear skies,very bright,cloudy skies,medium (50-150 cm),medium (50-150 cm),"heavy, medium, light","heavy, medium, light",high,moderate,low (<4 dS/m),low (<4 dS/m),well (dry spells),well (dry spells),,,short day (<12 hours),"tropical wet & dry (Aw), tropical wet (Ar)",wind,,,"home garden, small scale (manual)",365.0,365.0,original_rule,edible_flag,high,Pili Nut,1,,fruit_tree,0,,1,0
PP:1465,both,capparis spinosa,exact_scientific_name,high,1465.0,Plant,https://permapeople.org/plants/capparis-spinosa-caper,Capparis spinosa,Caper,Capparidaceae,,8-10,8.0,10.0,1.0,Fast,Shrubs,1.0,"Leaves, Shoots",Condiment,"Cosmetic, Fragrance",1.0,0.0,0.0,0.0,1.0,1.0,0.0,1.0,1.0,1.0,vegetable,1.0,Edible parts contains Leaves/Stem/Flowers,4159,Capparis spinosa,L.,Magnoliopsida:Dilleniidae:Capparales:Capparidaceae,"Capparis aegyptia Lam., Capparis spinosa var. aegyptia Boiss., Capparis baducca Blanco, Capparis spinosa var. mariana Schumann, Capparis cartilaginea Decne., Capparis spinosa var. galeata Hook.f. & Thomson, Capparis galeata Fresen, Capparis mariana Jacq., Capparis ovata Desf., Capparis rupestris","caper, caper bush, caper berry, câpres, fabagelle, tapana, câprier commun, câprier épineux, câprier, alcaparra, caparra, alcaparrón, akbaar, kabbar, achalfah, assaf, asef, ward al jabal, shafallah, lasaf, terloulout, taybult, amserlih, tsailih, tsailaoul, ouai lonlou, belachem, lussef, alcaparras, cappero, cappero dei muri, cappero spinoso, capperone, Kapernstrauch, Kaper, echter Kapernstrauch, kappara, kappers, kappertjes, kapricserje, kaporna, kapribogyó, kebere, keber fidani, gebere, gebre otu, kapari, kapris, káppari, kapers, kapersy, torkav, kappar, kaporo, tzalaf, kiari, kobra, kabra, mullukattari, melada, kabarra, himsra, kokilakshmu, kabar, mruko, mchezo",sub-shrub,prostrate/procumbent/semi-erect,perennial,"deciduous, multi stem","vegetables, ornamentals/turf, medicinals & aromatic","grown on large scale, grown on small scale",13.0,27.0,10.0,31.0,500.0,1000.0,300.0,2600.0,6.5,7.5,6.0,8.3,30.0,30.0,45.0,45.0,300.0,very bright,very bright,very bright,clear skies,medium (50-150 cm),shallow (20-50 cm),"medium, light","medium, light",moderate,low,low (<4 dS/m),low (<4 dS/m),"well (dry spells), excessive (dry/moderately dry)","well (dry spells), excessive (dry/moderately dry)",,,long day (>14 hours),"steppe or semiarid (Bs), subtropical dry summer (Cs), temperate oceanic (Do), temperate continental (Dc)",,,,"home garden, small scale (manual), large scale/commercial",120.0,270.0,original_rule,edible_flag,high,Caper,1,,leafy_herb,0,,1,0
PP:1469,both,casuarina equisetifolia,exact_scientific_name,high,1469.0,Plant,https://permapeople.org/plants/casuarina-equisetifolia-she-oak,Casuarina equisetifolia,She Oak,Casuarinaceae,,9-12,9.0,12.0,30.0,Fast,Tall trees,1.0,Seed,Salt,"Fire starter, Dye, Fencing, Hedgerow, textiles, Preservative, Wind breaker, Soil conditioner, Soil reclamation, Erosion control, Tannin, Lumber, Coppice, Nitrogen fixer",1.0,1.0,0.0,0.0,1.0,1.0,0.0,1.0,1.0,1.0,other_productive,1.0,"Edible == true, no more specific rule matched",646,Casuarina equisetifolia,J.R. & G. Forst.,Magnoliopsida:Hamamelidae:Casuarinales:Casuarinaceae,,"she oak, south sea ironwood, horsetail tree, nokonoko, te katurina, toa, Australian pine, ironwood",tree,erect,perennial,"evergreen, single stem, C3 photosynthesis","materials, ornamentals/turf, medicinals & aromatic, forest/wood, environmental, weed",grown on small scale,20.0,35.0,10.0,40.0,700.0,3500.0,200.0,5000.0,5.0,6.5,4.0,8.5,15.0,12.0,25.0,31.5,1500.0,very bright,very bright,very bright,clear skies,deep (>>150 cm),medium (50-150 cm),"medium, light","heavy, medium, light",low,low,low (<4 dS/m),medium (4-10 dS/m),"poorly (saturated >50% of year), well (dry spells)","poorly (saturated >50% of year), well (dry spells), excessive (dry/moderately dry)",,,short day (<12 hours),"tropical wet & dry (Aw), tropical wet (Ar), desert or arid (Bw), steppe or semiarid (Bs), subtropical humid (Cf), subtropical dry summer (Cs)",coastal salt spray,,can become a weed,,100.0,270.0,original_rule,edible_flag,high,She Oak,1,,other,0,,0,0
PP:1470,both,castanospermum australe,exact_scientific_name,high,1470.0,Plant,https://permapeople.org/plants/castanospermum-australe-moreton-bay-chestnut,Castanospermum australe,Moreton Bay Chestnut,Fabaceae or leguminosae,,8-12,8.0,12.0,25.0,Slow,Tall trees,1.0,Seed,,"Lumber, Nitrogen fixer, Fragrance",1.0,0.0,0.0,0.0,0.0,1.0,0.0,1.0,1.0,1.0,nut,1.0,Common name contains 'nut' or Edible uses contains 'Nut',2235,Castanospermum australe,,Magnoliopsida:Rosidae:Fabales:Leguminosae,,"Moreton Bay Chestnut, Black bean",tree,erect,perennial,single stem,forest/wood,,20.0,32.0,10.0,41.0,1600.0,3200.0,1000.0,3800.0,5.0,6.0,4.5,6.5,12.5,12.5,29.0,29.0,750.0,very bright,clear skies,very bright,cloudy skies,deep (>>150 cm),deep (>>150 cm),medium,"heavy, medium",high,moderate,low (<4 dS/m),low (<4 dS/m),well (dry spells),"poorly (saturated >50% of year), well (dry spells)",,,"short day (<12 hours), neutral day (12-14 hours), long day (>14 hours)",tropical wet & dry (Aw),,,,,270.0,330.0,original_rule,edible_flag,high,Moreton Bay Chestnut,1,,fruit_tree,0,,0,0
PP:1473,both,castilla elastica,exact_scientific_name,high,1473.0,Plant,https://permapeople.org/plants/castilla-elastica-panama-rubber-tree-mastate-blanco,Castilla elastica,Panama Rubber Tree Mastate blanco,Moraceae,,10-12,10.0,12.0,40.0,Fast,Tall trees,1.0,Fruit,,,1.0,0.0,0.0,0.0,0.0,1.0,0.0,1.0,1.0,1.0,fruit_tree,1.0,Layer contains 'Tree' and Edible parts contains 'Fruit',644,Castilla elastica,Sesse,Magnoliopsida:Dilleniidae:Urticales:Moraceae,,"Panama rubber tree, castilloa rubber",tree,erect,perennial,"deciduous, multi stem",forest/wood,,23.0,30.0,15.0,34.0,2300.0,2700.0,2000.0,3000.0,5.0,6.0,4.5,7.0,,,21.0,21.0,500.0,very bright,clear skies,very bright,cloudy skies,deep (>>150 cm),deep (>>150 cm),medium,medium,high,moderate,low (<4 dS/m),low (<4 dS/m),well (dry spells),well (dry spells),10,10.0,short day (<12 hours),"tropical wet & dry (Aw), tropical wet (Ar)",,,,,330.0,365.0,original_rule,edible_flag,high,Panama Rubber Tree Mastate blanco,1,,fruit_tree,0,,0,0
PP:1475,both,prunus serotina,ecocrop_synonym_binomial,medium,1475.0,Plant,https://permapeople.org/plants/prunus-serotina-rum-cherry-wild-cherry,Prunus serotina,Rum Cherry - Wild Cherry,Rosaceae,,3-9,3.0,9.0,18.0,Fast,Tall trees,1.0,"Fruit, Seed","Condiment, Drink","Dye, Lumber",1.0,0.0,0.0,0.0,0.0,1.0,0.0,1.0,1.0,1.0,fruit_tree,1.0,Layer contains 'Tree' and Edible parts contains 'Fruit',8967,Prunus capuli,Cav. ex Spreng.,Magnoliopsida:Rosidae:Rosales:Rosaceae,"Prunus serotina ssp. capuli R. Mc Vaugh., Prunus serotina var. salicifolia Koehne","capulin, capuli cherry, American cherry, capulin black cherry, capulin cherry, cerisier capulin, cereza, cereza común, guinda, capulí, cerezo, cereza criolla, cereza de los Andes, muji, detsé, detzé, taunday, jonote, puan, palman, xengua, murmuntu, ussum, kapollinkirsche, Mexican traubenkirsche",tree,erect,perennial,"deciduous, single stem","fruits & nuts, ornamentals/turf, medicinals & aromatic, forest/wood",grown on small scale,10.0,22.0,8.0,30.0,400.0,1800.0,300.0,2200.0,5.5,6.5,5.0,7.5,24.0,20.0,38.0,42.0,3400.0,clear skies,very bright,cloudy skies,very bright,medium (50-150 cm),medium (50-150 cm),"medium, light","heavy, medium, light, wide",high,low,low (<4 dS/m),low (<4 dS/m),well (dry spells),well (dry spells),-20,0.0,not sensitive,"subtropical humid (Cf), subtropical dry summer (Cs), subtropical dry winter (Cw)",,,,"home garden, small scale (manual)",0.0,0.0,original_rule,edible_flag,high,Rum Cherry - Wild Cherry,1,,fruit_tree,0,,1,0
PP:1499,both,carludovica palmata,exact_scientific_name,high,1499.0,Plant,https://permapeople.org/plants/carludovica-palmata-panama-hat-plant,Carludovica palmata,Panama Hat Plant,Cyclanthaceae,Perennial,10-12,10.0,12.0,2.0,Fast,,1.0,"Flowers, Fruit, Leaves, Root, Shoots",Condiment,"Crafting, Fiber, textiles, Weaving material",1.0,1.0,0.0,0.0,0.0,1.0,0.0,1.0,1.0,1.0,root_crop,1.0,Layer or Edible parts indicates Root/Tuber,4233,Carludovica palmata,Ruiz & Pavon,,,"jipijapa palm, Panama hat palm, toquilla palm, ippi-appa palm, palmeira jipijapa, palmeira jijipa, palmeira carludovica, bombonaje, bombonaca, bombonassa",shrub,erect,perennial,"evergreen, multi stem",materials,,24.0,32.0,12.0,37.0,1200.0,1800.0,800.0,2200.0,5.0,6.0,4.5,6.5,,,10.0,15.0,,cloudy skies,light shade,very bright,light shade,medium (50-150 cm),medium (50-150 cm),medium,"heavy, medium, light",high,moderate,low (<4 dS/m),low (<4 dS/m),well (dry spells),well (dry spells),,,short day (<12 hours),"tropical wet & dry (Aw), tropical wet (Ar)",,,,,300.0,365.0,original_rule,edible_flag,high,Panama Hat Plant,1,,fruit_tree,0,,0,0
PP:1533,both,pyrus communis,exact_scientific_name,high,1533.0,Plant,https://permapeople.org/plants/pyrus-communis-wild-pear,Pyrus communis,Wild Pear,Rosaceae,,4-9,4.0,9.0,13.0,Fast,Trees,1.0,Fruit,,"Dye, Wind breaker, Lumber",1.0,1.0,0.0,0.0,0.0,1.0,0.0,1.0,1.0,1.0,fruit_tree,1.0,Layer contains 'Tree' and Edible parts contains 'Fruit',1832,Pyrus communis,L.,Magnoliopsida:Rosidae:Rosales:Rosaceae,,"pear, pear tree, poire, poirier, pera, pereira, peral, Birne, Birnenbaum",tree,erect,perennial,"deciduous, single stem","fruits & nuts, forest/wood",grown on large scale,20.0,35.0,10.0,37.0,600.0,900.0,400.0,2100.0,5.5,6.5,4.5,8.3,35.0,,55.0,60.0,2000.0,very bright,very bright,very bright,clear skies,medium (50-150 cm),shallow (20-50 cm),"heavy, medium","heavy, medium, light",moderate,moderate,low (<4 dS/m),low (<4 dS/m),well (dry spells),well (dry spells),-34,-9.0,"short day (<12 hours), neutral day (12-14 hours), long day (>14 hours)","steppe or semiarid (Bs), temperate oceanic (Do), temperate continental (Dc), temperate with humid winters (Df), temperate with dry winters (Dw)",,wind,,,180.0,270.0,original_rule,edible_flag,high,Pear; Wild Pear,2,,fruit_tree,0,,0,0
PP:1556,both,mentha arvensis,species_binomial_inheritance,medium,1556.0,Plant,https://permapeople.org/plants/mentha-arvensis-villosa-american-wild-mint,Mentha arvensis villosa,American Wild Mint,Lamiaceae or labiatae,Perennial,4-8,4.0,8.0,0.6,,,1.0,Leaves,"Condiment, Tea","Essential Oil, Strewing, Fragrance",1.0,1.0,0.0,0.0,0.0,1.0,0.0,1.0,1.0,1.0,vegetable,1.0,Edible parts contains Leaves/Stem/Flowers,1448,Mentha arvensis var. piperascens,L.,Magnoliopsida:Asteridae:Lamiales:Labiatae,,Japanese mint,herb,erect,perennial,,materials,grown on small scale,10.0,25.0,3.0,30.0,800.0,1100.0,500.0,4300.0,5.5,6.4,4.5,8.3,,,,,1500.0,very bright,clear skies,very bright,light shade,medium (50-150 cm),shallow (20-50 cm),medium,"heavy, medium, light",high,moderate,low (<4 dS/m),low (<4 dS/m),well (dry spells),"poorly (saturated >50% of year), well (dry spells)",-8,-1.0,long day (>14 hours),"tropical wet & dry (Aw), tropical wet (Ar), steppe or semiarid (Bs), subtropical humid (Cf), subtropical dry summer (Cs), subtropical dry winter (Cw), temperate oceanic (Do), temperate continental (Dc), temperate with humid winters (Df), temperate with dry winters (Dw)",,,,,120.0,365.0,original_rule,edible_flag,high,American Wild Mint; Corn Mint; Japanese Mint,3,,leafy_herb,0,,0,0
PP:1571,both,linum usitatissimum,exact_scientific_name,high,1571.0,Plant,https://permapeople.org/plants/linum-usitatissimum-flax,Linum usitatissimum,Flax,Linaceae,Annual,4-8,4.0,8.0,0.7,,,1.0,Seed,"Oil, Coffee, Gum","Biomass, Fiber, Gum, textiles, oil, Dynamic accumulator",1.0,0.0,0.0,0.0,0.0,1.0,0.0,1.0,1.0,0.0,other_productive,1.0,"Edible == true, no more specific rule matched",7336,Linum usitatissimum,(L.) Griesb.,Magnoliopsida:Rosidae:Linales:Linaceae,,"flax, linseed, yama, Endabé, Entati, Telba, Talba",herb,erect,"annual, biennial, perennial",,"materials, medicinals & aromatic",grown on large scale,16.0,24.0,5.0,30.0,500.0,800.0,250.0,1300.0,6.0,6.5,5.5,7.0,49.0,,53.0,60.0,3000.0,clear skies,cloudy skies,very bright,cloudy skies,shallow (20-50 cm),shallow (20-50 cm),"heavy, medium","heavy, medium",high,high,low (<4 dS/m),low (<4 dS/m),well (dry spells),well (dry spells),-6,-1.0,"neutral day (12-14 hours), long day (>14 hours)","desert or arid (Bw), steppe or semiarid (Bs), subtropical humid (Cf), subtropical dry summer (Cs), subtropical dry winter (Cw), temperate oceanic (Do), temperate continental (Dc), temperate with humid winters (Df), temperate with dry winters (Dw)",,,,,80.0,180.0,original_rule,edible_flag,high,Flax,1,,other,0,,0,0
PP:1581,both,malva moschata,exact_scientific_name,high,1581.0,Plant,https://permapeople.org/plants/malva-moschata-musk-mallow,Malva moschata,Musk Mallow,Malvaceae,Perennial,3-10,3.0,10.0,0.8,Medium,,1.0,"Flowers, Leaves, Seed",,"Dye, Fiber, Fragrance",1.0,1.0,0.0,0.0,0.0,1.0,0.0,1.0,1.0,1.0,vegetable,1.0,Edible parts contains Leaves/Stem/Flowers,7557,Malva moschata,L.,Magnoliopsida:Dilleniidae:Malvales:Malvaceae,,"musk mallow, malva almizclada, white mallow, muskuskaasjeskruid, moskus katost, bisam-malve, moschus-malve, myskmalva, moskuskattost, myskimalva, mauve musquée, slaz pizmowy, malva moscada, malva moscata",herb,erect,perennial,"deciduous, multi stem","vegetables, materials, ornamentals/turf, environmental",,14.0,28.0,10.0,32.0,500.0,1500.0,400.0,1800.0,7.0,8.0,6.5,8.5,42.0,40.0,58.0,60.0,1500.0,cloudy skies,very bright,light shade,very bright,shallow (20-50 cm),shallow (20-50 cm),medium,"heavy, medium, light, wide, organic",high,moderate,low (<4 dS/m),low (<4 dS/m),well (dry spells),well (dry spells),-25,0.0,,"subtropical dry summer (Cs), temperate oceanic (Do), temperate continental (Dc)",,,,,0.0,0.0,original_rule,edible_flag,high,Musk Mallow,1,,leafy_herb,0,,0,0
PP:1583,both,malva alcea,exact_scientific_name,high,1583.0,Plant,https://permapeople.org/plants/malva-alcea-vervain-mallow,Malva alcea,Vervain mallow,Malvaceae,Perennial,4-8,4.0,8.0,1.2,Fast,,1.0,"Flowers, Leaves, Seed",Oil,"Dye, Fiber, oil",1.0,1.0,0.0,0.0,0.0,1.0,0.0,1.0,1.0,1.0,vegetable,1.0,Edible parts contains Leaves/Stem/Flowers,220867,Malva alcea,L.,Magnoliopsida:Dilleniidae:Malvales:Malvaceae,"Malva alcea var. fastigiata, Malva bismalva, Malva fastigiata","hollyhock mallow, large-flowered mallow, pink mallow, European mallow, vervain mallow, sigmarswurz, vijfdelig kaasjeskruid",herb,erect,perennial,"deciduous, multi stem","vegetables, materials, ornamentals/turf, medicinals & aromatic",,14.0,28.0,10.0,32.0,500.0,1400.0,400.0,1500.0,6.5,8.0,6.0,8.5,41.0,40.0,60.0,61.0,1500.0,clear skies,very bright,light shade,very bright,shallow (20-50 cm),shallow (20-50 cm),"medium, light","medium, light",moderate,moderate,,,well (dry spells),well (dry spells),-30,0.0,,"subtropical dry summer (Cs), temperate oceanic (Do), temperate continental (Dc)",,,,,0.0,0.0,original_rule,edible_flag,high,Vervain mallow,1,,leafy_herb,0,,0,0
PP:1591,both,marsilea quadrifolia,exact_scientific_name,high,1591.0,Plant,https://permapeople.org/plants/marsilea-quadrifolia-water-clover,Marsilea quadrifolia,Water Clover,Marsileaceae,,4-8,4.0,8.0,0.2,,Shrubs,1.0,"Leaves, Seed",,,1.0,1.0,0.0,0.0,0.0,1.0,1.0,1.0,1.0,0.0,vegetable,1.0,Edible parts contains Leaves/Stem/Flowers,18215,Marsilea quadrifolia,L.,Filicopsida:Marsileaceae,,"water shamrock, water clover fern, marsilea, marsilia, water clover, European pepperwort, European waterclover, pepperwort, Australian four leafed clover",herb,erect,perennial,"deciduous, multi stem","forage/pasture, vegetables, ornamentals/turf, weed",,20.0,28.0,14.0,32.0,700.0,2000.0,500.0,3000.0,6.5,7.5,6.0,8.0,12.0,10.0,41.0,43.0,1500.0,light shade,very bright,heavy shade,very bright,shallow (20-50 cm),shallow (20-50 cm),"heavy, medium, organic","heavy, medium, organic",high,moderate,low (<4 dS/m),low (<4 dS/m),poorly (saturated >50% of year),poorly (saturated >50% of year),-15,0.0,,"tropical wet & dry (Aw), tropical wet (Ar), subtropical humid (Cf), temperate continental (Dc)",flooding,drought,can become a weed,,0.0,0.0,original_rule,edible_flag,high,Water Clover,1,,leafy_herb,0,,0,0
PP:1598,both,oxalis tuberosa,exact_scientific_name,high,1598.0,Plant,https://permapeople.org/plants/oxalis-tuberosa-oca,Oxalis tuberosa,Oca,Oxalidaceae,Perennial,6-9,6.0,9.0,0.5,,,1.0,"Flowers, Leaves, Root",,,1.0,0.0,0.0,0.0,0.0,1.0,0.0,1.0,1.0,0.0,root_crop,1.0,Layer or Edible parts indicates Root/Tuber,2371,Oxalis tuberosa,Molina,Magnoliopsida:Rosidae:Geraniales:Oxalidaceae,Oxalis crenata,"oca, sorrel, oxalis, truffette acide, knollen sauerklee, oqa, okka, okta (Quechua), apiha, apilla, kawi (Aymara), ibia (Colombia), ruba, timbo, quiba (Venezuela), papa roja, papa colorada (Mexico), huisisai, ibias (South America), kao, yam (NZ)",herb,erect,"annual, perennial",single stem,roots/tubers,grown on small scale,12.0,24.0,5.0,28.0,800.0,1300.0,570.0,2150.0,6.0,7.0,5.3,7.8,,,30.0,40.0,4000.0,very bright,clear skies,very bright,cloudy skies,medium (50-150 cm),medium (50-150 cm),"medium, light","heavy, medium, light",high,moderate,low (<4 dS/m),low (<4 dS/m),well (dry spells),well (dry spells),,,short day (<12 hours),"tropical wet & dry (Aw), tropical wet (Ar), subtropical humid (Cf), subtropical dry summer (Cs), subtropical dry winter (Cw), temperate oceanic (Do), temperate continental (Dc), temperate with humid winters (Df), temperate with dry winters (Dw)",,,,small scale (manual),180.0,270.0,original_rule,edible_flag,high,Oca,1,,root,0,,0,0
PP:1633,both,physalis peruviana,exact_scientific_name,high,1633.0,Plant,https://permapeople.org/plants/physalis-peruviana-goldenberry,Physalis peruviana,Goldenberry,Solanaceae,Perennial,6-12,6.0,12.0,1.2,,,1.0,Fruit,,,1.0,1.0,0.0,0.0,0.0,1.0,0.0,1.0,1.0,1.0,berry,1.0,Common name contains 'berry' and Edible parts contains 'Fruit',1686,Physalis peruviana,L.,Magnoliopsida:Asteridae:Solanales:Solanaceae,,Andean uvilla,"herb, shrub",erect,perennial,multi stem,fruits & nuts,,16.0,25.0,10.0,32.0,1500.0,2300.0,800.0,4300.0,6.0,7.0,4.3,8.2,,,45.0,55.0,2600.0,very bright,cloudy skies,very bright,light shade,medium (50-150 cm),shallow (20-50 cm),"medium, light","heavy, medium, light, organic",moderate,low,low (<4 dS/m),low (<4 dS/m),well (dry spells),well (dry spells),-2,-1.0,"short day (<12 hours), neutral day (12-14 hours), long day (>14 hours)","tropical wet & dry (Aw), subtropical humid (Cf), subtropical dry summer (Cs), subtropical dry winter (Cw), temperate oceanic (Do), temperate continental (Dc), temperate with humid winters (Df), temperate with dry winters (Dw)",,,,,80.0,100.0,original_rule,edible_flag,high,Goldenberry,1,,fruit_tree,0,,0,0
PP:1637,both,physalis philadelphica,exact_scientific_name,high,1637.0,Plant,https://permapeople.org/plants/physalis-philadelphica-wild-tomatillo,Physalis philadelphica,Wild Tomatillo,Solanaceae,Annual,6-9,6.0,9.0,0.6,,,1.0,Fruit,,,1.0,1.0,0.0,0.0,0.0,1.0,0.0,1.0,1.0,1.0,fruit,1.0,Edible parts contains 'Fruit' (non-tree layer),8556,Physalis philadelphica,Lam.,Magnoliopsida:Asteridae:Solanales:Solanaceae,,"tomatillo, husk-tomato, jamberry, ground cherry, tomate de cascara, tomate de fresadilla, tomate milpero, tomate verde, miltomate",herb,erect,annual,"single stem, multi stem","vegetables, ornamentals/turf","grown on small scale, harvested from wild",15.0,25.0,8.0,31.0,700.0,1000.0,600.0,1100.0,6.0,7.0,5.0,8.0,18.0,15.0,22.0,25.0,2600.0,very bright,clear skies,very bright,cloudy skies,medium (50-150 cm),shallow (20-50 cm),"medium, light, organic","wide, organic",high,moderate,low (<4 dS/m),low (<4 dS/m),well (dry spells),well (dry spells),,,short day (<12 hours),"tropical wet & dry (Aw), tropical wet (Ar)",,,,"home garden, small scale (manual)",80.0,120.0,original_rule,edible_flag,high,Wild Tomatillo,1,,fruiting,0,,1,0
PP:1643,both,echinacea purpurea,exact_scientific_name,high,1643.0,Plant,https://permapeople.org/plants/echinacea-purpurea-echinacea,Echinacea purpurea,Echinacea,Asteraceae or compositae,Perennial,3-10,3.0,10.0,1.2,Medium,,1.0,Leaves,,,1.0,0.0,0.0,0.0,1.0,1.0,0.0,1.0,1.0,0.0,vegetable,1.0,Edible parts contains Leaves/Stem/Flowers,148275,Echinacea purpurea,(L.) Moench,Magnoliopsida:Asteridae:Asterales:Compositae,"Brauneria purpurea (L.) Britt., Echinacea intermedia Lindl.,, Echinacea purpurea (L.) Moench var. arkansana Steyerm., Echinacea speciosa Paxt., Rudbeckia purpurea L., Rudbeckia hispida Hoffm., Rudbeckia serotina Sweet","purple coneflower, red sunflower, roter Sonnenhut, Herba echinaceae purpureae",herb,erect,perennial,multi stem,"ornamentals/turf, medicinals & aromatic",grown on small scale,18.0,24.0,10.0,36.0,400.0,800.0,300.0,1000.0,6.5,7.5,5.5,8.0,,,,,,clear skies,very bright,light shade,very bright,medium (50-150 cm),shallow (20-50 cm),"medium, organic","heavy, medium, light, wide, organic",high,low,low (<4 dS/m),low (<4 dS/m),well (dry spells),well (dry spells),-30,0.0,neutral day (12-14 hours),subtropical dry summer (Cs),,,,"home garden, large scale/commercial",0.0,0.0,original_rule,edible_flag,high,Echinacea,1,,leafy_herb,0,,1,0
PP:1653,both,serenoa repens,exact_scientific_name,high,1653.0,Plant,https://permapeople.org/plants/serenoa-repens-saw-palmetto,Serenoa repens,Saw Palmetto,Arecaceae or palmae,,8-11,8.0,11.0,3.0,Slow,Shrubs,1.0,"Fruit, Seed",,"Weaving material, Crafting",1.0,0.0,0.0,0.0,0.0,1.0,0.0,1.0,1.0,1.0,fruit,1.0,Edible parts contains 'Fruit' (non-tree layer),9702,Serenoa repens,(Bartram) Small,Liliopsida:Arecidae:Arecales:Palmae,,"palmetto, saw palmetto","shrub, tree",erect,perennial,"evergreen, single stem, multi stem","ornamentals/turf, medicinals & aromatic",grown on small scale,15.0,25.0,10.0,35.0,1000.0,1200.0,800.0,1400.0,5.5,7.0,5.0,7.5,26.0,26.0,30.0,30.0,400.0,very bright,very bright,light shade,very bright,medium (50-150 cm),medium (50-150 cm),"medium, light","heavy, medium, light, wide",moderate,low,low (<4 dS/m),low (<4 dS/m),well (dry spells),"poorly (saturated >50% of year), well (dry spells), excessive (dry/moderately dry)",-5,0.0,,subtropical humid (Cf),coastal salt spray,,,home garden,365.0,365.0,original_rule,edible_flag,high,Saw Palmetto,1,,fruit_tree,0,,1,0
PP:1654,both,urochloa mosambicensis,exact_scientific_name,high,1654.0,Plant,https://permapeople.org/plants/urochloa-mosambicensis-sabi-grass,Urochloa mosambicensis,Sabi grass,Poaceae,Perennial,10-12,10.0,12.0,1.2,Fast,,1.0,Seed,,,1.0,1.0,0.0,0.0,0.0,1.0,0.0,1.0,1.0,1.0,other_productive,1.0,"Edible == true, no more specific rule matched",10674,Urochloa mosambicensis,(Hack.) Dandy,Liliopsida:Commelinidae:Cyperales:Gramineae,"Urochloa pullulans Stapf, Urochloa rhodesiensis Stent","bushveld signal grass, bosveld-beesgras",grass,prostrate/procumbent/semi-erect,perennial,multi stem,"forage/pasture, environmental",grown on large scale,15.0,28.0,10.0,35.0,500.0,1300.0,360.0,1600.0,5.5,7.0,4.5,8.5,4.0,22.0,20.0,29.0,1500.0,very bright,clear skies,very bright,cloudy skies,medium (50-150 cm),shallow (20-50 cm),"medium, light","heavy, medium, light",high,low,low (<4 dS/m),medium (4-10 dS/m),well (dry spells),"poorly (saturated >50% of year), well (dry spells)",,,"short day (<12 hours), neutral day (12-14 hours), long day (>14 hours)","tropical wet & dry (Aw), tropical wet (Ar), steppe or semiarid (Bs), subtropical humid (Cf), subtropical dry summer (Cs)","fire, drought, grazing/browsing, trampling",flooding,,large scale/commercial,70.0,210.0,original_rule,edible_flag,high,Sabi grass,4,,other,0,,0,0
PP:1657,both,panicum obtusum,exact_scientific_name,high,1657.0,Plant,https://permapeople.org/plants/panicum-obtusum-vine-mesquite,Panicum obtusum,Vine Mesquite,Poaceae or gramineae,Perennial,,,,0.8,,,1.0,Seed,,"Hair, Erosion control",1.0,0.0,0.0,0.0,0.0,1.0,0.0,1.0,1.0,1.0,other_productive,1.0,"Edible == true, no more specific rule matched",8281,Panicum obtusum,Kunth,Liliopsida:Commelinidae:Cyperales:Gramineae,,vine mesquite grass,grass,erect,perennial,multi stem,"forage/pasture, environmental",,16.0,25.0,10.0,33.0,1100.0,1500.0,970.0,1730.0,5.5,6.6,4.9,7.2,20.0,20.0,35.0,35.0,2400.0,very bright,very bright,very bright,clear skies,medium (50-150 cm),shallow (20-50 cm),light,light,moderate,low,low (<4 dS/m),low (<4 dS/m),well (dry spells),well (dry spells),-5,0.0,short day (<12 hours),"subtropical humid (Cf), subtropical dry summer (Cs), subtropical dry winter (Cw)",fire,,,,270.0,330.0,original_rule,edible_flag,high,Vine Mesquite,1,,other,0,,0,0
PP:1671,both,brachychiton populneus,exact_scientific_name,high,1671.0,Plant,https://permapeople.org/plants/brachychiton-populneus-kurrajong,Brachychiton populneus,Kurrajong,Sterculiaceae,,8-11,8.0,11.0,18.0,Fast,Tall trees,1.0,"Root, Seed",Coffee,Fiber,1.0,0.0,0.0,0.0,1.0,1.0,0.0,1.0,1.0,1.0,root_crop,1.0,Layer or Edible parts indicates Root/Tuber,545,Brachychiton populneus,(Schott & Endl.) R. Br.,Magnoliopsida:Dilleniidae:Malvales:Sterculiaceae,Sterculia populnea,kurrajong,tree,erect,perennial,"evergreen, semi evergreen, single stem",forest/wood,,25.0,32.0,13.0,38.0,450.0,750.0,250.0,1000.0,7.0,8.0,6.5,8.5,17.5,17.5,37.0,37.0,1000.0,very bright,very bright,very bright,clear skies,deep (>>150 cm),medium (50-150 cm),"medium, light","medium, light",high,moderate,low (<4 dS/m),medium (4-10 dS/m),well (dry spells),"well (dry spells), excessive (dry/moderately dry)",-5,-1.0,short day (<12 hours),"desert or arid (Bw), steppe or semiarid (Bs), subtropical humid (Cf), subtropical dry summer (Cs)",drought,,,,90.0,120.0,original_rule,edible_flag,high,Kurrajong,1,,root,0,,0,0
PP:1696,both,limnanthes alba,exact_scientific_name,high,1696.0,Plant,https://permapeople.org/plants/limnanthes-alba-meadowfoam,Limnanthes alba,Meadowfoam,Limnanthaceae,Annual,,,,0.2,,,1.0,,Oil,oil,1.0,0.0,0.0,0.0,0.0,1.0,0.0,1.0,1.0,1.0,other_productive,1.0,"Edible == true, no more specific rule matched",7317,Limnanthes alba,Hartweg ex Benth.,Magnoliopsida:Dilleniidae:Capparales:Limnanthaceae,,meadowfoam,herb,erect,annual,multi stem,materials,grown on small scale,8.0,16.0,4.0,20.0,800.0,1000.0,700.0,1100.0,6.0,6.5,5.5,7.0,30.0,30.0,50.0,50.0,1500.0,clear skies,cloudy skies,very bright,cloudy skies,medium (50-150 cm),shallow (20-50 cm),"heavy, medium","heavy, medium, light",moderate,moderate,low (<4 dS/m),low (<4 dS/m),poorly (saturated >50% of year),poorly (saturated >50% of year),,,long day (>14 hours),"subtropical dry summer (Cs), temperate oceanic (Do), boreal (E)",,,,,150.0,180.0,original_rule,edible_flag,high,Meadowfoam,1,,other,0,,0,0
PP:1705,both,mangifera indica,exact_scientific_name,high,1705.0,Plant,https://permapeople.org/plants/mangifera-indica-mango,Mangifera indica,Mango,Anacardiaceae,,10-12,10.0,12.0,25.0,Medium,Tall trees,1.0,"Flowers, Fruit, Leaves, Seed","Condiment, Drink, Tea","Fire starter, Containers, Dye, Lumber, Teeth",1.0,0.0,0.0,0.0,0.0,1.0,0.0,1.0,1.0,1.0,fruit_tree,1.0,Layer contains 'Tree' and Edible parts contains 'Fruit',1416,Mangifera indica,L.,Magnoliopsida:Rosidae:Sapindales:Anacardiaceae,"Mangifera amba Forsk., Mangifera domestica Gaertn., Mangifera gladiata Boj., Mangifera racemosa Boj., Mangifera rubra Boj.","mango, mango tree, manguier, mangue, Mangobaum, am, mago, veselperske, manga, mangueira, ambo, mangga, mempelam, ampelam, mwàngx, mamuang, ma-muang, xoài, tharyetthi, svaay, asai, lebu (Simbo), rereke (Roviana), mengo",tree,erect,perennial,,"fruits & nuts, medicinals & aromatic, forest/wood",grown on large scale,24.0,30.0,8.0,48.0,600.0,1500.0,300.0,2600.0,5.5,7.5,4.3,8.5,,,25.0,30.0,1200.0,very bright,very bright,cloudy skies,very bright,deep (>>150 cm),medium (50-150 cm),"medium, light","heavy, medium, light",moderate,low,low (<4 dS/m),low (<4 dS/m),well (dry spells),"well (dry spells), excessive (dry/moderately dry)",-1,0.0,"short day (<12 hours), neutral day (12-14 hours), long day (>14 hours)","tropical wet & dry (Aw), tropical wet (Ar), desert or arid (Bw), steppe or semiarid (Bs), subtropical dry summer (Cs)",,,,"home garden, small scale (manual), large scale/commercial",150.0,365.0,original_rule,edible_flag,high,Mango,1,,fruit_tree,1,مانجو,1,0
PP:1713,both,medicago sativa,exact_scientific_name,high,1713.0,Plant,https://permapeople.org/plants/medicago-sativa-alfalfa,Medicago sativa,Alfalfa,Fabaceae or leguminosae,Perennial,4-8,4.0,8.0,1.0,Medium,,1.0,"Leaves, Seed, Shoots","Oil, Tea","Biomass, Companion, Dye, Cover crop, Hedgerow, oil, textiles, Dynamic accumulator, Nitrogen fixer",1.0,0.0,0.0,0.0,1.0,1.0,0.0,1.0,1.0,1.0,legume,1.0,Family == Fabaceae and Edible parts contains Seed/Pod,1428,Medicago sativa,L.,Magnoliopsida:Rosidae:Fabales:Leguminosae,,"alfalfa, lucerne, common purple lucerne, common lucerne, purple alfalfa, purple medick, Spanish trefoil, blålusern, foder-lucerne, sinimailanen, Luzerne, luzerna, alfafa, luzerna de flor roxa, melga dos prados, medicagem dos pastos, lusern, Medicaginis herba",herb,"erect, prostrate/procumbent/semi-erect",perennial,,"forage/pasture, cover crop",grown on large scale,21.0,27.0,5.0,45.0,600.0,1200.0,350.0,2700.0,6.5,7.5,4.3,8.7,38.0,36.0,56.0,58.0,4000.0,very bright,very bright,very bright,cloudy skies,deep (>>150 cm),medium (50-150 cm),"medium, light","medium, light",high,low,low (<4 dS/m),medium (4-10 dS/m),well (dry spells),"well (dry spells), excessive (dry/moderately dry)",-25,0.0,"short day (<12 hours), neutral day (12-14 hours), long day (>14 hours)","steppe or semiarid (Bs), subtropical humid (Cf), subtropical dry summer (Cs), subtropical dry winter (Cw), temperate oceanic (Do), temperate continental (Dc), temperate with humid winters (Df), temperate with dry winters (Dw)",,,,large scale/commercial,100.0,210.0,original_rule,edible_flag,high,Alfalfa,1,,legume,0,,0,0
PP:1714,both,medicago polymorpha,exact_scientific_name,high,1714.0,Plant,https://permapeople.org/plants/medicago-polymorpha-toothed-bur-clover,Medicago polymorpha,Toothed Bur-Clover,Fabaceae or leguminosae,Annual,,,,0.6,,,1.0,"Flowers, Leaves, Seed, Shoots",,"Cover crop, Nitrogen fixer",1.0,0.0,0.0,0.0,1.0,1.0,0.0,1.0,1.0,0.0,legume,1.0,Family == Fabaceae and Edible parts contains Seed/Pod,7657,Medicago polymorpha,L.,Magnoliopsida:Rosidae:Fabales:Leguminosae,,"California bur clover, toothed medick, burr medick, trevo carrapico da California",herb,erect,annual,,"forage/pasture, environmental, weed",,15.0,25.0,4.0,30.0,600.0,1000.0,310.0,1900.0,6.5,7.0,5.3,8.2,,,45.0,45.0,1900.0,cloudy skies,light shade,clear skies,light shade,shallow (20-50 cm),shallow (20-50 cm),medium,"heavy, medium, light",high,moderate,low (<4 dS/m),low (<4 dS/m),well (dry spells),"poorly (saturated >50% of year), well (dry spells), excessive (dry/moderately dry)",,,"short day (<12 hours), neutral day (12-14 hours), long day (>14 hours)","tropical wet & dry (Aw), tropical wet (Ar), steppe or semiarid (Bs), subtropical dry summer (Cs), temperate oceanic (Do), temperate continental (Dc), temperate with humid winters (Df), temperate with dry winters (Dw)",,,can become a weed,,120.0,210.0,original_rule,edible_flag,high,Toothed Bur-Clover,1,,legume,0,,0,0
PP:1727,both,mirabilis expansa,exact_scientific_name,high,1727.0,Plant,https://permapeople.org/plants/mirabilis-expansa-mauka,Mirabilis expansa,Mauka,Nyctaginaceae,Perennial,,,,1.0,,,1.0,"Leaves, Root",Drink,,1.0,0.0,0.0,0.0,0.0,1.0,0.0,1.0,1.0,1.0,root_crop,1.0,Layer or Edible parts indicates Root/Tuber,148967,Mirabilis expansa,Ruiz & Pavón,Magnoliopsida:Caryophyllidae:Caryophyllales:Nyctaginaceae,,"mauka, chagos, chago, chaco, arricón, yuca inca, shallca yuca, yuca de la Jalca, pega pega, cushpe, cushipe, arracacha de toro, camotillo, inca, miso: Pichincha (Ecuador), tazo: Cotopaxi (Ecuador)",herb,erect,"annual, perennial",,"roots/tubers, vegetables",grown on small scale,12.0,20.0,5.0,25.0,600.0,800.0,500.0,1000.0,6.0,7.0,5.5,7.5,,,10.0,15.0,3500.0,very bright,clear skies,very bright,cloudy skies,deep (>>150 cm),deep (>>150 cm),"medium, organic","medium, light",high,moderate,low (<4 dS/m),low (<4 dS/m),well (dry spells),well (dry spells),,,short day (<12 hours),"tropical wet & dry (Aw), tropical wet (Ar)",,,,home garden,210.0,270.0,original_rule,edible_flag,high,Mauka,1,,root,0,,1,0
PP:1745,both,nicotiana tabacum,exact_scientific_name,high,1745.0,Plant,https://permapeople.org/plants/nicotiana-tabacum-tobacco,Nicotiana tabacum,Tobacco,Solanaceae,Annual,7-10,7.0,10.0,1.2,,,1.0,Leaves,"Oil, Egg","Pest control, oil, Dynamic accumulator, Fragrance",1.0,0.0,0.0,0.0,0.0,1.0,0.0,1.0,1.0,1.0,vegetable,1.0,Edible parts contains Leaves/Stem/Flowers,1534,Nicotiana tabacum,L.,Magnoliopsida:Asteridae:Solanales:Solanaceae,,"tobacco, cultivated tobacco, tabac, Tabak, tabacco, tavako, tapaka, tabaco, tabaco de cultura, erva-santa, erva do Grao Prior",herb,erect,"annual, biennial","multi stem, C3 photosynthesis",materials,grown on large scale,15.0,30.0,7.0,35.0,500.0,750.0,350.0,3000.0,5.0,6.5,4.5,7.5,,,40.0,60.0,1800.0,very bright,very bright,very bright,light shade,deep (>>150 cm),medium (50-150 cm),"medium, light","heavy, medium, light",moderate,moderate,low (<4 dS/m),low (<4 dS/m),well (dry spells),well (dry spells),-3,-1.0,"short day (<12 hours), neutral day (12-14 hours)","tropical wet & dry (Aw), tropical wet (Ar), steppe or semiarid (Bs), subtropical humid (Cf), subtropical dry summer (Cs), subtropical dry winter (Cw), temperate oceanic (Do), temperate continental (Dc), temperate with humid winters (Df), temperate with dry winters (Dw)",,"hail, wind",,,70.0,150.0,original_rule,edible_flag,high,Tobacco,1,,leafy_herb,0,,0,0
PP:1763,both,panicum maximum,exact_scientific_name,high,1763.0,Plant,https://permapeople.org/plants/panicum-maximum-guinea-grass-green-panic-grass,Panicum maximum,Guinea grass Green panic grass,Poaceae,Perennial,10-12,10.0,12.0,2.0,Fast,,1.0,Seed,,Animal feed,1.0,1.0,0.0,1.0,1.0,1.0,0.0,1.0,1.0,0.0,other_productive,1.0,"Edible == true, no more specific rule matched",1605,Panicum maximum,Jacq.,Liliopsida:Commelinidae:Cyperales:Gramineae,,"Guinea grass, green panic, Hamilgrass, pasto Guinea, gramalote, gewone buffelsgras, blousaad soetgras, capim da Guine', capim guine' legitimo, erva da Guine', capim de feixe, painco grande, milha do sertao, murubu",grass,erect,perennial,multi stem,forage/pasture,grown on large scale,19.0,30.0,6.0,35.0,1000.0,1800.0,650.0,4300.0,5.0,7.0,3.5,8.4,18.0,16.0,27.0,29.0,2500.0,light shade,cloudy skies,heavy shade,very bright,deep (>>150 cm),medium (50-150 cm),"medium, organic","heavy, medium, light",high,low,low (<4 dS/m),medium (4-10 dS/m),well (dry spells),"poorly (saturated >50% of year), well (dry spells), excessive (dry/moderately dry)",-2,0.0,short day (<12 hours),"tropical wet & dry (Aw), tropical wet (Ar), subtropical humid (Cf), subtropical dry summer (Cs)",,fire,,large scale/commercial,70.0,150.0,original_rule,edible_flag,high,Guinea grass Green panic grass,2,,other,0,,0,0
PP:1764,both,panicum turgidum,exact_scientific_name,high,1764.0,Plant,https://permapeople.org/plants/panicum-turgidum-desert-grass-turgid-panic-grass,Panicum turgidum,Desert Grass Turgid panic grass,Poaceae,Perennial,10-12,10.0,12.0,1.5,Fast,,1.0,"Root, Seed, Shoots",,Animal feed,1.0,0.0,0.0,0.0,1.0,1.0,0.0,1.0,1.0,0.0,root_crop,1.0,Layer or Edible parts indicates Root/Tuber,8288,Panicum turgidum,Forsk.,Liliopsida:Commelinidae:Cyperales:Gramineae,,,grass,erect,perennial,,"forage/pasture, environmental",grown on small scale,25.0,35.0,8.0,40.0,200.0,400.0,100.0,600.0,6.5,7.0,6.0,8.0,8.0,2.0,32.0,38.0,3200.0,very bright,very bright,very bright,clear skies,deep (>>150 cm),medium (50-150 cm),light,"medium, light",moderate,low,low (<4 dS/m),medium (4-10 dS/m),excessive (dry/moderately dry),"well (dry spells), excessive (dry/moderately dry)",,,short day (<12 hours),"desert or arid (Bw), steppe or semiarid (Bs), subtropical dry summer (Cs)",,,,,150.0,300.0,original_rule,edible_flag,high,Desert Grass Turgid panic grass,1,,root,0,,0,0
PP:1765,both,panicum miliaceum,exact_scientific_name,high,1765.0,Plant,https://permapeople.org/plants/panicum-miliaceum-european-millet,Panicum miliaceum,European Millet,Poaceae or gramineae,Annual,10-12,10.0,12.0,1.0,,,1.0,Seed,,"Fiber, Sandpaper",1.0,0.0,0.0,0.0,1.0,1.0,0.0,1.0,1.0,1.0,other_productive,1.0,"Edible == true, no more specific rule matched",8280,Panicum miliaceum,L.,Liliopsida:Commelinidae:Cyperales:Gramineae,,"proso millet, hog millet, common millet, millet proso, echte hirse, hirs, vipphirs, äkta hirs, hirse, almindelig hirse, hirssi, viljahirssi",grass,erect,annual,"single stem, C4 photosynthesis",cereals & pseudocereals,grown on small scale,20.0,32.0,15.0,45.0,500.0,750.0,200.0,1000.0,6.0,6.5,5.2,8.2,,,25.0,30.0,,very bright,very bright,very bright,clear skies,medium (50-150 cm),shallow (20-50 cm),medium,"heavy, medium, light",moderate,low,low (<4 dS/m),low (<4 dS/m),well (dry spells),"well (dry spells), excessive (dry/moderately dry)",,,"short day (<12 hours), neutral day (12-14 hours)","tropical wet & dry (Aw), desert or arid (Bw), steppe or semiarid (Bs), subtropical humid (Cf), subtropical dry summer (Cs), subtropical dry winter (Cw)",,,,"small scale (manual), intermediate (animal drawn), large scale/commercial",55.0,280.0,original_rule,edible_flag,high,European Millet,1,,other,0,,0,0
PP:1766,both,pandanus julianettii,exact_scientific_name,high,1766.0,Plant,https://permapeople.org/plants/pandanus-julianettii-karuka,Pandanus julianettii,Karuka,Pandanaceae,,10-12,10.0,12.0,4.0,Fast,Shrubs,1.0,"Leaves, Root, Seed",Oil,"Fiber, oil",1.0,1.0,0.0,0.0,0.0,1.0,0.0,1.0,1.0,0.0,root_crop,1.0,Layer or Edible parts indicates Root/Tuber,8245,Pandanus julianettii,Martelli,Liliopsida:Arecidae:Pandanales:Pandanaceae,,,shrub,erect,perennial,"evergreen, multi stem",materials,,13.0,24.0,6.0,30.0,3000.0,3500.0,2500.0,4000.0,4.5,5.5,3.5,5.6,,,7.0,7.0,3300.0,clear skies,cloudy skies,very bright,cloudy skies,deep (>>150 cm),medium (50-150 cm),"medium, organic","medium, light",low,low,low (<4 dS/m),low (<4 dS/m),well (dry spells),well (dry spells),,,short day (<12 hours),"tropical wet & dry (Aw), tropical wet (Ar), subtropical humid (Cf), subtropical dry summer (Cs), subtropical dry winter (Cw)",,,,,365.0,365.0,original_rule,edible_flag,high,Karuka,1,,leafy_herb,0,,0,0
PP:1768,both,panicum antidotale,exact_scientific_name,high,1768.0,Plant,https://permapeople.org/plants/panicum-antidotale-blue-panic-grass,Panicum antidotale,Blue Panic Grass,Poaceae or gramineae,Perennial,,,,3.0,,,1.0,Seed,,Disinfectant,1.0,0.0,0.0,0.0,0.0,1.0,0.0,1.0,1.0,1.0,other_productive,1.0,"Edible == true, no more specific rule matched",1602,Panicum antidotale,Retz.,Liliopsida:Commelinidae:Cyperales:Gramineae,,,grass,,perennial,multi stem,"cereals & pseudocereals, forage/pasture",,18.0,25.0,9.0,31.0,400.0,700.0,130.0,1700.0,6.0,7.5,5.5,8.2,,,,,,very bright,cloudy skies,very bright,light shade,deep (>>150 cm),medium (50-150 cm),"heavy, medium","heavy, medium, light",moderate,low,low (<4 dS/m),medium (4-10 dS/m),"well (dry spells), excessive (dry/moderately dry)","poorly (saturated >50% of year), well (dry spells), excessive (dry/moderately dry)",-1,-1.0,"short day (<12 hours), neutral day (12-14 hours), long day (>14 hours)","tropical wet & dry (Aw), steppe or semiarid (Bs), subtropical dry winter (Cw)",,,,,120.0,240.0,original_rule,edible_flag,high,Blue Panic Grass,1,,other,0,,0,0
PP:1796,both,persea americana,exact_scientific_name,high,1796.0,Plant,https://permapeople.org/plants/persea-americana-avocado,Persea americana,Avocado,Lauraceae,,9-12,9.0,12.0,15.0,Fast,Tall trees,1.0,"Fruit, Leaves",Oil,"Animal feed, oil",1.0,0.0,0.0,0.0,0.0,1.0,0.0,0.0,1.0,1.0,fruit_tree,1.0,Layer contains 'Tree' and Edible parts contains 'Fruit',1659,Persea americana,Mill.,Magnoliopsida:Magnoliidae:Magnoliales:Lauraceae,"Persea gratissima Gaertn. (1807), Laurus persia L., Persea drymifolia Schlecht & Cham. (1831), Persea nubigena L.O. Williams (1950), Persea persea (L.) Cockerell","avocado, avocatier, aguacate, adpukat, avokad, apukado, avokaa, awokado, bo', ie dau, apoka (Cook I), pea, avoka, aviota, bata",tree,erect,perennial,"evergreen, deciduous, single stem, C3 photosynthesis","fruits & nuts, forest/wood",grown on large scale,14.0,40.0,10.0,45.0,500.0,2000.0,300.0,2500.0,5.0,5.8,4.5,7.0,10.0,,42.0,42.0,2800.0,very bright,very bright,clear skies,very bright,deep (>>150 cm),deep (>>150 cm),medium,medium,moderate,moderate,low (<4 dS/m),low (<4 dS/m),well (dry spells),well (dry spells),-4,-1.0,short day (<12 hours),"tropical wet & dry (Aw), tropical wet (Ar)",,"wind, flooding",,,0.0,0.0,original_rule,edible_flag,high,Avocado; Guatemalan avocado; Mexican avocado; West Indian avocado,4,,fruit_tree,0,,0,0
PP:1824,both,mammea americana,exact_scientific_name,high,1824.0,Plant,https://permapeople.org/plants/mammea-americana-mammee-apple,Mammea americana,Mammee Apple,Clusiaceae,,10-12,10.0,12.0,18.0,Medium,Tall trees,1.0,"Flowers, Fruit, Sap","Drink, Gum, Pectin","Containers, Dye, Fire starter, Lumber, Gum, Hair, Pest control, textiles, Pectin, Erosion control, Tannin",1.0,1.0,0.0,0.0,0.0,1.0,0.0,1.0,1.0,1.0,fruit_tree,1.0,Layer contains 'Tree' and Edible parts contains 'Fruit',1414,Mammea americana,L.,Magnoliopsida:Dilleniidae:Guttiferales:Guttiferae,,"mamey, mammee, mammee apple, mammea apple, mammy, mammy apple, St. Domingo apricot, South American apricot, abricot d' Amerique, abricot des Antilles, abricot pays, abricot de Saint-Dominque, abricotier sauvage, mamey de Santo Domingo, mamey amarillo, mamey de Cartagena, mata serrano, zapote mamey, zapote de Santo Domingo, abrico, abricoteiro, abricote, abrico do Pará, abrico selvagem, pecego de Sao Domingos, manggis negri, aprikot",tree,erect,perennial,"evergreen, single stem","fruits & nuts, medicinals & aromatic",grown on small scale,24.0,30.0,12.0,35.0,1200.0,1800.0,800.0,2600.0,6.0,6.5,5.5,8.0,,,20.0,29.0,1000.0,very bright,very bright,very bright,cloudy skies,deep (>>150 cm),shallow (20-50 cm),medium,"heavy, medium, light",high,moderate,low (<4 dS/m),low (<4 dS/m),well (dry spells),well (dry spells),-2,0.0,"short day (<12 hours), neutral day (12-14 hours), long day (>14 hours)","tropical wet & dry (Aw), tropical wet (Ar), subtropical humid (Cf), subtropical dry summer (Cs), subtropical dry winter (Cw)",,,,,150.0,365.0,original_rule,edible_flag,high,Mammee Apple,1,,fruit_tree,0,,0,0
PP:1842,both,mentha piperita,species_binomial_inheritance,medium,1842.0,Plant,https://permapeople.org/plants/mentha-x-piperita-citrata-eau-de-cologne-mint,Mentha x piperita citrata,Eau De Cologne Mint,Lamiaceae or labiatae,Perennial,3-9,3.0,9.0,0.3,Fast,,1.0,Leaves,"Condiment, Tea","Essential Oil, Strewing, Dynamic accumulator, Fragrance",1.0,1.0,0.0,0.0,0.0,1.0,0.0,1.0,1.0,1.0,vegetable,1.0,Edible parts contains Leaves/Stem/Flowers,2099,Mentha piperita,L.,Magnoliopsida:Asteridae:Lamiales:Labiatae,"Mentha x piperita, Mentha aquatica x spicata","peppermint, brandy mint, menthe poivree, menthe, bohe, Pfefferminze, menta, pepparmynta, pepermynte, na'na, pepermunt, hortela, myata, seiyo-hakka, Folia Menthae piperitae, Oleum Menthae piperitae, Spiritus Menthae piperitae, Menthae piperitae herba, Aetheroleum menthae piperitae, yang-po-ho",herb,erect,perennial,,medicinals & aromatic,grown on large scale,15.0,25.0,4.0,35.0,1000.0,2200.0,700.0,4000.0,5.5,6.5,4.5,8.3,40.0,,50.0,50.0,1000.0,very bright,clear skies,very bright,light shade,shallow (20-50 cm),shallow (20-50 cm),"medium, organic","heavy, medium, light",high,moderate,low (<4 dS/m),medium (4-10 dS/m),well (dry spells),"poorly (saturated >50% of year), well (dry spells)",-8,0.0,"short day (<12 hours), neutral day (12-14 hours), long day (>14 hours)","tropical wet & dry (Aw), tropical wet (Ar), subtropical humid (Cf), subtropical dry summer (Cs), subtropical dry winter (Cw), temperate oceanic (Do), temperate continental (Dc), temperate with humid winters (Df), temperate with dry winters (Dw)",,,,large scale/commercial,40.0,330.0,original_rule,edible_flag,high,Black Peppermint; Chocolate; Eau De Cologne Mint; White Peppermint,4,,leafy_herb,0,,0,0
PP:1844,both,mentha spicata,species_binomial_inheritance,medium,1844.0,Plant,https://permapeople.org/plants/mentha-spicata-spearmint,Mentha spicata,Mint,Lamiaceae or labiatae,Perennial,3-9,3.0,9.0,0.6,,,1.0,Leaves,"Condiment, Tea","Essential Oil, Strewing, Fragrance",1.0,1.0,0.0,0.0,0.0,1.0,0.0,1.0,1.0,1.0,vegetable,1.0,Edible parts contains Leaves/Stem/Flowers,7710,Mentha spicata var. crispa,"L., Bentls./Mausf.",Magnoliopsida:Asteridae:Lamiales:Labiatae,,"spearmint, menthe crepue, krauseminze",herb,erect,perennial,single stem,materials,grown on small scale,15.0,25.0,4.0,36.0,900.0,1200.0,600.0,2200.0,5.5,6.5,4.5,8.3,30.0,10.0,50.0,50.0,1000.0,very bright,clear skies,very bright,light shade,medium (50-150 cm),shallow (20-50 cm),medium,"heavy, medium, light",high,moderate,low (<4 dS/m),low (<4 dS/m),well (dry spells),"poorly (saturated >50% of year), well (dry spells)",-8,-1.0,long day (>14 hours),"tropical wet & dry (Aw), tropical wet (Ar), subtropical humid (Cf), subtropical dry summer (Cs), subtropical dry winter (Cw), temperate oceanic (Do), temperate continental (Dc), temperate with humid winters (Df), temperate with dry winters (Dw)",,,,,40.0,270.0,original_rule,edible_flag,high,Nane; Spearmint,2,,leafy_herb,1,نعناع,0,0
PP:1851,both,melilotus albus,exact_scientific_name,high,1851.0,Plant,https://permapeople.org/plants/melilotus-albus-white-melilot,Melilotus albus,White Melilot,Fabaceae or leguminosae,"Annual, Biennial",,,,1.2,Fast,,1.0,"Flowers, Leaves, Seed, Seedpod, Shoots","Oil, Condiment","Cover crop, oil, Nitrogen fixer, Fragrance",1.0,0.0,0.0,0.0,1.0,1.0,0.0,1.0,1.0,1.0,legume,1.0,Family == Fabaceae and Edible parts contains Seed/Pod,78092,Melilotus albus,,,,,herb,"erect, climber/scrambler/scadent","annual, biennial","deciduous, multi stem","forage/pasture, environmental",grown on large scale,12.0,28.0,8.0,32.0,600.0,800.0,425.0,1000.0,6.5,7.5,6.0,8.0,32.0,30.0,50.0,55.0,1500.0,clear skies,very bright,cloudy skies,very bright,medium (50-150 cm),medium (50-150 cm),"heavy, medium, light, wide","heavy, medium, light, wide",high,moderate,low (<4 dS/m),medium (4-10 dS/m),well (dry spells),well (dry spells),-30,-1.0,,"subtropical humid (Cf), subtropical dry summer (Cs), temperate oceanic (Do), temperate continental (Dc)",drought,flooding,,,0.0,0.0,original_rule,edible_flag,high,White Melilot,1,,legume,0,,0,0
PP:1852,both,melicoccus bijugatus,exact_scientific_name,high,1852.0,Plant,https://permapeople.org/plants/melicoccus-bijugatus-mamoncillo,Melicoccus bijugatus,Mamoncillo,Sapindaceae,,9-12,9.0,12.0,18.0,Slow,Tall trees,1.0,"Fruit, Seed",Drink,Lumber,1.0,1.0,0.0,0.0,1.0,1.0,0.0,1.0,1.0,1.0,fruit_tree,1.0,Layer contains 'Tree' and Edible parts contains 'Fruit',1436,Melicoccus bijugatus,Jacq.,Magnoliopsida:Rosidae:Sapindales:Sapindaceae,,"mamoncillo, bullace tree, Spanish lime, honeyberry, genip",tree,erect,perennial,single stem,fruits & nuts,grown on small scale,22.0,30.0,13.0,34.0,800.0,1600.0,500.0,2700.0,5.5,7.0,5.0,8.7,,,10.0,10.0,,very bright,clear skies,very bright,cloudy skies,medium (50-150 cm),shallow (20-50 cm),"heavy, medium, light","heavy, medium, light",low,low,low (<4 dS/m),low (<4 dS/m),well (dry spells),well (dry spells),-3,-1.0,short day (<12 hours),"tropical wet & dry (Aw), tropical wet (Ar), steppe or semiarid (Bs)",,,,,120.0,365.0,original_rule,edible_flag,high,Mamoncillo,1,,fruit_tree,0,,0,0
PP:1862,both,pterocarpus dalbergioides,exact_scientific_name,high,1862.0,Plant,https://permapeople.org/plants/pterocarpus-dalbergioides-andaman-padauk,Pterocarpus dalbergioides,Andaman padauk,Fabaceae,,10-12,10.0,12.0,35.0,Medium,Tall trees,1.0,"Flowers, Leaves",,"Lumber, Tannin, Nitrogen fixer",1.0,0.0,0.0,0.0,0.0,1.0,0.0,1.0,1.0,1.0,vegetable,1.0,Edible parts contains Leaves/Stem/Flowers,9042,Pterocarpus dalbergioides,,Magnoliopsida:Rosidae:Fabales:Leguminosae,,,tree,erect,perennial,"evergreen, semi evergreen, single stem","vegetables, materials, medicinals & aromatic, forest/wood",,22.0,32.0,15.0,37.0,3000.0,3500.0,2500.0,4000.0,5.5,6.5,5.0,7.5,5.0,,15.0,20.0,100.0,very bright,clear skies,very bright,light shade,medium (50-150 cm),shallow (20-50 cm),"heavy, medium, light","heavy, medium, light",high,low,low (<4 dS/m),low (<4 dS/m),well (dry spells),"poorly (saturated >50% of year), well (dry spells)",,,short day (<12 hours),"tropical wet & dry (Aw), tropical wet (Ar)",,,,,270.0,300.0,original_rule,edible_flag,high,Andaman padauk,1,,leafy_herb,0,,0,0
PP:1872,both,bambusa tulda,exact_scientific_name,high,1872.0,Plant,https://permapeople.org/plants/bambusa-tulda-bengal-bamboo-spineless-indian-bamboo,Bambusa tulda,Bengal Bamboo Spineless Indian bamboo,Poaceae,,10-12,10.0,12.0,15.0,Fast,Trees,1.0,Shoots,,"Weaving material, Biomass, Containers, textiles, Roofing, Wind breaker, Lumber",1.0,1.0,0.0,0.0,0.0,1.0,0.0,1.0,1.0,1.0,other_productive,1.0,"Edible == true, no more specific rule matched",3627,Bambusa tulda,Roxb.,Liliopsida:Commelinidae:Cyperales:Gramineae,,,grass,erect,perennial,"evergreen, deciduous, multi stem",materials,grown on small scale,22.0,28.0,9.0,32.0,1200.0,2500.0,700.0,4500.0,5.0,6.0,4.5,6.5,15.0,,25.0,40.0,,cloudy skies,light shade,clear skies,light shade,deep (>>150 cm),medium (50-150 cm),"heavy, medium","heavy, medium",high,moderate,low (<4 dS/m),low (<4 dS/m),well (dry spells),"poorly (saturated >50% of year), well (dry spells)",,,short day (<12 hours),"tropical wet & dry (Aw), tropical wet (Ar)",,,,,300.0,365.0,original_rule,edible_flag,high,Bengal Bamboo Spineless Indian bamboo,1,,other,0,,0,0
PP:1875,both,baphia nitida,exact_scientific_name,high,1875.0,Plant,https://permapeople.org/plants/baphia-nitida-camwood,Baphia nitida,Camwood,Fabaceae,,10-12,10.0,12.0,10.0,,Trees,1.0,Seed,,"Cosmetic, Dye, Fencing, Lumber, Hedgerow, Paint, Teeth, Nitrogen fixer",1.0,0.0,0.0,0.0,0.0,1.0,0.0,1.0,1.0,1.0,legume,1.0,Family == Fabaceae and Edible parts contains Seed/Pod,3635,Baphia nitida,Lodd.,Magnoliopsida:Rosidae:Fabales:Leguminosae,,"barwood, camwood, African sandalwood, baru","shrub, tree",erect,perennial,"single stem, multi stem","materials, ornamentals/turf, medicinals & aromatic, forest/wood, environmental",,24.0,30.0,16.0,32.0,1500.0,2400.0,1300.0,4500.0,5.0,5.5,4.5,7.0,5.0,,20.0,20.0,,very bright,cloudy skies,very bright,light shade,deep (>>150 cm),medium (50-150 cm),medium,medium,high,moderate,low (<4 dS/m),low (<4 dS/m),well (dry spells),"poorly (saturated >50% of year), well (dry spells), excessive (dry/moderately dry)",,,short day (<12 hours),"tropical wet & dry (Aw), tropical wet (Ar)",,,,,270.0,330.0,original_rule,edible_flag,high,Camwood,1,,legume,0,,0,0
PP:1876,both,banksia integrifolia,exact_scientific_name,high,1876.0,Plant,https://permapeople.org/plants/banksia-integrifolia-coast-banksia,Banksia integrifolia,Coast Banksia,Proteaceae,,8-11,8.0,11.0,9.0,,Trees,1.0,Nectar,,,1.0,0.0,0.0,0.0,0.0,1.0,0.0,1.0,1.0,0.0,other_productive,1.0,"Edible == true, no more specific rule matched",3632,Banksia integrifolia,L. f,Magnoliopsida:Rosidae:Proteales:Proteaceae,,,"shrub, tree",erect,perennial,"single stem, multi stem","materials, ornamentals/turf, forest/wood, environmental",grown on small scale,18.0,32.0,10.0,37.0,850.0,1600.0,650.0,2000.0,5.0,6.5,4.5,7.0,16.0,61.0,40.0,40.0,1700.0,very bright,clear skies,very bright,cloudy skies,medium (50-150 cm),shallow (20-50 cm),"medium, light","heavy, medium, light",moderate,low,low (<4 dS/m),medium (4-10 dS/m),well (dry spells),"poorly (saturated >50% of year), well (dry spells), excessive (dry/moderately dry)",-10,-1.0,"short day (<12 hours), neutral day (12-14 hours), long day (>14 hours)","tropical wet & dry (Aw), subtropical humid (Cf)","wind, coastal salt spray",,,,180.0,240.0,original_rule,edible_flag,high,Coast Banksia,1,,other,0,,0,0
PP:1881,both,basella alba,exact_scientific_name,high,1881.0,Plant,https://permapeople.org/plants/basella-alba-malabar-spinach,Basella alba,Malabar Spinach,Basellaceae,Perennial,9-11,9.0,11.0,9.0,Fast,Vines,1.0,"Leaves, Shoots","Colouring, Tea",Dye,1.0,0.0,0.0,0.0,0.0,1.0,0.0,1.0,1.0,1.0,edible_vine,1.0,Layer contains 'Vine(s)' and Edible == true,504,Basella alba,L.,Magnoliopsida:Caryophyllidae:Caryophyllales:Basellaceae,Basella cordifolia,"Malabar spinach, white stem Malabar spinach, Ceylon spinach, Indian spinach, white vine spinach, vine spinach, Malabar nightshade, country spinach, bertalha vermelha, Malabarspinat, basela branca, bertalha branca, basela vermelha, melao de soldado, sabao de soldado",herb,climber/scrambler/scadent,"annual, perennial",multi stem,vegetables,grown on small scale,23.0,27.0,10.0,35.0,2000.0,2500.0,700.0,4200.0,5.5,7.0,4.3,7.5,5.0,,20.0,25.0,1500.0,clear skies,clear skies,very bright,cloudy skies,shallow (20-50 cm),shallow (20-50 cm),"medium, organic","heavy, medium, light",high,,low (<4 dS/m),low (<4 dS/m),well (dry spells),well (dry spells),,,"short day (<12 hours), neutral day (12-14 hours)","tropical wet & dry (Aw), tropical wet (Ar)",,,,,55.0,180.0,original_rule,edible_flag,high,Malabar Spinach,1,,leafy_herb,0,,0,0
PP:1891,both,melocanna baccifera,exact_scientific_name,high,1891.0,Plant,https://permapeople.org/plants/melocanna-baccifera-berry-bamboo-mali-bamboo,Melocanna baccifera,Berry Bamboo Mali bamboo,Poaceae,,10-12,10.0,12.0,15.0,Fast,Trees,1.0,"Fruit, Leaves, Shoots",Drink,"Weaving material, Biomass, Fiber, textiles",1.0,1.0,0.0,0.0,0.0,1.0,0.0,0.0,1.0,1.0,fruit_tree,1.0,Layer contains 'Tree' and Edible parts contains 'Fruit',7695,Melocanna baccifera,(Roxb.) Kurz.,Liliopsida:Commelinidae:Cyperales:Gramineae,,,grass,erect,perennial,"evergreen, multi stem","vegetables, materials",,20.0,33.0,15.0,38.0,2000.0,3000.0,600.0,4400.0,5.5,6.5,5.0,7.0,15.0,,25.0,40.0,,very bright,clear skies,clear skies,light shade,medium (50-150 cm),shallow (20-50 cm),"heavy, medium","heavy, medium, light",high,moderate,low (<4 dS/m),low (<4 dS/m),well (dry spells),"poorly (saturated >50% of year), well (dry spells)",,,short day (<12 hours),"tropical wet & dry (Aw), tropical wet (Ar)",,,,,300.0,365.0,original_rule,edible_flag,high,Berry Bamboo Mali bamboo,1,,fruit_tree,0,,0,0
PP:1899,both,thyrsostachys siamensis,exact_scientific_name,high,1899.0,Plant,https://permapeople.org/plants/thyrsostachys-siamensis-monastery-bamboo,Thyrsostachys siamensis,Monastery Bamboo,Poaceae,,9-12,9.0,12.0,10.0,Fast,Trees,1.0,Shoots,,"Weaving material, Biomass, Fire starter, Lumber, textiles, Wind breaker, Erosion control",1.0,0.0,0.0,0.0,0.0,1.0,0.0,1.0,1.0,1.0,other_productive,1.0,"Edible == true, no more specific rule matched",10436,Thyrsostachys siamensis,Ga.,Liliopsida:Commelinidae:Cyperales:Gramineae,,,grass,erect,perennial,"deciduous, multi stem",materials,,20.0,29.0,15.0,34.0,1000.0,2000.0,600.0,4500.0,6.0,6.5,5.5,7.0,15.0,,25.0,40.0,,clear skies,cloudy skies,clear skies,light shade,deep (>>150 cm),medium (50-150 cm),heavy,heavy,high,moderate,low (<4 dS/m),low (<4 dS/m),poorly (saturated >50% of year),"poorly (saturated >50% of year), well (dry spells)",,,short day (<12 hours),"tropical wet & dry (Aw), tropical wet (Ar)",,,,,300.0,365.0,original_rule,edible_flag,high,Monastery Bamboo,1,,other,0,,0,0
PP:1908,both,vigna angularis,exact_scientific_name,high,1908.0,Plant,https://permapeople.org/plants/vigna-angularis-adzuki-bean,Vigna angularis,Adzuki Bean,Fabaceae,Annual,10-12,10.0,12.0,0.8,Fast,,1.0,"Seed, Seedpod",Coffee,"Cosmetic, Cover crop, Hair, Erosion control, Nitrogen fixer",1.0,1.0,0.0,0.0,1.0,1.0,0.0,1.0,1.0,1.0,legume,1.0,Family == Fabaceae and Edible parts contains Seed/Pod,2147,Vigna angularis,(Willd.) Ohwi & H. Ohashi,Magnoliopsida:Rosidae:Fabales:Leguminosae,Phaseolus angularis (Willd.) Wight.,"adzuki bean, adsuki, atsuki atzuki, azuki bean, haricot adzuki, haricot à feuilles angulaires, haricot konde, nirikia, feijâo adzuki, frijol adzuki, frijol diablito, poroto arroz, adzukibohne, fagiolo adzuki, red  bean","herb, vine, sub-shrub","erect, climber/scrambler/scadent",annual,multi stem,"pulses (grain legumes), forage/pasture, medicinals & aromatic, environmental","grown on large scale, grown on small scale",15.0,30.0,5.0,36.0,900.0,1300.0,530.0,1800.0,5.5,6.5,5.0,7.5,40.0,35.0,45.0,48.0,1500.0,very bright,very bright,very bright,clear skies,medium (50-150 cm),medium (50-150 cm),"heavy, medium","heavy, medium, light",moderate,moderate,low (<4 dS/m),low (<4 dS/m),well (dry spells),well (dry spells),,,"short day (<12 hours), neutral day (12-14 hours)","tropical wet & dry (Aw), tropical wet (Ar), subtropical humid (Cf), subtropical dry summer (Cs), subtropical dry winter (Cw), temperate oceanic (Do), temperate continental (Dc), temperate with humid winters (Df), temperate with dry winters (Dw)",,,,"intermediate (animal drawn), large scale/commercial",60.0,190.0,original_rule,edible_flag,high,Adzuki Bean,1,,legume,0,,0,0
PP:1916,both,irvingia gabonensis,exact_scientific_name,high,1916.0,Plant,https://permapeople.org/plants/irvingia-gabonensis-dika-nut,Irvingia gabonensis,Dika Nut,Irvingiaceae,,10-12,10.0,12.0,30.0,Slow,Tall trees,1.0,"Fruit, Seed","Oil, Chocolate, Condiment, Drink","Dye, oil, textiles, Tannin, Teeth, Wax, Lumber",1.0,1.0,0.0,0.0,0.0,1.0,0.0,1.0,1.0,1.0,fruit_tree,1.0,Layer contains 'Tree' and Edible parts contains 'Fruit',6958,Irvingia gabonensis,(Aubry-Lecomte ex O'Rorke) Baill.,Magnoliopsida:Rosidae:Sapindales:Irvingiaceae,,"bush mango, African bush mango, wild mango, oba, ogbono",tree,erect,perennial,single stem,"forage/pasture, fruits & nuts, materials, medicinals & aromatic, forest/wood",,25.0,32.0,20.0,38.0,1500.0,3000.0,1200.0,3300.0,5.0,7.0,4.5,7.5,,,15.0,15.0,500.0,clear skies,very bright,light shade,very bright,deep (>>150 cm),deep (>>150 cm),"heavy, medium, light, wide, organic","heavy, medium, light, wide, organic",moderate,moderate,low (<4 dS/m),low (<4 dS/m),well (dry spells),well (dry spells),,,,"tropical wet & dry (Aw), tropical wet (Ar)",,,,,365.0,365.0,original_rule,edible_flag,high,Dika Nut,1,,fruit_tree,0,,0,0
PP:1918,both,ipomoea aquatica,exact_scientific_name,high,1918.0,Plant,https://permapeople.org/plants/ipomoea-aquatica-swamp-morning-glory,Ipomoea aquatica,Swamp Morning Glory,Convolvulaceae,"Annual, Perennial",7-12,7.0,12.0,0.5,Fast,,1.0,"Leaves, Root, Shoots",,"Animal feed, Soil reclamation",1.0,0.0,0.0,0.0,0.0,1.0,1.0,1.0,1.0,1.0,root_crop,1.0,Layer or Edible parts indicates Root/Tuber,1264,Ipomoea aquatica,Forskal,Magnoliopsida:Asteridae:Solanales:Convolvulaceae,"Ipomoea reptans (L.) Poir., Ipomoea repens Roth.","water spinach, swamp morning-glory, Chinese yung-tsai, kangkong","herb, vine",climber/scrambler/scadent,perennial,"evergreen, multi stem","forage/pasture, vegetables",grown on small scale,15.0,35.0,10.0,40.0,2000.0,2500.0,700.0,4200.0,5.0,7.0,4.3,7.5,10.0,10.0,30.0,30.0,,very bright,very bright,very bright,clear skies,shallow (20-50 cm),shallow (20-50 cm),"heavy, organic","heavy, medium, light",high,moderate,low (<4 dS/m),low (<4 dS/m),poorly (saturated >50% of year),"poorly (saturated >50% of year), well (dry spells)",,,short day (<12 hours),"tropical wet & dry (Aw), tropical wet (Ar), subtropical humid (Cf), subtropical dry summer (Cs), subtropical dry winter (Cw)",flooding,,,,30.0,70.0,original_rule,edible_flag,high,Swamp Morning Glory; kang kong,2,,leafy_herb,0,,0,0
PP:1926,both,lathyrus sativus,exact_scientific_name,high,1926.0,Plant,https://permapeople.org/plants/lathyrus-sativus-chickling-pea,Lathyrus sativus,Chickling Pea,Fabaceae or leguminosae,Annual,,,,0.6,,,1.0,"Leaves, Seed, Seedpod, Shoots",,"Cover crop, Erosion control, Nitrogen fixer",1.0,0.0,0.0,0.0,0.0,1.0,0.0,1.0,1.0,1.0,legume,1.0,Family == Fabaceae and Edible parts contains Seed/Pod,7164,Lathyrus sativus,L.,Magnoliopsida:Rosidae:Fabales:Leguminosae,,"grass pea, chickling pea, Indian vetch, chickling vetch, gesse blanche, gesette, chícaro común, almorta, alverjas, pisello bretonne, guaya, san lee dow, khesari, batura, gilban, matri, sebere, rough pea",herb,erect,annual,"multi stem, C3 photosynthesis","pulses (grain legumes), forage/pasture, environmental",grown on large scale,10.0,28.0,4.0,32.0,500.0,1300.0,320.0,3000.0,6.0,7.5,4.5,8.3,,,,,3500.0,very bright,very bright,very bright,cloudy skies,medium (50-150 cm),shallow (20-50 cm),"heavy, medium, light","heavy, medium, light",moderate,low,low (<4 dS/m),low (<4 dS/m),well (dry spells),"poorly (saturated >50% of year), well (dry spells), excessive (dry/moderately dry)",,,"neutral day (12-14 hours), long day (>14 hours)","steppe or semiarid (Bs), subtropical humid (Cf), subtropical dry summer (Cs), subtropical dry winter (Cw), temperate oceanic (Do), temperate continental (Dc), temperate with humid winters (Df), temperate with dry winters (Dw)",,,,,100.0,190.0,original_rule,edible_flag,high,Chickling Pea,1,,legume,0,,0,0
PP:1942,both,lepidium meyenii,exact_scientific_name,high,1942.0,Plant,https://permapeople.org/plants/lepidium-meyenii-maca,Lepidium meyenii,Maca,Brassicaceae or cruciferae,Perennial,,,,0.1,,,1.0,"Leaves, Root",,,1.0,1.0,0.0,0.0,0.0,1.0,0.0,1.0,1.0,1.0,root_crop,1.0,Layer or Edible parts indicates Root/Tuber,7220,Lepidium meyenii,Walpers,Magnoliopsida:Dilleniidae:Capparales:Cruciferae,"Lepidium peruvianum, Lepidium weddellii, Lepidium affine, Lepidium gelidum","pepper grass, pepper weed, pepperweed, maca, maca-maca, Peruvian ginseng, maka, mace, maino, ayak chichira, ayuk willku",herb,"prostrate/procumbent/semi-erect, acaulescent (or rosette plants)",perennial,single stem,roots/tubers,grown on small scale,12.0,18.0,3.0,22.0,600.0,800.0,500.0,1000.0,6.5,7.5,6.0,8.5,10.0,,20.0,,4500.0,very bright,very bright,very bright,clear skies,medium (50-150 cm),medium (50-150 cm),heavy,"heavy, medium",high,moderate,low (<4 dS/m),low (<4 dS/m),well (dry spells),well (dry spells),-20,-10.0,short day (<12 hours),"tropical wet & dry (Aw), tropical wet (Ar), steppe or semiarid (Bs)",,,,small scale (manual),180.0,270.0,original_rule,edible_flag,high,Maca,1,,root,0,,0,0
PP:1951,both,lens culinaris,exact_scientific_name,high,1951.0,Plant,https://permapeople.org/plants/lens-culinaris-lentil,Lens culinaris,Lentil,Fabaceae or leguminosae,Annual,7-12,7.0,12.0,0.5,,,1.0,"Seed, Seedpod",,"Fire starter, Cover crop, Nitrogen fixer",1.0,0.0,0.0,0.0,1.0,1.0,0.0,1.0,1.0,1.0,legume,1.0,Family == Fabaceae and Edible parts contains Seed/Pod,7209,Lens culinaris,Medikus,Magnoliopsida:Rosidae:Fabales:Leguminosae,"Ervum lens L., Lens esculenta","lentil, red dhal, split pea, lentille, lenteja, lenticchia, adas, mercimek, messer, masser, heramame, shimfa, missr, linse",herb,erect,annual,"multi stem, C3 photosynthesis","pulses (grain legumes), medicinals & aromatic",grown on large scale,15.0,29.0,5.0,32.0,600.0,1000.0,250.0,2500.0,5.5,7.5,4.5,8.2,30.0,10.0,45.0,55.0,3800.0,very bright,very bright,very bright,cloudy skies,medium (50-150 cm),shallow (20-50 cm),"heavy, medium","heavy, medium, light",moderate,low,low (<4 dS/m),medium (4-10 dS/m),well (dry spells),"well (dry spells), excessive (dry/moderately dry)",,,"neutral day (12-14 hours), long day (>14 hours)","tropical wet & dry (Aw), tropical wet (Ar), desert or arid (Bw), steppe or semiarid (Bs), subtropical humid (Cf), subtropical dry summer (Cs), subtropical dry winter (Cw), temperate oceanic (Do), temperate continental (Dc), temperate with humid winters (Df), temperate with dry winters (Dw)",,,,,70.0,240.0,original_rule,edible_flag,high,Lentil,1,,legume,1,عدس,0,0
PP:1952,both,pistacia lentiscus,exact_scientific_name,high,1952.0,Plant,https://permapeople.org/plants/pistacia-lentiscus-mastic-tree-pistachier-lentisque,Pistacia lentiscus,Mastic Tree - Pistachier Lentisque,Pistaciaceae,,8-9,8.0,9.0,5.0,Slow,Shrubs,1.0,,"Oil, Condiment, Gum","Gum, Microscope, oil, Resin, Tannin, Fragrance",1.0,0.0,0.0,0.0,1.0,1.0,0.0,1.0,1.0,1.0,other_productive,1.0,"Edible == true, no more specific rule matched",8690,Pistacia lentiscus,L.,Magnoliopsida:Rosidae:Sapindales:Anacardiaceae,,"mastic tree, lentisk, mastich, pistachio, lentisque, mastikboom, lentisco, mastixbaum, mastixstrauch, lentisco verdadeiro, almacegueira, daro, daroeira, aroeira da praia, mastiktræ","shrub, tree",erect,perennial,"evergreen, multi stem","ornamentals/turf, medicinals & aromatic, environmental","grown on small scale, harvested from wild",18.0,24.0,12.0,40.0,400.0,800.0,200.0,2000.0,6.5,8.0,6.0,8.5,30.0,25.0,40.0,60.0,500.0,very bright,very bright,cloudy skies,very bright,deep (>>150 cm),medium (50-150 cm),light,"medium, light",moderate,low,low (<4 dS/m),low (<4 dS/m),well (dry spells),"well (dry spells), excessive (dry/moderately dry)",-9,-1.0,,"subtropical dry summer (Cs), temperate oceanic (Do)",fire,,,small scale (manual),0.0,0.0,original_rule,edible_flag,high,Mastic Tree - Pistachier Lentisque,1,,other,0,,0,0
PP:1975,both,metroxylon sagu,exact_scientific_name,high,1975.0,Plant,https://permapeople.org/plants/metroxylon-sagu-sago-palm,Metroxylon sagu,Sago Palm,Arecaceae,,11-12,11.0,12.0,10.0,Medium,Trees,1.0,"Apical bud, Fruit, Stem",,"Alcohol, Fencing, Fertilizer, Fiber, Animal feed, Fire starter, Nails, textiles, Wind breaker, Erosion control, Weaving material, Lumber",1.0,0.0,0.0,0.0,0.0,1.0,1.0,1.0,1.0,1.0,fruit_tree,1.0,Layer contains 'Tree' and Edible parts contains 'Fruit',1466,Metroxylon sagu,Rottb.,Liliopsida:Arecidae:Arecales:Palmae,"Metroxylon rumphii (Willd.) Mart., Metroxylon rumphii Mart","sago palm, true sago palm, sago, sagoutier, sagopalme, pohon, ambulung, kirai (Sudan), saksak",tree,erect,perennial,"evergreen, single stem","vegetables, forest/wood",grown on large scale,25.0,36.0,18.0,40.0,3000.0,4500.0,2100.0,5800.0,5.5,6.5,4.5,8.5,,,,,700.0,very bright,very bright,very bright,clear skies,deep (>>150 cm),medium (50-150 cm),"heavy, medium","heavy, medium, light, organic",high,moderate,low (<4 dS/m),medium (4-10 dS/m),poorly (saturated >50% of year),"poorly (saturated >50% of year), well (dry spells)",10,0.0,"short day (<12 hours), neutral day (12-14 hours), long day (>14 hours)",tropical wet (Ar),,,,,365.0,365.0,original_rule,edible_flag,high,Sago Palm,1,,fruit_tree,0,,0,0
PP:1985,both,pentaclethra macrophylla,exact_scientific_name,high,1985.0,Plant,https://permapeople.org/plants/pentaclethra-macrophylla-african-oil-bean-oil-bean-tree,Pentaclethra macrophylla,African Oil Bean Oil Bean Tree,Fabaceae,,10-12,10.0,12.0,30.0,Fast,Tall trees,1.0,"Seed, Seedpod","Oil, Salt","Crafting, Fire starter, Fencing, Lighting, Mordant, Mulch, oil, Soap making, Soil conditioner, Lumber, Coppice, Nitrogen fixer",1.0,1.0,0.0,0.0,0.0,1.0,0.0,0.0,1.0,1.0,legume,1.0,Family == Fabaceae and Edible parts contains Seed/Pod,8432,Pentaclethra macrophylla,Benth.,Magnoliopsida:Rosidae:Fabales:Leguminosae,,,tree,erect,perennial,single stem,"forage/pasture, fruits & nuts, materials, ornamentals/turf, medicinals & aromatic, forest/wood, environmental",,24.0,30.0,18.0,34.0,1800.0,2200.0,1000.0,2700.0,4.5,5.5,4.0,6.5,,,16.0,18.0,,very bright,cloudy skies,very bright,light shade,deep (>>150 cm),deep (>>150 cm),medium,medium,moderate,moderate,low (<4 dS/m),low (<4 dS/m),well (dry spells),"poorly (saturated >50% of year), well (dry spells)",,,short day (<12 hours),"tropical wet & dry (Aw), tropical wet (Ar)",,,,,270.0,365.0,original_rule,edible_flag,high,African Oil Bean Oil Bean Tree,1,,legume,0,,0,0
PP:1986,both,prosopis tamarugo,exact_scientific_name,high,1986.0,Plant,https://permapeople.org/plants/prosopis-tamarugo-tamarugo,Prosopis tamarugo,Tamarugo,Fabaceae,,10-12,10.0,12.0,12.0,Fast,Trees,1.0,Seedpod,,Animal feed,1.0,0.0,0.0,0.0,1.0,1.0,0.0,1.0,1.0,1.0,other_productive,1.0,"Edible == true, no more specific rule matched",8958,Prosopis tamarugo,F. Philippi,Magnoliopsida:Rosidae:Fabales:Leguminosae,,,tree,erect,perennial,"deciduous, single stem, C3 photosynthesis","forage/pasture, vegetables, forest/wood, environmental, weed",,18.0,32.0,8.0,36.0,150.0,250.0,100.0,300.0,7.0,8.0,6.5,8.5,18.0,18.0,35.0,43.0,2500.0,very bright,very bright,very bright,very bright,deep (>>150 cm),medium (50-150 cm),"medium, light","medium, light",low,low,low (<4 dS/m),high (>10 dS/m)),"poorly (saturated >50% of year), well (dry spells)","poorly (saturated >50% of year), well (dry spells), excessive (dry/moderately dry)",-12,-1.0,short day (<12 hours),"desert or arid (Bw), steppe or semiarid (Bs), subtropical humid (Cf), subtropical dry summer (Cs)",,,can become a weed,,60.0,120.0,original_rule,edible_flag,high,Tamarugo,1,,other,0,,0,0
PP:1997,both,elaeis guineensis,exact_scientific_name,high,1997.0,Plant,https://permapeople.org/plants/elaeis-guineensis-african-oil-palm,Elaeis guineensis,African Oil Palm,Arecaceae,,10-12,10.0,12.0,15.0,Slow,Tall trees,1.0,"Apical bud, Sap, Seed","Oil, Drink","Weaving material, Crafting, Cosmetic, Fencing, Fertilizer, Fiber, Fire starter, Hair, oil, textiles, Preservative, Resin, Soap",1.0,0.0,0.0,0.0,0.0,1.0,1.0,1.0,1.0,1.0,other_productive,1.0,"Edible == true, no more specific rule matched",972,Elaeis guineensis,Jacq.,Liliopsida:Arecidae:Arecales:Palmae,Elaeis melanococca J. Gaertn.,"oil palm, palmier à huile, palma aceitera, palma de aceite, dende, Ölpalme, youzonglu, nahkhil al zite, oilepalme, olie palm, kelapa sawit",tree,erect,perennial,"evergreen, single stem","forage/pasture, materials","grown on large scale, grown on small scale, harvested from wild",20.0,35.0,12.0,38.0,1500.0,3000.0,1000.0,8000.0,4.5,6.0,3.2,8.0,,,10.0,20.0,1300.0,very bright,very bright,very bright,cloudy skies,deep (>>150 cm),medium (50-150 cm),"heavy, medium","heavy, medium, light",high,moderate,low (<4 dS/m),low (<4 dS/m),well (dry spells),well (dry spells),,,"short day (<12 hours), neutral day (12-14 hours), long day (>14 hours)","tropical wet & dry (Aw), tropical wet (Ar)",,wind,,"small scale (manual), large scale/commercial",300.0,365.0,original_rule,edible_flag,high,African Oil Palm,1,,other,0,,0,0
PP:1998,both,eleocharis dulcis,exact_scientific_name,high,1998.0,Plant,https://permapeople.org/plants/eleocharis-dulcis-chinese-water-chestnut,Eleocharis dulcis,Chinese Water Chestnut,Cyperaceae,Perennial,9-12,9.0,12.0,1.0,,,1.0,Root,Salt,"Fiber, Weaving material",1.0,0.0,0.0,0.0,0.0,0.0,1.0,1.0,1.0,1.0,root_crop,1.0,Layer or Edible parts indicates Root/Tuber,2494,Eleocharis dulcis,(Burm.f.) ex Henschel,Liliopsida:Commelinidae:Cyperales:Cyperaceae,,Edible spike rush,herb,,annual,multi stem,materials,,23.0,29.0,15.0,34.0,1600.0,2000.0,1300.0,4000.0,6.9,7.3,6.5,7.6,,,,,1200.0,very bright,very bright,very bright,cloudy skies,shallow (20-50 cm),shallow (20-50 cm),heavy,heavy,high,,low (<4 dS/m),,poorly (saturated >50% of year),poorly (saturated >50% of year),5,5.0,short day (<12 hours),"tropical wet & dry (Aw), tropical wet (Ar), subtropical humid (Cf), subtropical dry summer (Cs), subtropical dry winter (Cw)",flooding,,,,200.0,240.0,original_rule,edible_flag,high,Chinese Water Chestnut,1,,root,0,,0,0
PP:2012,both,elymus canadensis,exact_scientific_name,high,2012.0,Plant,https://permapeople.org/plants/elymus-canadensis-canadian-wild-rye,Elymus canadensis,Canadian Wild Rye,Poaceae or gramineae,Perennial,3-7,3.0,7.0,0.8,,,1.0,Seed,,Erosion control,1.0,0.0,0.0,0.0,0.0,1.0,0.0,1.0,1.0,1.0,other_productive,1.0,"Edible == true, no more specific rule matched",5661,Elymus canadensis,L.,Liliopsida:Commelinidae:Cyperales:Gramineae,,,grass,,perennial,multi stem,"forage/pasture, environmental",,10.0,22.0,2.0,27.0,500.0,1000.0,350.0,1280.0,5.5,6.5,5.0,8.2,40.0,40.0,60.0,60.0,,very bright,clear skies,very bright,cloudy skies,medium (50-150 cm),shallow (20-50 cm),light,"medium, light",moderate,low,low (<4 dS/m),low (<4 dS/m),"well (dry spells), excessive (dry/moderately dry)","poorly (saturated >50% of year), well (dry spells), excessive (dry/moderately dry)",-10,-1.0,long day (>14 hours),"steppe or semiarid (Bs), subtropical dry summer (Cs), temperate oceanic (Do), temperate continental (Dc), temperate with humid winters (Df), temperate with dry winters (Dw)",,,,,90.0,180.0,original_rule,edible_flag,high,Canadian Wild Rye,1,,other,0,,0,0
PP:2040,both,genista tinctoria,exact_scientific_name,high,2040.0,Plant,https://permapeople.org/plants/genista-tinctoria-dyer-s-greenweed,Genista tinctoria,Dyer's Greenweed,Fabaceae or leguminosae,,4-7,4.0,7.0,0.6,Medium,Shrubs,1.0,Leaves,"Coffee, Condiment","Dye, Fiber, Ground cover, Nitrogen fixer",1.0,0.0,0.0,0.0,1.0,1.0,0.0,1.0,1.0,0.0,vegetable,1.0,Edible parts contains Leaves/Stem/Flowers,6401,Genista tinctoria,L.,Magnoliopsida:Rosidae:Fabales:Leguminosae,,"dyer's-greenweed, green broom, base broom, kendal green, woas-waxen, piorno, piorno dos tintureiros",shrub,erect,perennial,multi stem,"materials, ornamentals/turf, medicinals & aromatic",,14.0,20.0,6.0,26.0,600.0,900.0,520.0,1100.0,5.5,6.5,4.5,7.5,38.0,36.0,53.0,55.0,1500.0,very bright,cloudy skies,very bright,light shade,shallow (20-50 cm),shallow (20-50 cm),light,"medium, light",low,low,low (<4 dS/m),low (<4 dS/m),"well (dry spells), excessive (dry/moderately dry)","well (dry spells), excessive (dry/moderately dry)",-5,-1.0,long day (>14 hours),"subtropical humid (Cf), subtropical dry summer (Cs), subtropical dry winter (Cw), temperate oceanic (Do), temperate continental (Dc), temperate with humid winters (Df), temperate with dry winters (Dw)",,,,,120.0,210.0,original_rule,edible_flag,high,Dyer's Greenweed,1,,leafy_herb,0,,0,0
PP:2084,both,eleusine coracana,species_binomial_inheritance,medium,2084.0,Plant,https://permapeople.org/plants/eleusine-coracana-finger-millet,Eleusine coracana,Finger Millet,Poaceae or gramineae,Annual,8-11,8.0,11.0,0.3,,,1.0,Seed,,,1.0,0.0,0.0,0.0,0.0,1.0,0.0,1.0,1.0,1.0,other_productive,1.0,"Edible == true, no more specific rule matched",5657,Eleusine coracana ssp. coracana,(L.) Gaertn.,Liliopsida:Commelinidae:Cyperales:Gramineae,,"finger millet, African millet, koracan, kurakkan, petit mil, eleusine cultivee, coracan, ragi, tailabon, vogel gierst, wimbi, ulezi, bule, Fingerhirse, dagussa, tokuso, tocusso, barankiya, mugimbi, ceyut, koddo, mawere (Malawi), lipoko (Malawi), usanje (Malawi), khakwe (Malawi), mulimbi (Malawi), lupodo (Malawi), malesi (Malawi), mawe (Malawi), mwimbi (Tanzania), mbege (Tanzania), bulo (Uganda), kambale (Zambia), lupoko (Zambia), mawele (Zambia), majolothi (Zambia), amale (Zambia), bule (Zambia), rapoko (Zimbabwe), zviyo (Zimbabwe), njera (Zimbabwe), rukweza (Zimbabwe), mazhovole (Zimbabwe), uphoko (Zimbabwe), Poho (Zimbabwe)",grass,"erect, prostrate/procumbent/semi-erect",annual,"multi stem, C4 photosynthesis","cereals & pseudocereals, forage/pasture, environmental",grown on large scale,18.0,30.0,8.0,35.0,500.0,1100.0,300.0,4300.0,6.0,7.0,5.5,8.2,,,20.0,35.0,2500.0,very bright,very bright,very bright,clear skies,medium (50-150 cm),shallow (20-50 cm),medium,"heavy, medium, light",moderate,low,low (<4 dS/m),medium (4-10 dS/m),well (dry spells),"well (dry spells), excessive (dry/moderately dry)",,,"short day (<12 hours), neutral day (12-14 hours)","tropical wet & dry (Aw), desert or arid (Bw), steppe or semiarid (Bs), subtropical humid (Cf), subtropical dry summer (Cs), subtropical dry winter (Cw)",,,,,75.0,180.0,original_rule,edible_flag,high,Finger Millet,1,,other,0,,0,0
PP:2086,both,eleusine indica,exact_scientific_name,high,2086.0,Plant,https://permapeople.org/plants/eleusine-indica-wire-grass,Eleusine indica,Wire Grass,Poaceae or gramineae,Annual,8-11,8.0,11.0,0.5,Fast,,1.0,"Leaves, Root, Seed",,"Weaving material, textiles",1.0,0.0,0.0,0.0,0.0,1.0,0.0,1.0,1.0,1.0,root_crop,1.0,Layer or Edible parts indicates Root/Tuber,985,Eleusine indica,(L.) Gaertn.,Liliopsida:Commelinidae:Cyperales:Gramineae,,"goose foot, crab grass, crow's foot, te uteute, chapra",grass,prostrate/procumbent/semi-erect,annual,multi stem,"cereals & pseudocereals, forage/pasture, vegetables, environmental, weed",grown on small scale,20.0,26.0,6.0,35.0,500.0,1200.0,450.0,4300.0,5.5,6.5,4.3,8.4,,,,,2000.0,very bright,clear skies,very bright,cloudy skies,medium (50-150 cm),shallow (20-50 cm),light,"medium, light",high,moderate,low (<4 dS/m),medium (4-10 dS/m),well (dry spells),"well (dry spells), excessive (dry/moderately dry)",,,short day (<12 hours),"tropical wet & dry (Aw), tropical wet (Ar), steppe or semiarid (Bs), subtropical humid (Cf), subtropical dry summer (Cs), temperate oceanic (Do), temperate continental (Dc), temperate with humid winters (Df), temperate with dry winters (Dw)",drought,,can become a weed,,120.0,150.0,original_rule,edible_flag,high,Wire Grass,1,,leafy_herb,0,,0,0
PP:2120,both,betula pubescens,exact_scientific_name,high,2120.0,Plant,https://permapeople.org/plants/betula-pubescens-white-birch,Betula pubescens,White Birch,Betulaceae,,,,,20.0,Fast,Tall trees,1.0,"Flowers, Inner bark, Leaves, Sap",Tea,"Adhesive, Crafting, Fire starter, Compost, Dye, Essential Oil, Fiber, antifungal, textiles, Pioneer, Polish, Tannin, Waterproofing, Lumber, Dynamic accumulator, Fragrance",1.0,0.0,0.0,0.0,1.0,1.0,1.0,1.0,1.0,1.0,vegetable,1.0,Edible parts contains Leaves/Stem/Flowers,3722,Betula pubescens,Ehrh.,Magnoliopsida:Hamamelidae:Fagales:Betulaceae,,"downy birch, Irish beith, brown birch, bedulo, Cortex Betulae",tree,erect,perennial,"deciduous, single stem","vegetables, materials, ornamentals/turf, medicinals & aromatic, forest/wood, environmental",,10.0,18.0,6.0,26.0,400.0,900.0,200.0,1100.0,4.5,7.5,4.0,8.0,44.0,40.0,68.0,70.0,2000.0,clear skies,very bright,cloudy skies,very bright,deep (>>150 cm),shallow (20-50 cm),"medium, organic","heavy, medium, organic",moderate,low,low (<4 dS/m),low (<4 dS/m),"poorly (saturated >50% of year), well (dry spells)","poorly (saturated >50% of year), well (dry spells)",-40,0.0,,"temperate oceanic (Do), temperate continental (Dc), boreal (E)","wind, flooding",,,,0.0,0.0,original_rule,edible_flag,high,White Birch,1,,leafy_herb,0,,0,0
PP:2138,both,acacia angustissima,exact_scientific_name,high,2138.0,Plant,https://permapeople.org/plants/acacia-angustissima-prairie-acacia-timbre-fernleaf-acacia,Acacia angustissima,Prairie acacia Timbre Fernleaf Acacia,Fabaceae,,7-10,7.0,10.0,5.0,Fast,Trees,1.0,"Inner bark, Seedpod",,"Biomass, Mulch, Pioneer, Soil reclamation, Tannin",1.0,0.0,0.0,0.0,1.0,1.0,0.0,1.0,1.0,1.0,other_productive,1.0,"Edible == true, no more specific rule matched",126290,Acacia angustissima,,,,,"shrub, tree",erect,perennial,"single stem, multi stem",forage/pasture,harvested from wild,25.0,30.0,20.0,35.0,1000.0,2500.0,800.0,3000.0,5.0,6.5,4.5,7.5,10.0,,30.0,30.0,2800.0,cloudy skies,very bright,light shade,very bright,medium (50-150 cm),shallow (20-50 cm),"heavy, medium, light, wide","heavy, medium, light, wide",moderate,low,,,well (dry spells),poorly (saturated >50% of year),,,,"tropical wet & dry (Aw), tropical wet (Ar)","fire, grazing/browsing",,,,0.0,0.0,original_rule,edible_flag,high,Prairie acacia Timbre Fernleaf Acacia,1,,other,0,,0,0
PP:2139,both,acacia aneura,exact_scientific_name,high,2139.0,Plant,https://permapeople.org/plants/acacia-aneura-mulga-acacia,Acacia aneura,Mulga Acacia,Fabaceae or leguminosae,,8-11,8.0,11.0,15.0,Slow,Tall trees,1.0,"Flowers, Seed","Manna, Drink, Gum","Crafting, Dye, Gum, Erosion control, Lumber, Nitrogen fixer",1.0,0.0,0.0,0.0,1.0,1.0,0.0,1.0,1.0,0.0,legume,1.0,Family == Fabaceae and Edible parts contains Seed/Pod,2579,Acacia aneura,F. Muell.,Magnoliopsida:Rosidae:Fabales:Leguminosae,"Acacia brachystachya, Acacia cibaria","Mulga, Yarran, Umbrella mulga, Turpentine Mulga","shrub, tree",erect,perennial,"deciduous, single stem, multi stem","fruits & nuts, forest/wood, environmental","grown on small scale, harvested from wild",20.0,34.0,8.0,46.0,250.0,450.0,150.0,550.0,5.5,7.0,4.5,7.5,20.0,18.0,32.0,34.0,1000.0,very bright,very bright,very bright,clear skies,medium (50-150 cm),shallow (20-50 cm),light,"heavy, medium, light",low,low,low (<4 dS/m),low (<4 dS/m),well (dry spells),well (dry spells),-7,0.0,"short day (<12 hours), neutral day (12-14 hours), long day (>14 hours)","desert or arid (Bw), steppe or semiarid (Bs)",,,,,60.0,180.0,original_rule,edible_flag,high,Mulga Acacia,1,,legume,0,,0,0
PP:2156,both,agave sisalana,exact_scientific_name,high,2156.0,Plant,https://permapeople.org/plants/agave-sisalana-sisal,Agave sisalana,Sisal,Asparagaceae,Perennial,9-11,9.0,11.0,2.0,Fast,,1.0,"Leaves, Root, Sap, Shoots",,"Compost, Fiber, Hedgerow, Mulch, Crafting, textiles, Erosion control",1.0,1.0,0.0,0.0,1.0,1.0,0.0,1.0,1.0,1.0,root_crop,1.0,Layer or Edible parts indicates Root/Tuber,339,Agave sisalana,Perrine ex Engelm.,Liliopsida:Liliidae:Asparagales:Agavaceae,Agave rigida var. sisalana Engelmann,"sisal hemp, Bahama hemp, dali, agave, sisal., ndali, natali (Fiji)",herb,"erect, acaulescent (or rosette plants)",perennial,"evergreen, single stem","materials, environmental",grown on large scale,15.0,27.0,10.0,45.0,900.0,1250.0,500.0,1800.0,6.0,7.5,5.5,8.0,10.0,10.0,25.0,25.0,2000.0,very bright,clear skies,very bright,cloudy skies,medium (50-150 cm),shallow (20-50 cm),"medium, light","heavy, medium, light",moderate,low,low (<4 dS/m),low (<4 dS/m),well (dry spells),"well (dry spells), excessive (dry/moderately dry)",-5,-5.0,short day (<12 hours),"tropical wet & dry (Aw), subtropical humid (Cf), subtropical dry summer (Cs), subtropical dry winter (Cw)",,,,,150.0,270.0,original_rule,edible_flag,high,Sisal,1,,leafy_herb,0,,0,0
PP:2160,both,agave cantala,species_binomial_inheritance,medium,2160.0,Plant,https://permapeople.org/plants/agave-cantala-agave-agave,Agave cantala agave,Agave,Asparagaceae,Perennial,9-12,9.0,12.0,2.0,Fast,,1.0,"Shoots, Stem",,,1.0,0.0,0.0,0.0,1.0,1.0,0.0,1.0,1.0,1.0,vegetable,1.0,Edible parts contains Leaves/Stem/Flowers,2894,Agave cantala,Roxb.,Liliopsida:Liliidae:Asparagales:Agavaceae,,"cantala, Bombay aloe, Cebu maguey, Manila maguey",herb,acaulescent (or rosette plants),perennial,"evergreen, single stem","materials, environmental",grown on small scale,17.0,30.0,10.0,38.0,1000.0,2000.0,400.0,2700.0,6.5,7.5,6.0,8.0,,,,,,very bright,clear skies,very bright,cloudy skies,medium (50-150 cm),shallow (20-50 cm),"medium, light","heavy, medium, light, organic",high,low,low (<4 dS/m),low (<4 dS/m),well (dry spells),"poorly (saturated >50% of year), well (dry spells), excessive (dry/moderately dry)",,,short day (<12 hours),tropical wet & dry (Aw),,,,,150.0,330.0,original_rule,edible_flag,high,Agave,1,,leafy_herb,0,,0,0
PP:2183,both,pachyrhizus erosus,exact_scientific_name,high,2183.0,Plant,https://permapeople.org/plants/pachyrhizus-erosus-yam-bean,Pachyrhizus erosus,Yam Bean,Fabaceae,Perennial,9-12,9.0,12.0,6.0,Fast,Vines,1.0,"Root, Seedpod",,"Cover crop, Pest control, Nitrogen fixer",1.0,0.0,0.0,0.0,0.0,1.0,0.0,1.0,1.0,1.0,root_crop,1.0,Layer or Edible parts indicates Root/Tuber,1582,Pachyrhizus erosus,(L.) Urban,Magnoliopsida:Rosidae:Fabales:Leguminosae,"Pachyrrhizus erosus (L.) Urban, Pachyrhizus angulatus Rich. ex DC. nom. illeg., Pachyrhizus bulbosus Kurz. nom. illeg., Pachyrrhizus bulbosus (L.) Kurz., Cacara erosa Kuntze., Dolichos bulbosus L., Dolichos erosus L.","Wayaka yam bean, Mexican yam bean, yam bean, Mexican turnip, chop-suey bean, manioc bean, three-lobed-leaved yam bean, four-lobed-root yam bean, singkamas, dolique bulbeuse, pois patate, pois manioc, pais patate, feijao batata, jacatupe', jacutupe', paquirrizo, jicama, ahipa, judía batata, jiquima, knollige bohne, yambohne, yamsbohne, fagiolo patata, dolico bulboso, sankalu, mishrikand, sinkamas, sakalu, pre myit, fan-ko, sha ge, sha got, sha kot, dou shu, liang shu, tu gua, bai tu gua, fan ge, yamsbønne, bengkoewang, hoewi iris, hoewi hiris, mame imo, pe'kuëk, man ph'au, bengkuang, kacang sengkuang, mengkuwang, sengkuang, sengkuwang, besusu, jacatupé, jacutupé, jocotupé, bangkowang, bangkooang, iguama, tani uttan kai, man kaeo, huapaekua, man lao, köklü böyrüce, curdau, san, cu san","herb, vine",climber/scrambler/scadent,"annual, perennial",multi stem,"pulses (grain legumes), roots/tubers, forage/pasture, environmental","grown on large scale, grown on small scale",20.0,30.0,15.0,36.0,1300.0,1700.0,250.0,7000.0,6.5,8.0,4.3,8.0,10.0,,20.0,25.0,1750.0,clear skies,very bright,cloudy skies,very bright,deep (>>150 cm),medium (50-150 cm),"medium, light","heavy, medium, light, wide, organic",high,low,low (<4 dS/m),low (<4 dS/m),,,,,"short day (<12 hours), neutral day (12-14 hours)","tropical wet & dry (Aw), tropical wet (Ar), steppe or semiarid (Bs), subtropical humid (Cf), subtropical dry summer (Cs), subtropical dry winter (Cw)",,,,"home garden, small scale (manual)",0.0,0.0,original_rule,edible_flag,high,Yam Bean,1,,root,0,,1,0
PP:2187,both,emilia sonchifolia,exact_scientific_name,high,2187.0,Plant,https://permapeople.org/plants/emilia-sonchifolia-cupid-s-shaving-brush,Emilia sonchifolia,Cupid's Shaving Brush,Asteraceae or compositae,Annual,8-11,8.0,11.0,0.6,,,1.0,"Leaves, Shoots",,,1.0,0.0,0.0,0.0,0.0,1.0,0.0,1.0,1.0,1.0,vegetable,1.0,Edible parts contains Leaves/Stem/Flowers,988,Emilia sonchifolia,(L.) DC.,Magnoliopsida:Asteridae:Asterales:Compositae,,"red tasselflower, purple sow thistle",herb,prostrate/procumbent/semi-erect,annual,multi stem,"vegetables, medicinals & aromatic, weed",,20.0,30.0,10.0,40.0,1000.0,2000.0,500.0,4000.0,4.5,6.5,4.0,7.0,,,,,3000.0,very bright,cloudy skies,very bright,light shade,medium (50-150 cm),shallow (20-50 cm),"heavy, medium, light","heavy, medium, light",moderate,low,low (<4 dS/m),low (<4 dS/m),well (dry spells),,,,short day (<12 hours),"tropical wet & dry (Aw), tropical wet (Ar)",,,can become a weed,,90.0,365.0,original_rule,edible_flag,high,Cupid's Shaving Brush,1,,leafy_herb,0,,0,0
PP:2208,both,balanites aegyptiaca,exact_scientific_name,high,2208.0,Plant,https://permapeople.org/plants/balanites-aegyptiaca-desert-date-desert-date,Balanites aegyptiaca,Desert Date Desert date,Zygophyllaceae,,10-12,10.0,12.0,6.0,Slow,Trees,1.0,"Flowers, Fruit, Leaves, Seed, Shoots, Stem","Oil, Drink","Adhesive, Crafting, Biomass, Fire starter, Fencing, Fiber, Animal feed, Hedgerow, oil, Resin, Wind breaker, Soap making, Lumber, Coppice",1.0,0.0,0.0,0.0,0.0,1.0,1.0,1.0,1.0,1.0,fruit_tree,1.0,Layer contains 'Tree' and Edible parts contains 'Fruit',3608,Balanites aegyptiaca,(L.) Delile,Magnoliopsida:Rosidae:Sapindales:Zygophyllaceae,"Balanites zizyphoides, Ximenia aegyptiaca, Agialida senegalensis, Agialida barteri, Balanites aegyptica","desert date, bito tree, heglig, balanita, lolab tree, loba, shashoba, tau, saronga, q-og-g-ogat, hankalta (Konsogna), baddanno (Oromiffaa), badana (Amargna), guasa (Amargna), kullan, archnu (Lybia), merwa tree","shrub, tree",erect,perennial,"semi evergreen, deciduous, multi stem","fruits & nuts, medicinals & aromatic, weed",harvested from wild,20.0,35.0,15.0,41.0,300.0,800.0,200.0,1700.0,7.0,8.0,6.5,8.5,,,25.0,25.0,2300.0,very bright,very bright,very bright,clear skies,deep (>>150 cm),shallow (20-50 cm),"heavy, medium","heavy, medium, light",low,low,low (<4 dS/m),low (<4 dS/m),well (dry spells),"poorly (saturated >50% of year), well (dry spells), excessive (dry/moderately dry)",,,short day (<12 hours),"tropical wet & dry (Aw), desert or arid (Bw), steppe or semiarid (Bs), subtropical dry summer (Cs)",,,,,90.0,180.0,original_rule,edible_flag,high,Desert Date Desert date,1,,fruit_tree,0,,0,0
PP:2220,both,sonneratia caseolaris,exact_scientific_name,high,2220.0,Plant,https://permapeople.org/plants/sonneratia-caseolaris-firefly-mangrove,Sonneratia caseolaris,Firefly mangrove,Lythraceae,,10-12,10.0,12.0,15.0,Medium,Tall trees,1.0,"Fruit, Leaves",Pectin,"Fire starter, Lumber, Pest control, Pectin, Pioneer, Erosion control, Tannin",1.0,0.0,0.0,0.0,0.0,1.0,1.0,1.0,1.0,1.0,fruit_tree,1.0,Layer contains 'Tree' and Edible parts contains 'Fruit',1978,Sonneratia caseolaris,(L.) Engl.,Magnoliopsida:Rosidae:Myrtales:Sonneratiaceae,"Rhizophora caseolaris L., Sonneratia acida L.f., Sonneratia lanceolata Blume","firefly mangrove, mangrove","shrub, tree",erect,perennial,"evergreen, single stem, multi stem","fruits & nuts, materials, medicinals & aromatic, forest/wood",,20.0,30.0,10.0,38.0,1500.0,2500.0,1000.0,3000.0,6.7,7.3,6.5,7.5,,,20.0,20.0,,very bright,clear skies,very bright,cloudy skies,deep (>>150 cm),medium (50-150 cm),heavy,"heavy, medium, light",high,moderate,medium (4-10 dS/m),high (>10 dS/m)),poorly (saturated >50% of year),poorly (saturated >50% of year),,,short day (<12 hours),"tropical wet & dry (Aw), tropical wet (Ar)",flooding,,,,330.0,365.0,original_rule,edible_flag,high,Firefly mangrove,1,,fruit_tree,0,,0,0
PP:2227,both,murraya koenigii,exact_scientific_name,high,2227.0,Plant,https://permapeople.org/plants/murraya-koenigii-curry-tree,Murraya koenigii,Curry tree,Rutaceae,,10-12,10.0,12.0,4.0,Medium,Trees,1.0,"Fruit, Leaves",Oil,"Containers, Hair, Hedgerow, Houseplant, oil",1.0,1.0,0.0,0.0,1.0,1.0,0.0,1.0,1.0,1.0,fruit_tree,1.0,Layer contains 'Tree' and Edible parts contains 'Fruit',7846,Murraya koenigii,(L.) Spreng.,Magnoliopsida:Rosidae:Sapindales:Rutaceae,,"barsunga, pindosin, pyim daw thein, karry blad, kerriebladeren, curry leaves, nim leaves, feuilles de Cari, feuilles de curry, caloupilé (Réunion), carripoulé (Ile Maurice), Curryblätter, mitho limdo, meetha neem, kari patta, katneem, bursunga, curry levelek, karrílauf, daun kari, fogli di Cari, karibevu, khi be, daun kari pla, karupillam, kareapela, karipat, karhi patta, basango, bowala, girinimba, suravi, karapincha, hoja, bizari, mchuzi, bignay, karuvepila, karuveppilai, karepeku, karivepaku, bai karee, chalcas koenigii","shrub, tree",erect,perennial,"single stem, multi stem","materials, medicinals & aromatic",,27.0,41.0,8.0,47.0,1400.0,1800.0,500.0,2500.0,5.5,6.5,5.0,7.0,,,,,,very bright,clear skies,very bright,cloudy skies,medium (50-150 cm),medium (50-150 cm),"medium, light","heavy, medium, light",low,low,low (<4 dS/m),low (<4 dS/m),well (dry spells),"well (dry spells), excessive (dry/moderately dry)",,,"short day (<12 hours), neutral day (12-14 hours), long day (>14 hours)",tropical wet & dry (Aw),,,,,150.0,300.0,original_rule,edible_flag,high,Curry tree,1,,fruit_tree,0,,0,0
PP:2230,both,trichanthera gigantea,exact_scientific_name,high,2230.0,Plant,https://permapeople.org/plants/trichanthera-gigantea-giant-trichanthera,Trichanthera gigantea,Giant trichanthera,Acanthaceae,,10-12,10.0,12.0,5.0,Fast,Trees,1.0,Shoots,,"Fire starter, Fencing, Animal feed, Hedgerow, Pioneer, Erosion control, Lumber, Coppice, Nitrogen fixer",1.0,1.0,0.0,0.0,0.0,1.0,0.0,1.0,1.0,1.0,other_productive,1.0,"Edible == true, no more specific rule matched",372262,Trichanthera gigantea,,,,,"shrub, tree",erect,perennial,"deciduous, single stem, multi stem","forage/pasture, medicinals & aromatic, environmental",grown on small scale,27.0,33.0,20.0,38.0,1500.0,3000.0,1000.0,5000.0,5.0,6.5,4.5,7.0,,,,,400.0,cloudy skies,very bright,light shade,very bright,medium (50-150 cm),medium (50-150 cm),"heavy, medium, light, wide","heavy, medium, light, wide",moderate,low,,,well (dry spells),well (dry spells),-1,-1.0,,"tropical wet & dry (Aw), tropical wet (Ar)",grazing/browsing,,,small scale (manual),0.0,0.0,original_rule,edible_flag,high,Giant trichanthera,1,,other,0,,0,0
PP:2262,both,caltha palustris,exact_scientific_name,high,2262.0,Plant,https://permapeople.org/plants/caltha-palustris-marsh-marigold,Caltha palustris,Marsh Marigold,Ranunculaceae,Perennial,3-7,3.0,7.0,0.3,,,1.0,"Flowers, Leaves, Root",,"Dye, Ground cover",1.0,1.0,0.0,0.0,0.0,0.0,1.0,1.0,1.0,1.0,root_crop,1.0,Layer or Edible parts indicates Root/Tuber,4081,Caltha palustris,L.,Magnoliopsida:Magnoliidae:Ranunculales:Ranunculaceae,,"marsh marigold, king cup, kabbeleka, kalvleka, vanlig kabbleka, soleihov, eng-kabbeleje, rentukka, hófsóley, sumpfdotterblume",herb,erect,perennial,,"ornamentals/turf, medicinals & aromatic","grown on small scale, harvested from wild",14.0,23.0,2.0,27.0,600.0,900.0,400.0,1100.0,5.5,6.5,4.8,7.3,,,,,,very bright,clear skies,very bright,cloudy skies,shallow (20-50 cm),shallow (20-50 cm),"heavy, medium","heavy, medium",high,moderate,low (<4 dS/m),low (<4 dS/m),poorly (saturated >50% of year),"poorly (saturated >50% of year), well (dry spells)",-5,0.0,long day (>14 hours),"steppe or semiarid (Bs), temperate oceanic (Do), temperate continental (Dc)",,,,,120.0,180.0,original_rule,edible_flag,high,Marsh Marigold,1,,leafy_herb,0,,0,0
PP:2279,both,cocos nucifera,exact_scientific_name,high,2279.0,Plant,https://permapeople.org/plants/cocos-nucifera-coconut-palm,Cocos nucifera,Coconut Palm,Arecaceae,,10-12,10.0,12.0,25.0,Medium,Tall trees,1.0,"Flowers, Fruit, Root, Sap, Seed, Stem, Milk","Oil, Coffee, Condiment, Drink, Sweetener","Weaving material, Crafting, Fire starter, Compost, Containers, Cosmetic, Fiber, Filter, Lumber, Lighting, Mulch, oil, Potash, Roofing, Scourer, Soap making, textiles",1.0,0.0,0.0,0.0,0.0,1.0,0.0,1.0,1.0,1.0,fruit_tree,1.0,Layer contains 'Tree' and Edible parts contains 'Fruit',744,Cocos nucifera,Linnaeus,Liliopsida:Arecidae:Arecales:Palmae,,"coconut, cocotier, palma de coco, cocotero, côco, narial, thengai, kokospalme, ye, tree of life, tree of heaven, kalpaviriksha, tree of abundance, natures supermarket, kulau, coir fibre, (See ""Notes"" for hybrid names)",tree,erect,perennial,"evergreen, single stem","fruits & nuts, materials, forest/wood","grown on large scale, harvested from wild",22.0,34.0,14.0,38.0,1200.0,2400.0,650.0,4000.0,5.0,8.0,4.3,8.7,,,10.0,26.0,1500.0,very bright,very bright,very bright,cloudy skies,deep (>>150 cm),medium (50-150 cm),"medium, light","heavy, medium, light",moderate,low,low (<4 dS/m),medium (4-10 dS/m),well (dry spells),well (dry spells),-1,0.0,"short day (<12 hours), neutral day (12-14 hours), long day (>14 hours)","tropical wet & dry (Aw), tropical wet (Ar)",,,,,270.0,365.0,original_rule,edible_flag,high,Coconut Palm,1,,fruit_tree,0,,0,0
PP:2280,both,mesua ferrea,exact_scientific_name,high,2280.0,Plant,https://permapeople.org/plants/mesua-ferrea-surli-nut,Mesua ferrea,Surli nut,Clusiaceae,,10-12,10.0,12.0,18.0,Slow,Tall trees,1.0,"Fruit, Leaves, Seed",Oil,oil,1.0,1.0,0.0,0.0,0.0,1.0,0.0,1.0,1.0,1.0,fruit_tree,1.0,Layer contains 'Tree' and Edible parts contains 'Fruit',7736,Mesua ferrea,L.,Magnoliopsida:Dilleniidae:Guttiferales:Guttiferae,,,tree,erect,perennial,"evergreen, single stem","fruits & nuts, forest/wood",,30.0,35.0,4.0,45.0,3000.0,4000.0,2000.0,5100.0,5.0,5.5,4.3,6.9,20.0,20.0,30.0,30.0,1500.0,very bright,cloudy skies,very bright,heavy shade,deep (>>150 cm),medium (50-150 cm),"medium, light","heavy, medium, light",high,moderate,low (<4 dS/m),low (<4 dS/m),well (dry spells),well (dry spells),-2,-1.0,short day (<12 hours),tropical wet & dry (Aw),,,,,300.0,365.0,original_rule,edible_flag,high,Surli nut,1,,fruit_tree,0,,0,0
PP:2288,both,camellia sinensis,exact_scientific_name,high,2288.0,Plant,https://permapeople.org/plants/camellia-sinensis-tea-plant,Camellia sinensis,Tea Plant,Theaceae,,7-9,7.0,9.0,4.0,Slow,Shrubs,1.0,"Leaves, Shoots","Oil, Colouring, Condiment, Tea","Dye, Essential Oil, oil, Tannin, Lumber, Fragrance",0.0,1.0,0.0,0.0,0.0,1.0,0.0,1.0,1.0,0.0,vegetable,1.0,Edible parts contains Leaves/Stem/Flowers,599,Camellia sinensis,(L.) O. Kuntz,Magnoliopsida:Dilleniidae:Theales:Theaceae,,"tea, ti, chah, cha, tee",shrub,erect,perennial,"evergreen, multi stem","materials, medicinals & aromatic",grown on large scale,20.0,30.0,8.0,35.0,1400.0,2000.0,1000.0,5000.0,4.5,5.5,4.0,6.0,,,27.0,43.0,2200.0,very bright,clear skies,very bright,light shade,deep (>>150 cm),medium (50-150 cm),"heavy, medium, light","heavy, medium, light",high,moderate,low (<4 dS/m),low (<4 dS/m),well (dry spells),"well (dry spells), excessive (dry/moderately dry)",-5,0.0,"short day (<12 hours), neutral day (12-14 hours), long day (>14 hours)","tropical wet & dry (Aw), tropical wet (Ar), subtropical humid (Cf)",,wind,mono culture may cause erosion problems,large scale/commercial,240.0,365.0,original_rule,edible_flag,high,Tea Plant,4,,leafy_herb,0,,0,0
PP:2313,both,campanula rapunculus,exact_scientific_name,high,2313.0,Plant,https://permapeople.org/plants/campanula-rapunculus-rampion,Campanula rapunculus,Rampion,Campanulaceae,Biennial,4-8,4.0,8.0,0.9,,,1.0,"Leaves, Root, Shoots",,,1.0,1.0,0.0,0.0,0.0,1.0,0.0,1.0,1.0,0.0,root_crop,1.0,Layer or Edible parts indicates Root/Tuber,4094,Campanula rapunculus,L.,Magnoliopsida:Asteridae:Asterales:Campanulaceae,,,herb,erect,"annual, biennial, perennial",,"vegetables, weed",,12.0,18.0,5.0,24.0,700.0,900.0,500.0,1400.0,6.5,7.0,6.0,7.5,,,,,,very bright,clear skies,very bright,cloudy skies,shallow (20-50 cm),shallow (20-50 cm),light,"medium, light",moderate,low,low (<4 dS/m),low (<4 dS/m),well (dry spells),"well (dry spells), excessive (dry/moderately dry)",,,"short day (<12 hours), neutral day (12-14 hours), long day (>14 hours)","subtropical dry summer (Cs), temperate oceanic (Do)",,,can become a weed,,90.0,120.0,original_rule,edible_flag,high,Rampion,1,,leafy_herb,0,,0,0
PP:2315,both,cinnamomum camphora,exact_scientific_name,high,2315.0,Plant,https://permapeople.org/plants/cinnamomum-camphora-camphor,Cinnamomum camphora,Camphor,Lauraceae,,9-11,9.0,11.0,6.0,Slow,Trees,1.0,"Leaves, Shoots",Condiment,"Deodorant, Essential Oil, Preservative, Lumber, Fragrance",1.0,1.0,0.0,0.0,0.0,1.0,0.0,1.0,1.0,1.0,vegetable,1.0,Edible parts contains Leaves/Stem/Flowers,699,Cinnamomum camphora,(L.) Nees et Eberm.,Magnoliopsida:Magnoliidae:Magnoliales:Lauraceae,Laurus camphora L.,"camphor tree, camphor, Japanese camphor, camphrier, camphre, alcanforero, alcanfor, arbol del alcanfor, arvore da camphora, árvore-da-camphora, xiang zhang shu, zhang, zhang shu, campher, kampferbaum, karpuram, karpoora, pacchakarpuram, albero della canfora, canfora, canforo, lauro canforo, kuso no ki, karpura, kapuur, kamfornii derevo, kamformii lavr, korihnik kamfornii, karpuramu, kafur, patckafur",tree,erect,perennial,"evergreen, single stem","materials, ornamentals/turf, medicinals & aromatic, environmental",grown on small scale,18.0,26.0,12.0,30.0,1200.0,1500.0,600.0,4000.0,5.5,7.0,4.3,8.0,10.0,10.0,34.0,34.0,1800.0,very bright,cloudy skies,very bright,light shade,deep (>>150 cm),medium (50-150 cm),medium,"medium, light",high,low,low (<4 dS/m),low (<4 dS/m),well (dry spells),well (dry spells),-9,-1.0,short day (<12 hours),"tropical wet & dry (Aw), tropical wet (Ar), subtropical humid (Cf), subtropical dry summer (Cs), subtropical dry winter (Cw)",,,,,270.0,300.0,original_rule,edible_flag,high,Camphor,1,,leafy_herb,0,,0,0
PP:2342,both,bursera simaruba,exact_scientific_name,high,2342.0,Plant,https://permapeople.org/plants/bursera-simaruba-gum-tree,Bursera simaruba,Gum Tree,Burseraceae,,10-12,10.0,12.0,20.0,Medium,Tall trees,1.0,Leaves,"Gum, Tea","Adhesive, Biomass, Fire starter, Fencing, Lumber, Gum, Fragrance, Preservative, Resin, Varnish, Coppice",1.0,1.0,0.0,0.0,1.0,1.0,0.0,1.0,1.0,1.0,vegetable,1.0,Edible parts contains Leaves/Stem/Flowers,3982,Bursera simaruba,(L.) Sarg.,Magnoliopsida:Rosidae:Sapindales:Burseraceae,,,tree,erect,perennial,"deciduous, single stem","forage/pasture, materials, ornamentals/turf, forest/wood, environmental",grown on small scale,18.0,28.0,8.0,36.0,600.0,2000.0,400.0,3000.0,5.0,6.5,4.5,7.0,5.0,5.0,30.0,30.0,1800.0,very bright,clear skies,very bright,cloudy skies,deep (>>150 cm),shallow (20-50 cm),"light, wide","heavy, medium, light, wide",high,low,low (<4 dS/m),high (>10 dS/m)),well (dry spells),"poorly (saturated >50% of year), well (dry spells), excessive (dry/moderately dry)",-1,-1.0,"short day (<12 hours), neutral day (12-14 hours), long day (>14 hours)","tropical wet & dry (Aw), tropical wet (Ar), subtropical humid (Cf), subtropical dry summer (Cs), subtropical dry winter (Cw)",,wind,,,210.0,300.0,original_rule,edible_flag,high,Gum Tree,1,,leafy_herb,0,,0,0
PP:2347,both,butomus umbellatus,exact_scientific_name,high,2347.0,Plant,https://permapeople.org/plants/butomus-umbellatus-flowering-rush,Butomus umbellatus,Flowering Rush,Butomaceae,Perennial,4-8,4.0,8.0,1.0,Medium,,1.0,"Root, Seed",,Fragrance,1.0,0.0,0.0,0.0,0.0,0.0,1.0,1.0,1.0,1.0,root_crop,1.0,Layer or Edible parts indicates Root/Tuber,3988,Butomus umbellatus,L.,Liliopsida:Alismatidae:Alismatales:Butomaceae,,"flowering rush, grassy rush, water gladiolus, junco florido, butomo, brudelys, sarjarimpi, schwanenblume",herb,erect,perennial,deciduous,"roots/tubers, ornamentals/turf, weed",grown on small scale,15.0,24.0,12.0,35.0,400.0,1000.0,300.0,1100.0,5.0,8.0,4.5,8.5,44.0,42.0,63.0,65.0,1500.0,clear skies,very bright,cloudy skies,very bright,shallow (20-50 cm),shallow (20-50 cm),"heavy, medium, light, wide, organic","heavy, medium, light, wide, organic",moderate,low,low (<4 dS/m),low (<4 dS/m),poorly (saturated >50% of year),poorly (saturated >50% of year),-25,0.0,long day (>14 hours),"steppe or semiarid (Bs), temperate oceanic (Do), temperate continental (Dc)",flooding,drought,can become a weed,,0.0,0.0,original_rule,edible_flag,high,Flowering Rush,1,,root,0,,0,0
PP:2351,both,lansium domesticum,exact_scientific_name,high,2351.0,Plant,https://permapeople.org/plants/lansium-domesticum-langsat,Lansium domesticum,Langsat,Meliaceae,,11-12,11.0,12.0,15.0,Slow,Tall trees,1.0,Fruit,,"Pest control, Tannin, Lumber",1.0,1.0,0.0,0.0,0.0,1.0,0.0,0.0,1.0,1.0,fruit_tree,1.0,Layer contains 'Tree' and Edible parts contains 'Fruit',2318,Lansium domesticum,Corr.,Magnoliopsida:Rosidae:Sapindales:Meliaceae,"Aglaia dookoo Griffith (1854), Aglaia domestica (Correa) Pellegrin (1911), Aglaia aquea (Jack) Kosterm. (1966), Lansium aqueum (Jack) Jacks, Lansium javanicum K.& V.","langsat, duku, kokosan, duku-langsat, lansones, boboa, buahan, longkong, bònbon",tree,erect,perennial,single stem,"fruits & nuts, medicinals & aromatic",grown on small scale,20.0,35.0,12.0,40.0,1400.0,2200.0,1000.0,3000.0,6.0,6.5,5.5,7.5,,,15.0,17.0,800.0,very bright,light shade,very bright,light shade,deep (>>150 cm),medium (50-150 cm),"medium, organic","heavy, medium, light",high,moderate,low (<4 dS/m),low (<4 dS/m),well (dry spells),well (dry spells),,,"short day (<12 hours), neutral day (12-14 hours), long day (>14 hours)","tropical wet & dry (Aw), tropical wet (Ar)",,"drought, flooding",,"home garden, small scale (manual)",240.0,330.0,original_rule,edible_flag,high,Langsat,1,,fruit_tree,0,,1,0
PP:2361,both,aesculus indica,exact_scientific_name,high,2361.0,Plant,https://permapeople.org/plants/aesculus-indica-indian-horse-chestnut,Aesculus indica,Indian Horse Chestnut,Hippocastanaceae,,6-9,6.0,9.0,30.0,,Tall trees,1.0,Seed,,"Soap, Lumber",1.0,1.0,0.0,0.0,0.0,1.0,0.0,1.0,1.0,1.0,nut,1.0,Common name contains 'nut' or Edible uses contains 'Nut',2857,Aesculus indica,Griff.,Magnoliopsida:Rosidae:Sapindales:Hippocastanaceae,,"Indian chestnut, castanheiro da India",tree,erect,perennial,"deciduous, single stem",forest/wood,,23.0,26.0,6.0,30.0,1000.0,2000.0,660.0,2500.0,4.5,5.0,4.0,6.0,26.0,25.0,34.0,35.0,3000.0,clear skies,light shade,very bright,light shade,deep (>>150 cm),medium (50-150 cm),"medium, light","medium, light",moderate,moderate,low (<4 dS/m),low (<4 dS/m),well (dry spells),well (dry spells),-8,-1.0,short day (<12 hours),"tropical wet & dry (Aw), tropical wet (Ar)",,,,,210.0,270.0,original_rule,edible_flag,high,Indian Horse Chestnut,1,,fruit_tree,0,,0,0
PP:2373,both,sesbania grandiflora,exact_scientific_name,high,2373.0,Plant,https://permapeople.org/plants/sesbania-grandiflora-vegetable-hummingbird,Sesbania grandiflora,Vegetable Hummingbird,Fabaceae,,9-12,9.0,12.0,12.0,Fast,Trees,1.0,"Flowers, Leaves, Seed, Seedpod, Shoots","Condiment, Gum, Tea","Adhesive, Biomass, Fire starter, Fencing, Fiber, Animal feed, Cover crop, Gum, Mulch, textiles, Plant support, Wind breaker, Soil conditioner, Soil reclamation, Tannin, Lumber, Coppice, Nitrogen fixer",1.0,0.0,0.0,0.0,0.0,1.0,1.0,1.0,1.0,1.0,legume,1.0,Family == Fabaceae and Edible parts contains Seed/Pod,1938,Sesbania grandiflora,(L.) Poir.,Magnoliopsida:Rosidae:Fabales:Leguminosae,,scarlet wisteria tree,tree,erect,perennial,"evergreen, deciduous, single stem","forage/pasture, fruits & nuts, vegetables, materials, ornamentals/turf, medicinals & aromatic, forest/wood, environmental","grown on large scale, grown on small scale",24.0,34.0,16.0,40.0,1000.0,3000.0,800.0,4500.0,5.5,7.5,4.5,8.5,,,10.0,20.0,1000.0,very bright,very bright,very bright,cloudy skies,medium (50-150 cm),shallow (20-50 cm),"heavy, medium, light","heavy, medium, light",moderate,low,low (<4 dS/m),medium (4-10 dS/m),well (dry spells),"poorly (saturated >50% of year), well (dry spells), excessive (dry/moderately dry)",-1,-1.0,short day (<12 hours),"tropical wet & dry (Aw), tropical wet (Ar)",flooding,,,,270.0,365.0,original_rule,edible_flag,high,Vegetable Hummingbird,1,,legume,0,,0,0
PP:2374,both,sesbania sesban,exact_scientific_name,high,2374.0,Plant,https://permapeople.org/plants/sesbania-sesban-sesban,Sesbania sesban,Sesban,Fabaceae,,10-12,10.0,12.0,5.0,Fast,Shrubs,1.0,"Flowers, Leaves, Seed",,Animal feed,1.0,0.0,0.0,0.0,0.0,1.0,1.0,1.0,1.0,1.0,legume,1.0,Family == Fabaceae and Edible parts contains Seed/Pod,9722,Sesbania sesban,(L.) Merrill,Magnoliopsida:Rosidae:Fabales:Leguminosae,"Sesbania pubescens, Sesbania aegyptiaca","river bean, Mwethia, Muzimbandeya","shrub, tree",erect,perennial,"single stem, multi stem","forage/pasture, vegetables, materials, forest/wood, environmental",,18.0,28.0,10.0,45.0,800.0,2000.0,350.0,2500.0,5.0,7.0,4.0,9.9,,,20.0,27.0,2300.0,very bright,clear skies,very bright,cloudy skies,medium (50-150 cm),medium (50-150 cm),"heavy, medium, light","heavy, medium, light",moderate,low,low (<4 dS/m),high (>10 dS/m)),"poorly (saturated >50% of year), well (dry spells), excessive (dry/moderately dry)","poorly (saturated >50% of year), well (dry spells), excessive (dry/moderately dry)",-5,-1.0,short day (<12 hours),"tropical wet & dry (Aw), tropical wet (Ar), steppe or semiarid (Bs), subtropical humid (Cf)",flooding,fire,,"small scale (manual), large scale/commercial",120.0,365.0,original_rule,edible_flag,high,Sesban,1,,legume,0,,0,0
PP:2379,both,simmondsia chinensis,exact_scientific_name,high,2379.0,Plant,https://permapeople.org/plants/simmondsia-chinensis-jojoba,Simmondsia chinensis,Jojoba,Simmondsiaceae,,9-12,9.0,12.0,2.0,Slow,Shrubs,1.0,Seed,,,1.0,0.0,0.0,0.0,0.0,1.0,0.0,1.0,1.0,0.0,other_productive,1.0,"Edible == true, no more specific rule matched",9786,Simmondsia chinensis,(Link.) C. Schneider,Magnoliopsida:Dilleniidae:Buxales:Simmondsiaceae,"Simmondsia californica, Simmondsia pabulosa","jojoba, goat-nut, deernut, jojowi, bucknut, coffee nut, pig nut, lemon leaf, bushnut",shrub,erect,perennial,"evergreen, multi stem","forage/pasture, fruits & nuts, materials, medicinals & aromatic","grown on small scale, harvested from wild",21.0,36.0,10.0,50.0,250.0,800.0,100.0,2000.0,6.5,7.5,5.0,8.2,25.0,23.0,31.0,35.0,1500.0,very bright,very bright,very bright,very bright,deep (>>150 cm),shallow (20-50 cm),"medium, light","heavy, medium, light",moderate,low,low (<4 dS/m),high (>10 dS/m)),well (dry spells),"well (dry spells), excessive (dry/moderately dry)",-10,0.0,"neutral day (12-14 hours), long day (>14 hours)","tropical wet & dry (Aw), desert or arid (Bw), steppe or semiarid (Bs), subtropical humid (Cf), subtropical dry summer (Cs)","fire, wind, drought, grazing/browsing, erosion",,,,120.0,270.0,original_rule,edible_flag,high,Jojoba,1,,other,0,,0,0
PP:2380,both,theobroma grandiflorum,exact_scientific_name,high,2380.0,Plant,https://permapeople.org/plants/theobroma-grandiflorum-cupuassu,Theobroma grandiflorum,Cupuassu,Malvaceae,,10-12,10.0,12.0,10.0,Medium,Trees,1.0,"Fruit, Seed","Oil, Chocolate, Drink","Cosmetic, Lumber, oil, Fragrance",0.0,1.0,0.0,0.0,0.0,1.0,0.0,0.0,1.0,1.0,fruit_tree,1.0,Layer contains 'Tree' and Edible parts contains 'Fruit',10394,Theobroma grandiflorum,(Willd. ex Sprengel) Schumann,Magnoliopsida:Dilleniidae:Malvales:Sterculiaceae,"Theobroma macrantha Bernoulli, Bubroma grandiflorum Willd ex Spreng","cupuassu, copoasú, cupuasú, cacao blanco, cupuaçuzeiro, cupuaçu, pupuaçu",tree,erect,perennial,"semi evergreen, single stem","fruits & nuts, environmental",grown on small scale,22.0,32.0,10.0,40.0,2000.0,2400.0,1500.0,4000.0,5.0,6.5,4.5,8.5,,,15.0,18.0,1000.0,clear skies,light shade,very bright,heavy shade,deep (>>150 cm),medium (50-150 cm),"heavy, medium, light, organic","heavy, medium, light",moderate,moderate,low (<4 dS/m),low (<4 dS/m),well (dry spells),well (dry spells),5,0.0,"short day (<12 hours), neutral day (12-14 hours), long day (>14 hours)","tropical wet & dry (Aw), tropical wet (Ar)",,,,,180.0,365.0,original_rule,edible_flag,high,Cupuassu,1,,fruit_tree,0,,0,0
PP:2382,both,malpighia glabra,exact_scientific_name,high,2382.0,Plant,https://permapeople.org/plants/malpighia-glabra-escobillo,Malpighia glabra,Escobillo,Malpighiaceae,,10-12,10.0,12.0,6.0,Medium,Shrubs,1.0,Fruit,Drink,"Hedgerow, Tannin, Lumber",1.0,1.0,0.0,0.0,0.0,1.0,0.0,1.0,1.0,1.0,fruit,1.0,Edible parts contains 'Fruit' (non-tree layer),1406,Malpighia glabra,Millsp.,Magnoliopsida:Rosidae:Polygalales:Malpighiaceae,Malpighia punicifolia L.,"acerola, Barbados cherry, Escobillo, acerola cherry, West Indian cherry, cereza, cerisie, semeruco","shrub, tree",erect,perennial,"evergreen, single stem, multi stem","fruits & nuts, materials, ornamentals/turf, medicinals & aromatic, forest/wood, environmental",grown on small scale,24.0,30.0,5.0,34.0,1300.0,2000.0,700.0,2400.0,5.5,7.5,5.0,8.0,,,30.0,30.0,1700.0,very bright,very bright,very bright,clear skies,deep (>>150 cm),medium (50-150 cm),"heavy, medium","heavy, medium, light",high,moderate,low (<4 dS/m),low (<4 dS/m),well (dry spells),well (dry spells),-2,-1.0,"short day (<12 hours), neutral day (12-14 hours), long day (>14 hours)","tropical wet & dry (Aw), tropical wet (Ar)",,,susceptible to nematodes,,270.0,365.0,original_rule,edible_flag,high,Escobillo,1,,fruit_tree,0,,0,0
PP:2386,both,calamus caesius,exact_scientific_name,high,2386.0,Plant,https://permapeople.org/plants/calamus-caesius-rotan-sega,Calamus caesius,Rotan Sega,Arecaceae,,10-12,10.0,12.0,100.0,Fast,Vines,1.0,Fruit,,"Weaving material, Lumber, textiles",1.0,1.0,0.0,0.0,0.0,1.0,0.0,1.0,1.0,1.0,edible_vine,1.0,Layer contains 'Vine(s)' and Edible == true,4023,Calamus caesius,Blume,Liliopsida:Arecidae:Arecales:Palmae,,,grass,erect,perennial,"evergreen, multi stem",materials,,23.0,30.0,16.0,34.0,2500.0,3200.0,1700.0,4200.0,5.5,7.0,5.0,8.0,,,20.0,20.0,800.0,clear skies,light shade,very bright,heavy shade,medium (50-150 cm),medium (50-150 cm),"heavy, organic","heavy, medium, light",high,moderate,low (<4 dS/m),low (<4 dS/m),poorly (saturated >50% of year),"poorly (saturated >50% of year), well (dry spells)",,,short day (<12 hours),"tropical wet & dry (Aw), tropical wet (Ar)",flooding,,,,365.0,365.0,original_rule,edible_flag,high,Rotan Sega,1,,fruiting,0,,0,0
PP:2396,both,calathea allouia,exact_scientific_name,high,2396.0,Plant,https://permapeople.org/plants/calathea-allouia-sweetcorn-root,Calathea allouia,Sweetcorn Root,Marantaceae,Perennial,10-12,10.0,12.0,2.0,Medium,,1.0,"Flowers, Leaves, Root",,Weaving material,1.0,1.0,0.0,0.0,0.0,1.0,0.0,1.0,1.0,1.0,root_crop,1.0,Layer or Edible parts indicates Root/Tuber,4037,Calathea allouia,(Aublet) Lindley,Liliopsida:Zingiberidae:Zingiberales:Marantaceae,,"Guinea arrowroot, sweet corn root, touple nambours, alléluia, curcuma d'Amérique, dale dale, agua bendita, cocurito, lerenes, topitambo, tambu, topinambur, topeetampo, topi-tamboo, topinambour, ariá, láirem",herb,erect,perennial,multi stem,"roots/tubers, materials, medicinals & aromatic, environmental",grown on small scale,22.0,31.0,16.0,35.0,1000.0,2000.0,700.0,2800.0,6.0,7.0,5.5,7.5,,,20.0,20.0,,very bright,clear skies,very bright,light shade,medium (50-150 cm),medium (50-150 cm),"medium, organic","heavy, medium, light, wide, organic",high,moderate,low (<4 dS/m),low (<4 dS/m),well (dry spells),well (dry spells),,,short day (<12 hours),"tropical wet & dry (Aw), tropical wet (Ar)",,,,home garden,300.0,365.0,original_rule,edible_flag,high,Sweetcorn Root,1,,root,0,,1,0
PP:2409,both,quercus semecarpifolia,exact_scientific_name,high,2409.0,Plant,https://permapeople.org/plants/quercus-semecarpifolia,Quercus semecarpifolia,Quercus semecarpifolia,Fagaceae,,7-10,7.0,10.0,30.0,,Tall trees,1.0,Seed,"Coffee, Drink","Fire starter, Tannin, Lumber",1.0,1.0,0.0,0.0,0.0,1.0,0.0,0.0,1.0,1.0,other_productive,1.0,"Edible == true, no more specific rule matched",9140,Quercus semecarpifolia,Smi.,Magnoliopsida:Hamamelidae:Fagales:Fagaceae,,,tree,erect,perennial,"evergreen, single stem","materials, forest/wood",,12.0,22.0,2.0,30.0,800.0,2000.0,500.0,2500.0,5.5,6.5,5.0,7.5,25.0,25.0,35.0,35.0,4000.0,very bright,very bright,very bright,clear skies,deep (>>150 cm),shallow (20-50 cm),"medium, light","heavy, medium, light",moderate,low,low (<4 dS/m),low (<4 dS/m),well (dry spells),"poorly (saturated >50% of year), well (dry spells), excessive (dry/moderately dry)",-10,-1.0,"short day (<12 hours), neutral day (12-14 hours), long day (>14 hours)","steppe or semiarid (Bs), temperate continental (Dc)",,,,,120.0,150.0,original_rule,edible_flag,high,Quercus semecarpifolia,1,,other,0,,0,0
PP:2433,both,quercus alba,exact_scientific_name,high,2433.0,Plant,https://permapeople.org/plants/quercus-alba-white-oak,Quercus alba,White Oak,Fagaceae,,3-9,3.0,9.0,20.0,Slow,Tall trees,1.0,Seed,Coffee,"Fire starter, Tannin, Lumber, Dynamic accumulator",1.0,1.0,0.0,0.0,1.0,1.0,0.0,0.0,1.0,1.0,other_productive,1.0,"Edible == true, no more specific rule matched",9097,Quercus alba,L.,Magnoliopsida:Hamamelidae:Fagales:Fagaceae,,"white oak, Quebec oak, stave oak, chene blanc, chene du Quebec, carvalho branco",tree,erect,perennial,"deciduous, single stem","forage/pasture, fruits & nuts, materials, ornamentals/turf, forest/wood, environmental",grown on small scale,12.0,28.0,7.0,32.0,900.0,1300.0,750.0,2000.0,5.5,7.0,5.0,8.0,32.0,30.0,43.0,45.0,1800.0,clear skies,very bright,cloudy skies,very bright,deep (>>150 cm),medium (50-150 cm),medium,"heavy, medium, light, wide",moderate,low,low (<4 dS/m),low (<4 dS/m),well (dry spells),well (dry spells),,,,"subtropical humid (Cf), temperate oceanic (Do), temperate continental (Dc)",,"drought, flooding",,,150.0,270.0,original_rule,edible_flag,high,White Oak,1,,other,0,,0,0
PP:2434,both,quercus bicolor,exact_scientific_name,high,2434.0,Plant,https://permapeople.org/plants/quercus-bicolor-swamp-white-oak,Quercus bicolor,Swamp White Oak,Fagaceae,,4-8,4.0,8.0,25.0,Medium,Tall trees,1.0,Seed,Coffee,"Rust, Tannin, Lumber",1.0,1.0,0.0,0.0,0.0,1.0,1.0,0.0,1.0,1.0,other_productive,1.0,"Edible == true, no more specific rule matched",9098,Quercus bicolor,Willd.,Magnoliopsida:Hamamelidae:Fagales:Fagaceae,,"swamp white oak, basket oak, rock oak, viminaria",tree,erect,perennial,"deciduous, single stem","forage/pasture, forest/wood, environmental",,15.0,28.0,10.0,40.0,750.0,1200.0,650.0,1300.0,6.5,7.5,6.0,8.0,35.0,33.0,40.0,42.0,1400.0,cloudy skies,clear skies,light shade,very bright,deep (>>150 cm),medium (50-150 cm),"heavy, medium, light, wide, organic","heavy, medium, light, wide, organic",high,low,low (<4 dS/m),low (<4 dS/m),well (dry spells),"poorly (saturated >50% of year), well (dry spells)",-34,-1.0,,"temperate oceanic (Do), temperate continental (Dc)",flooding,,,,120.0,210.0,original_rule,edible_flag,high,Swamp White Oak,1,,other,0,,0,0
PP:2450,both,quercus ilex,exact_scientific_name,high,2450.0,Plant,https://permapeople.org/plants/quercus-ilex-holly-oak,Quercus ilex,Holly Oak,Fagaceae,,4-10,4.0,10.0,25.0,Slow,Tall trees,1.0,Seed,"Oil, Coffee","Animal feed, Fire starter, Hedgerow, oil, Wind breaker, Tannin, Lumber",1.0,1.0,0.0,0.0,0.0,1.0,0.0,1.0,1.0,1.0,other_productive,1.0,"Edible == true, no more specific rule matched",9114,Quercus ilex,L.,Magnoliopsida:Hamamelidae:Fagales:Fagaceae,,"holly oak, holm oak, holm, evergreen oak, chene vert, leccio, Steineiche, azinheira, azinho","shrub, tree",erect,perennial,"evergreen, single stem, multi stem","forest/wood, environmental",,14.0,32.0,4.0,36.0,450.0,700.0,375.0,750.0,6.0,7.0,5.5,7.5,,,,,3000.0,very bright,cloudy skies,very bright,light shade,medium (50-150 cm),shallow (20-50 cm),"medium, light","heavy, medium, light",low,low,low (<4 dS/m),low (<4 dS/m),"well (dry spells), excessive (dry/moderately dry)","well (dry spells), excessive (dry/moderately dry)",-5,0.0,"short day (<12 hours), neutral day (12-14 hours), long day (>14 hours)","steppe or semiarid (Bs), subtropical dry summer (Cs), temperate oceanic (Do)",,,,,120.0,180.0,original_rule,edible_flag,high,Holly Oak; Holm Oak,2,,other,0,,0,0
PP:2472,both,quercus lamellosa,exact_scientific_name,high,2472.0,Plant,https://permapeople.org/plants/quercus-lamellosa-bull-oak,Quercus lamellosa,Bull Oak,Fagaceae,,7-10,7.0,10.0,35.0,,Tall trees,1.0,Seed,Coffee,"Fire starter, Tannin, Lumber",1.0,1.0,0.0,0.0,0.0,1.0,0.0,0.0,1.0,1.0,other_productive,1.0,"Edible == true, no more specific rule matched",9121,Quercus lamellosa,Smith,Magnoliopsida:Hamamelidae:Fagales:Fagaceae,,,tree,erect,perennial,"evergreen, single stem",forest/wood,,15.0,25.0,4.0,32.0,3000.0,4000.0,2500.0,4500.0,5.5,6.5,5.0,7.5,20.0,20.0,30.0,30.0,3000.0,very bright,light shade,very bright,light shade,deep (>>150 cm),medium (50-150 cm),"medium, light","medium, light",moderate,low,low (<4 dS/m),low (<4 dS/m),well (dry spells),well (dry spells),-5,0.0,"short day (<12 hours), neutral day (12-14 hours), long day (>14 hours)","subtropical humid (Cf), subtropical dry summer (Cs), subtropical dry winter (Cw), temperate oceanic (Do), temperate continental (Dc), temperate with humid winters (Df), temperate with dry winters (Dw)",,fire,,,150.0,180.0,original_rule,edible_flag,high,Bull Oak,1,,other,0,,0,0
PP:2473,both,quercus lineata,exact_scientific_name,high,2473.0,Plant,https://permapeople.org/plants/quercus-lineata,Quercus lineata,Quercus lineata,Fagaceae,,,,,,,Trees,1.0,Seed,Coffee,"Tannin, Lumber",1.0,1.0,0.0,0.0,0.0,1.0,0.0,0.0,1.0,1.0,other_productive,1.0,"Edible == true, no more specific rule matched",9123,Quercus lineata,Blume,Magnoliopsida:Hamamelidae:Fagales:Fagaceae,,,tree,erect,perennial,"evergreen, single stem","forest/wood, environmental",,15.0,25.0,4.0,32.0,3000.0,4000.0,2500.0,4500.0,7.0,7.5,6.0,8.5,,,20.0,27.0,3000.0,very bright,light shade,very bright,light shade,deep (>>150 cm),medium (50-150 cm),"medium, light","medium, light",moderate,low,low (<4 dS/m),low (<4 dS/m),well (dry spells),well (dry spells),-5,-1.0,"short day (<12 hours), neutral day (12-14 hours), long day (>14 hours)","tropical wet (Ar), subtropical humid (Cf), subtropical dry summer (Cs), subtropical dry winter (Cw), temperate oceanic (Do), temperate continental (Dc), temperate with humid winters (Df), temperate with dry winters (Dw)",,,,,150.0,180.0,original_rule,edible_flag,high,Quercus lineata,1,,other,0,,0,0
PP:2475,both,pyrus pyrifolia,exact_scientific_name,high,2475.0,Plant,https://permapeople.org/plants/pyrus-pyrifolia-sand-pear,Pyrus pyrifolia,Sand Pear,Rosaceae,,5-9,5.0,9.0,10.0,,Trees,1.0,Fruit,,,1.0,1.0,0.0,0.0,0.0,1.0,0.0,1.0,1.0,1.0,fruit_tree,1.0,Layer contains 'Tree' and Edible parts contains 'Fruit',9086,Pyrus pyrifolia,(Burm. f.) Nakai,Magnoliopsida:Rosidae:Rosales:Rosaceae,,"Chinese pear, Japanese pear, Asian pear, Oriental pear, sand pear, Japanese sand pear, pera chinesa, peral de las arenas, nashi",tree,erect,perennial,"deciduous, single stem",forest/wood,grown on large scale,17.0,25.0,7.0,40.0,600.0,900.0,400.0,2100.0,5.5,6.5,5.0,7.0,30.0,,45.0,,,very bright,very bright,very bright,cloudy skies,deep (>>150 cm),medium (50-150 cm),light,"medium, light",moderate,moderate,low (<4 dS/m),low (<4 dS/m),well (dry spells),"poorly (saturated >50% of year), well (dry spells), excessive (dry/moderately dry)",-35,-1.0,"short day (<12 hours), neutral day (12-14 hours), long day (>14 hours)","steppe or semiarid (Bs), subtropical humid (Cf), subtropical dry summer (Cs), subtropical dry winter (Cw), temperate oceanic (Do), temperate continental (Dc), temperate with humid winters (Df), temperate with dry winters (Dw)",,,,,150.0,180.0,original_rule,edible_flag,high,Asian Pear; Sand Pear,2,,fruit_tree,0,,0,0
PP:2508,both,quercus robur,exact_scientific_name,high,2508.0,Plant,https://permapeople.org/plants/quercus-robur-pedunculate-oak,Quercus robur,Pedunculate Oak,Fagaceae,Perennial,4-8,4.0,8.0,30.0,Slow,Tall trees,1.0,Seed,"Coffee, Gum","Weaving material, Fire starter, Compost, Gum, Ink, Tannin, Lumber",1.0,1.0,0.0,0.0,0.0,1.0,1.0,0.0,1.0,1.0,other_productive,1.0,"Edible == true, no more specific rule matched",9138,Quercus robur,L.,Magnoliopsida:Hamamelidae:Fagales:Fagaceae,,"oak, German oak, English oak, Robur oak, Austrian oak, pedunculate oak, truffle oak, Slavonian oak, chene, chene pedoncule', Eiche, Deutsche Eiche, Stieleiche, Traubeneiche, Sommereiche, quercia, farnia, stilk eg, carvalho roble, carvalho comum, carvalho alvarinho, roble comun, Quercus cortex, Quercus folium",tree,erect,perennial,"deciduous, single stem","ornamentals/turf, medicinals & aromatic, forest/wood","grown on large scale, harvested from wild",10.0,18.0,5.0,41.0,600.0,950.0,350.0,1000.0,6.0,7.0,4.5,7.5,45.0,38.0,60.0,65.0,1500.0,cloudy skies,very bright,light shade,very bright,deep (>>150 cm),deep (>>150 cm),"heavy, medium, organic","heavy, medium, light, wide, organic",high,moderate,low (<4 dS/m),medium (4-10 dS/m),well (dry spells),"poorly (saturated >50% of year), well (dry spells)",-50,-1.0,,"subtropical dry summer (Cs), temperate oceanic (Do)",,drought,,,0.0,0.0,original_rule,edible_flag,high,Pedunculate Oak,1,,other,0,,0,1
PP:2525,both,pueraria phaseoloides,exact_scientific_name,high,2525.0,Plant,https://permapeople.org/plants/pueraria-phaseoloides-tropical-kudzu,Pueraria phaseoloides,Tropical Kudzu,Fabaceae or leguminosae,,10-12,10.0,12.0,,,Vines,1.0,Root,,"Fiber, Animal feed, Soil conditioner, Soil reclamation, Erosion control, Ground cover, Nitrogen fixer",1.0,0.0,0.0,0.0,0.0,1.0,0.0,1.0,1.0,1.0,root_crop,1.0,Layer or Edible parts indicates Root/Tuber,1824,Pueraria phaseoloides,(Roxb.) Benth.,Magnoliopsida:Rosidae:Fabales:Leguminosae,Pueraria javanica,"puero, tropical kudzu, yerba kudzu, cudzu' dos tropicos","herb, vine",climber/scrambler/scadent,perennial,single stem,"roots/tubers, forage/pasture, materials, environmental","grown on large scale, grown on small scale",15.0,30.0,12.0,35.0,1200.0,3200.0,850.0,4300.0,4.5,6.5,3.5,8.0,,,18.0,23.0,2000.0,cloudy skies,clear skies,light shade,very bright,medium (50-150 cm),shallow (20-50 cm),medium,"heavy, medium, light",high,moderate,low (<4 dS/m),low (<4 dS/m),well (dry spells),"poorly (saturated >50% of year), well (dry spells)",-2,-1.0,short day (<12 hours),"tropical wet & dry (Aw), tropical wet (Ar)",,"fire, drought",,"small scale (manual), large scale/commercial",240.0,365.0,original_rule,edible_flag,high,Tropical Kudzu,1,,root,0,,0,0
PP:2567,both,andrographis paniculata,exact_scientific_name,high,2567.0,Plant,https://permapeople.org/plants/andrographis-paniculata-green-chireta,Andrographis paniculata,Green Chireta,Acanthaceae,Perennial,10-12,10.0,12.0,0.8,Fast,,1.0,Leaves,,Pest control,1.0,1.0,0.0,1.0,0.0,1.0,0.0,1.0,1.0,1.0,vegetable,1.0,Edible parts contains Leaves/Stem/Flowers,12320,Andrographis paniculata,(Burn.f.) Wallich ex Nees,Magnoliopsida:Asteridae:Scrophulariales:Acanthaceae,Andrographis subspatulata C.B. Clarke (1884),"creat, green chireta, kariyat, kalmegh, roi des amers, ki oray, sambilata, ampadu, andrografis, kariyaat, aluy, lekha, sinta, fa thalai chon, fa thalai, ya kan ngu, cong cong, khor diejp, xuyen tam lien, khee-pang-hee, yaa kannguu",herb,erect,annual,,"ornamentals/turf, medicinals & aromatic",grown on small scale,20.0,30.0,14.0,38.0,2000.0,3000.0,1500.0,4000.0,6.0,7.0,5.5,8.0,,,15.0,25.0,1600.0,light shade,cloudy skies,heavy shade,clear skies,,,"medium, light","medium, light",,,,,,,,,,,,,,,0.0,0.0,original_rule,edible_flag,high,Green Chireta,1,,leafy_herb,0,,0,1
PP:2577,both,cymbopogon citratus,exact_scientific_name,high,2577.0,Plant,https://permapeople.org/plants/cymbopogon-citratus-lemon-grass,Cymbopogon citratus,Lemon Grass,Poaceae,Perennial,10-12,10.0,12.0,1.5,Fast,,1.0,"Leaves, Shoots, Stem",Oil,oil,1.0,0.0,0.0,0.0,1.0,1.0,0.0,1.0,1.0,1.0,vegetable,1.0,Edible parts contains Leaves/Stem/Flowers,841,Cymbopogon citratus,(D.C.) Stapf,Liliopsida:Commelinidae:Cyperales:Gramineae,"Cymbopogon nardus, Andropogon citratus, Andropogon ceriferus, Andropogon nardus var. Ceriferus.","West Indian lemon grass, sere grass, lemon grass, ginger grass, citronella grass, fever grass, citronnelle, baroni, belioko, cha phiéc, ha wo, hau sing khai, huong mao, mò b'lang, phac châu, pirheghans, sà, salai, sereh, tanglad, takhrai, tapo, ce kala, nche awuta, ahihia tii, hhashel laymum, koriko oyibo, koko oba",grass,erect,perennial,"evergreen, multi stem","materials, ornamentals/turf",grown on small scale,24.0,30.0,18.0,34.0,1500.0,3000.0,700.0,4200.0,5.0,5.8,4.3,7.3,,,20.0,20.0,1400.0,very bright,very bright,very bright,clear skies,medium (50-150 cm),shallow (20-50 cm),medium,"heavy, medium, light",moderate,low,low (<4 dS/m),low (<4 dS/m),well (dry spells),well (dry spells),10,0.0,short day (<12 hours),"tropical wet & dry (Aw), tropical wet (Ar), subtropical dry summer (Cs)",,,,home garden,120.0,365.0,original_rule,edible_flag,high,Lemon Grass,1,,leafy_herb,0,,1,0
PP:2585,both,ananas comosus,exact_scientific_name,high,2585.0,Plant,https://permapeople.org/plants/ananas-comosus-pineapple,Ananas comosus,Pineapple,Bromeliaceae,Perennial,9-11,9.0,11.0,1.0,Fast,,1.0,"Fruit, Shoots, Stem",,"Fiber, Hedgerow, Houseplant, Ground cover",1.0,1.0,0.0,0.0,0.0,1.0,0.0,1.0,1.0,1.0,fruit,1.0,Edible parts contains 'Fruit' (non-tree layer),402,Ananas comosus,Merr.,Liliopsida:Zingiberidae:Bromeliales:Bromeliaceae,"Ananas sativus Schult. f., Ananassa sativa Lindl., Bromelia ananas L., Bromelia comosa L.","pineapple, pina, po lo mah, ananas, abacaxi, vadra, vainaviu, andras, hukifa, fala'aiga, faina, ara painapa (Cooks), balawa, fala papalagi, painapolo (Tuvalu), sub-pah-rohd",herb,erect,perennial,single stem,fruits & nuts,grown on large scale,21.0,30.0,10.0,36.0,800.0,2500.0,550.0,3500.0,4.5,8.0,3.5,9.0,,,25.0,33.0,1800.0,clear skies,cloudy skies,very bright,light shade,medium (50-150 cm),shallow (20-50 cm),"medium, light","heavy, medium, light",moderate,moderate,low (<4 dS/m),medium (4-10 dS/m),well (dry spells),"well (dry spells), excessive (dry/moderately dry)",,,short day (<12 hours),"tropical wet & dry (Aw), tropical wet (Ar), subtropical humid (Cf)",,,,,330.0,365.0,original_rule,edible_flag,high,Pineapple,1,,fruiting,0,,0,0
PP:2595,both,indigofera tinctoria,exact_scientific_name,high,2595.0,Plant,https://permapeople.org/plants/indigofera-tinctoria-indigo,Indigofera tinctoria,Indigo,Fabaceae,,5-12,5.0,12.0,2.0,Fast,Shrubs,1.0,Leaves,Colouring,"Dye, Cover crop, Pest control, Soil conditioner, Teeth, Coppice, Nitrogen fixer",1.0,1.0,0.0,0.0,0.0,1.0,0.0,1.0,1.0,1.0,vegetable,1.0,Edible parts contains Leaves/Stem/Flowers,6889,Indigofera tinctoria,L.,Magnoliopsida:Rosidae:Fabales:Leguminosae,,indigo,"herb, sub-shrub",erect,perennial,multi stem,other,grown on small scale,22.0,28.0,7.0,32.0,1300.0,1700.0,640.0,3000.0,6.0,7.0,4.3,8.7,,,,,,very bright,very bright,very bright,cloudy skies,medium (50-150 cm),shallow (20-50 cm),medium,"medium, light",moderate,low,low (<4 dS/m),low (<4 dS/m),well (dry spells),well (dry spells),,,short day (<12 hours),"tropical wet & dry (Aw), tropical wet (Ar), subtropical humid (Cf), subtropical dry summer (Cs), subtropical dry winter (Cw)",,,,,90.0,210.0,original_rule,edible_flag,high,Indigo,1,,leafy_herb,0,,0,0
PP:2669,both,areca catechu,exact_scientific_name,high,2669.0,Plant,https://permapeople.org/plants/areca-catechu-betel-palm,Areca catechu,Betel Palm,Arecaceae,,11-12,11.0,12.0,15.0,Medium,Tall trees,1.0,"Fruit, Leaves, Seed, Shoots",,"Adhesive, Containers, Dye, Nails, textiles, Plant support, Tannin, Lumber",1.0,1.0,0.0,0.0,0.0,1.0,0.0,1.0,1.0,1.0,fruit_tree,1.0,Layer contains 'Tree' and Edible parts contains 'Fruit',449,Areca catechu,L.,Liliopsida:Arecidae:Arecales:Palmae,Areca macrocalyx Zippelius ex Blume,"betel nut palm, betel nut, arecanut, areca nut, areca palm, betel palm, Arekapalme, noix d`arec, Betelnusspalme, Iburu (Simbo), heta (Roviana), buai, kabibi, Arecae semen, Semen arecae, Nuces arecae, Ping lang, arequier, supari, pinang, gua, adike, kamuya, poka-vakka, kun, thamul, adikke, aakkamaram, kavungu, pophal, kamugu, pakku maram, vakka",tree,erect,perennial,"evergreen, single stem","fruits & nuts, ornamentals/turf, medicinals & aromatic",grown on small scale,16.0,33.0,7.0,39.0,1500.0,3000.0,750.0,5000.0,5.5,6.0,4.5,6.8,,,20.0,22.0,1000.0,cloudy skies,light shade,very bright,light shade,deep (>>150 cm),medium (50-150 cm),"heavy, medium","heavy, medium, light",high,moderate,low (<4 dS/m),low (<4 dS/m),well (dry spells),well (dry spells),,,long day (>14 hours),"tropical wet & dry (Aw), tropical wet (Ar)",,,,,240.0,365.0,original_rule,edible_flag,high,Betel Palm,1,,fruit_tree,0,,0,0
PP:2670,both,arenga pinnata,exact_scientific_name,high,2670.0,Plant,https://permapeople.org/plants/arenga-pinnata-solitary-sugar-palm,Arenga pinnata,Solitary Sugar Palm,Arecaceae,,10-12,10.0,12.0,15.0,Medium,Tall trees,1.0,"Leaves, Sap, Seed","Drink, Sweetener","Weaving material, Crafting, Containers, Fiber, Filter, Fire starter, Pest control, textiles, Plant support, Erosion control, Lumber",1.0,1.0,0.0,0.0,0.0,1.0,0.0,1.0,1.0,1.0,vegetable,1.0,Edible parts contains Leaves/Stem/Flowers,3348,Arenga pinnata,(Wurmb.) Merr,Liliopsida:Arecidae:Arecales:Palmae,Arenga saccharifera,"sugar palm, black sugar palm, palm de sucre, gemuti palm",tree,erect,perennial,"evergreen, single stem","materials, medicinals & aromatic","grown on small scale, harvested from wild",22.0,28.0,16.0,32.0,3000.0,3500.0,2000.0,4000.0,6.0,7.0,5.0,8.0,,,20.0,20.0,1400.0,very bright,clear skies,very bright,cloudy skies,deep (>>150 cm),shallow (20-50 cm),"heavy, medium","heavy, medium",high,low,low (<4 dS/m),low (<4 dS/m),"poorly (saturated >50% of year), well (dry spells)","poorly (saturated >50% of year), well (dry spells)",,,short day (<12 hours),"tropical wet & dry (Aw), tropical wet (Ar)",,,,,365.0,365.0,original_rule,edible_flag,high,Solitary Sugar Palm,1,,leafy_herb,0,,0,0
PP:2679,both,prunus mume,exact_scientific_name,high,2679.0,Plant,https://permapeople.org/plants/prunus-mume-japanese-apricot,Prunus mume,Japanese Apricot,Rosaceae,,6-8,6.0,8.0,9.0,Medium,Trees,1.0,"Flowers, Fruit, Seed",,"Dye, Fragrance",1.0,1.0,0.0,0.0,0.0,1.0,0.0,1.0,1.0,1.0,fruit_tree,1.0,Layer contains 'Tree' and Edible parts contains 'Fruit',8983,Prunus mume,Siebold & Zucc.,Magnoliopsida:Rosidae:Rosales:Rosaceae,,"Japanese apricot, mume, alperceiro do Japao","shrub, tree",erect,perennial,"single stem, multi stem","fruits & nuts, ornamentals/turf",,18.0,34.0,6.0,38.0,800.0,1000.0,600.0,1200.0,5.0,6.5,4.5,7.0,20.0,10.0,40.0,40.0,2000.0,very bright,clear skies,very bright,cloudy skies,deep (>>150 cm),medium (50-150 cm),medium,"heavy, medium, light",high,moderate,low (<4 dS/m),low (<4 dS/m),well (dry spells),well (dry spells),-2,0.0,"short day (<12 hours), neutral day (12-14 hours), long day (>14 hours)","tropical wet & dry (Aw), tropical wet (Ar), subtropical humid (Cf), subtropical dry summer (Cs)",,,,,180.0,210.0,original_rule,edible_flag,high,Japanese Apricot,1,,fruit_tree,0,,0,0
PP:2706,both,portulaca oleracea,exact_scientific_name,high,2706.0,Plant,https://permapeople.org/plants/portulaca-oleracea-green-purslane,Portulaca oleracea,Purslane,Portulacaceae,Annual,3-12,3.0,12.0,0.3,Fast,,1.0,"Leaves, Seed",Salt,Dynamic accumulator,1.0,0.0,0.0,0.0,0.0,1.0,0.0,1.0,1.0,0.0,vegetable,1.0,Edible parts contains Leaves/Stem/Flowers,1784,Portulaca oleracea,L.,Magnoliopsida:Caryophyllidae:Caryophyllales:Portulacaceae,"Portulaca oleracea L. ssp. sylvestris (DC.) Thell., Portulaca oleracea L. var. opposita Poelln.","purslane, pigweed",herb,prostrate/procumbent/semi-erect,annual,,"vegetables, medicinals & aromatic",grown on small scale,18.0,32.0,7.0,36.0,1000.0,2000.0,500.0,4000.0,5.5,7.0,4.3,8.3,,,50.0,60.0,1700.0,very bright,very bright,very bright,clear skies,shallow (20-50 cm),shallow (20-50 cm),"medium, light","heavy, medium, light",high,moderate,low (<4 dS/m),low (<4 dS/m),well (dry spells),well (dry spells),,,"short day (<12 hours), neutral day (12-14 hours), long day (>14 hours)","tropical wet & dry (Aw), tropical wet (Ar), subtropical humid (Cf), subtropical dry summer (Cs), subtropical dry winter (Cw)",,,,,21.0,120.0,original_rule,edible_flag,high,Golden Purslane; Green Purslane,2,,leafy_herb,1,رجلة,0,0
PP:2711,both,quercus chrysolepis,exact_scientific_name,high,2711.0,Plant,https://permapeople.org/plants/quercus-chrysolepis-live-oak,Quercus chrysolepis,Live Oak,Fagaceae,,8-11,8.0,11.0,25.0,Slow,Tall trees,1.0,Seed,Coffee,"Dye, Fire starter, Tannin, Lumber",1.0,1.0,0.0,0.0,0.0,1.0,0.0,0.0,1.0,1.0,other_productive,1.0,"Edible == true, no more specific rule matched",16275,Quercus chrysolepis,Liebm.,Magnoliopsida:Hamamelidae:Fagales:Fagaceae,,"canyon live oak, hickory oak, maul oak, golden-cup oak",tree,erect,perennial,"evergreen, single stem, multi stem","ornamentals/turf, forest/wood",,20.0,25.0,10.0,32.0,300.0,1500.0,150.0,2800.0,6.0,7.0,5.6,7.5,36.0,32.0,42.0,44.0,2800.0,cloudy skies,clear skies,light shade,very bright,deep (>>150 cm),medium (50-150 cm),"heavy, medium, light, wide, organic","heavy, medium, light, wide, organic",high,low,low (<4 dS/m),low (<4 dS/m),well (dry spells),well (dry spells),,,,"desert or arid (Bw), steppe or semiarid (Bs), subtropical dry summer (Cs)",,,,,150.0,230.0,original_rule,edible_flag,high,Live Oak,1,,other,0,,0,0
PP:2716,both,quercus suber,exact_scientific_name,high,2716.0,Plant,https://permapeople.org/plants/quercus-suber-cork-oak,Quercus suber,Cork Oak,Fagaceae,,7-10,7.0,10.0,20.0,Slow,Tall trees,1.0,Seed,Coffee,"Cork, Animal feed, Wind breaker, Tannin, Lumber",1.0,1.0,0.0,0.0,0.0,1.0,0.0,0.0,1.0,1.0,other_productive,1.0,"Edible == true, no more specific rule matched",9143,Quercus suber,L.,Magnoliopsida:Hamamelidae:Fagales:Fagaceae,,"cork oak, mast tree, chene liege, sobreiro, alcornoque",tree,erect,perennial,"evergreen, single stem",forest/wood,grown on large scale,14.0,32.0,5.0,42.0,600.0,1000.0,310.0,2000.0,5.5,7.0,4.5,8.2,30.0,30.0,50.0,50.0,1500.0,very bright,very bright,very bright,clear skies,medium (50-150 cm),medium (50-150 cm),"medium, light","heavy, medium, light",moderate,low,low (<4 dS/m),low (<4 dS/m),"well (dry spells), excessive (dry/moderately dry)","poorly (saturated >50% of year), well (dry spells), excessive (dry/moderately dry)",-5,0.0,short day (<12 hours),"steppe or semiarid (Bs), subtropical dry summer (Cs)",,,,large scale/commercial,365.0,365.0,original_rule,edible_flag,high,Cork Oak,2,,other,0,,0,0
PP:2722,both,cedrela odorata,exact_scientific_name,high,2722.0,Plant,https://permapeople.org/plants/cedrela-odorata-cedar-wood,Cedrela odorata,Cedar Wood,Meliaceae,,9-12,9.0,12.0,30.0,Fast,Tall trees,1.0,Leaves,,"Containers, Fencing, Fire starter, Lumber, Crafting, Pioneer, Wind breaker, Weaving material",1.0,1.0,0.0,0.0,0.0,1.0,0.0,1.0,1.0,1.0,vegetable,1.0,Edible parts contains Leaves/Stem/Flowers,656,Cedrela odorata,L.,Magnoliopsida:Rosidae:Sapindales:Meliaceae,,"West Indian cedar, Spanish cedar, Barbados cedar, Mexican cedar, Honduras cedar, kulche, cedro do Mexico, cedro cheiroso, cedro femea, cedrela",tree,erect,perennial,"deciduous, single stem","materials, ornamentals/turf, medicinals & aromatic, forest/wood, environmental",,22.0,32.0,11.0,39.0,1000.0,2500.0,600.0,3700.0,6.0,7.0,5.5,8.0,,,26.0,28.0,1900.0,very bright,very bright,very bright,clear skies,deep (>>150 cm),medium (50-150 cm),"heavy, medium, light","heavy, medium, light",high,low,low (<4 dS/m),low (<4 dS/m),well (dry spells),well (dry spells),,,short day (<12 hours),"tropical wet & dry (Aw), tropical wet (Ar)",,,,,240.0,300.0,original_rule,edible_flag,high,Cedar Wood,1,,leafy_herb,0,,0,0
PP:2731,both,toona ciliata,exact_scientific_name,high,2731.0,Plant,https://permapeople.org/plants/toona-ciliata-mountain-cedar,Toona ciliata,Mountain Cedar,Meliaceae,,9-12,9.0,12.0,30.0,Fast,Tall trees,1.0,Leaves,,"Dye, Essential Oil, Lumber, Pest control, Weaving material, Tannin, Fragrance",1.0,1.0,0.0,1.0,0.0,1.0,1.0,0.0,1.0,1.0,vegetable,1.0,Edible parts contains Leaves/Stem/Flowers,10458,Toona ciliata,M.J. Roem,Magnoliopsida:Rosidae:Sapindales:Meliaceae,"Toona australis (F. Muell.) Harms, Toona ciliata ssp. ciliata var. australis (F. Muell.) Bahadur, Toona ciliata var. australis (F. Muell.) C. DC., Toona microcarpa (C.DC.) Harms, Toona ternatensis (Miq.) Bahadur., Cedrela toona var. australis (F. Muell.) C. DC., Cedrela toona Roxb. ex Rottler and Willd.","mahanim, tun, tuni, taung-tama, taw thamgo, thit kador, Australian red cedar, Burma cedar, Indian cedar, moulmein cedar, Queensland red cedar, red cedar, toon, danupra, cedre rouge, lim, kukoru, malapoga, suren kapar, suren mal, chomcha, mai-yom-horm, ranggoh, surian limpaga, cedro, mala-vembu, santhana-vembu, thevetharem, yom-hom, l[as]t kh[es]t",tree,erect,perennial,"semi evergreen, deciduous, single stem","forage/pasture, vegetables, materials, ornamentals/turf, medicinals & aromatic, forest/wood, environmental",harvested from wild,18.0,34.0,8.0,48.0,1100.0,3000.0,750.0,4500.0,5.5,6.5,4.5,7.5,17.0,15.0,25.0,30.0,1500.0,very bright,clear skies,very bright,light shade,deep (>>150 cm),medium (50-150 cm),"medium, light","heavy, medium, light, wide, organic",high,moderate,low (<4 dS/m),low (<4 dS/m),well (dry spells),"poorly (saturated >50% of year), well (dry spells)",-3,0.0,short day (<12 hours),"tropical wet & dry (Aw), tropical wet (Ar)",,fire,,,180.0,300.0,original_rule,edible_flag,high,Mountain Cedar,1,,leafy_herb,0,,0,0
PP:2740,both,ricinus communis,exact_scientific_name,high,2740.0,Plant,https://permapeople.org/plants/ricinus-communis-castor-oil-plant,Ricinus communis,Castor-Oil Plant,Euphorbiaceae,,10-11,10.0,11.0,,Fast,Shrubs,1.0,,Oil,"Fiber, Animal feed, Pest control, oil",1.0,0.0,0.0,0.0,0.0,1.0,0.0,1.0,1.0,1.0,other_productive,1.0,"Edible == true, no more specific rule matched",1866,Ricinus communis,L.,Magnoliopsida:Dilleniidae:Euphorbiales:Euphorbiaceae,,"castor oil plant, bele ni vavalagi, lama papalagi, castor bean, gullo, kobo (Galinya), kasterolieboom","shrub, tree",erect,perennial,,medicinals & aromatic,grown on small scale,20.0,30.0,15.0,39.0,600.0,1000.0,400.0,2000.0,5.0,6.5,4.5,8.0,,,50.0,60.0,2000.0,very bright,very bright,very bright,clear skies,deep (>>150 cm),shallow (20-50 cm),medium,"heavy, medium, light",high,moderate,low (<4 dS/m),low (<4 dS/m),well (dry spells),"well (dry spells), excessive (dry/moderately dry)",-2,0.0,"neutral day (12-14 hours), long day (>14 hours)","tropical wet & dry (Aw), steppe or semiarid (Bs), subtropical humid (Cf), subtropical dry summer (Cs)",,,,,140.0,210.0,original_rule,edible_flag,high,Castor-Oil Plant,1,,other,0,,0,0
PP:2741,both,trema orientalis,exact_scientific_name,high,2741.0,Plant,https://permapeople.org/plants/trema-orientalis-charcoal-tree,Trema orientalis,Charcoal Tree,Cannabaceae,,10-12,10.0,12.0,12.0,Fast,Trees,1.0,Leaves,,"Biomass, Fire starter, Dye, Fiber, Animal feed, Mulch, textiles, Pest control, Pioneer, Soil conditioner, Soil reclamation, Erosion control, Weaving material, Tannin, Lumber, Coppice, Nitrogen fixer",1.0,0.0,0.0,0.0,0.0,1.0,0.0,1.0,1.0,1.0,vegetable,1.0,Edible parts contains Leaves/Stem/Flowers,2095,Trema orientalis,(L.) Bl.,Magnoliopsida:Dilleniidae:Urticales:Ulmaceae,,"charcoal tree, gun-powder tree, mpesi, menarong, bulasisi, corgul",tree,erect,perennial,"evergreen, single stem","materials, forest/wood, environmental",grown on small scale,15.0,27.0,8.0,34.0,1500.0,3000.0,1000.0,4000.0,5.5,6.5,4.5,7.5,5.0,5.0,30.0,35.0,2500.0,very bright,clear skies,very bright,cloudy skies,medium (50-150 cm),shallow (20-50 cm),"heavy, medium, light, wide, organic","heavy, medium, light, wide, organic",high,low,low (<4 dS/m),medium (4-10 dS/m),well (dry spells),"poorly (saturated >50% of year), well (dry spells), excessive (dry/moderately dry)",-2,-1.0,"short day (<12 hours), neutral day (12-14 hours), long day (>14 hours)","tropical wet & dry (Aw), tropical wet (Ar), subtropical humid (Cf), subtropical dry summer (Cs), subtropical dry winter (Cw)",,flooding,,,180.0,300.0,original_rule,edible_flag,high,Charcoal Tree,1,,leafy_herb,0,,0,0
PP:2742,both,nepeta cataria,exact_scientific_name,high,2742.0,Plant,https://permapeople.org/plants/nepeta-cataria-catmint,Nepeta cataria,Catmint,Lamiaceae or labiatae,Perennial,3-7,3.0,7.0,1.0,,,1.0,Leaves,"Condiment, Tea","Essential Oil, Herbicide, Fragrance",1.0,0.0,0.0,0.0,1.0,1.0,0.0,1.0,1.0,0.0,vegetable,1.0,Edible parts contains Leaves/Stem/Flowers,7944,Nepeta cataria,L.,Magnoliopsida:Asteridae:Lamiales:Labiatae,,"catnip, catmint, neveda dos gatos, erva dos gatos, nepeta, cataria, gataria, nebeda, hierba gatera",herb,prostrate/procumbent/semi-erect,perennial,,"ornamentals/turf, medicinals & aromatic",grown on small scale,7.0,19.0,4.0,26.0,600.0,1000.0,400.0,1300.0,5.5,6.5,4.9,7.5,,,,,,very bright,clear skies,very bright,cloudy skies,medium (50-150 cm),shallow (20-50 cm),"medium, light","heavy, medium, light",moderate,moderate,low (<4 dS/m),low (<4 dS/m),well (dry spells),well (dry spells),-5,0.0,long day (>14 hours),"steppe or semiarid (Bs), temperate oceanic (Do), temperate continental (Dc), temperate with humid winters (Df), temperate with dry winters (Dw)",,,,,150.0,210.0,original_rule,edible_flag,high,Catmint,1,,leafy_herb,0,,0,0
PP:2743,both,euterpe oleracea,exact_scientific_name,high,2743.0,Plant,https://permapeople.org/plants/euterpe-oleracea-acai,Euterpe oleracea,Acai,Arecaceae,,10-12,10.0,12.0,25.0,Fast,Tall trees,1.0,"Apical bud, Fruit, Leaves, Seed","Oil, Drink, Tea","Fiber, oil, Weaving material, Lumber",1.0,1.0,0.0,0.0,0.0,1.0,0.0,1.0,1.0,1.0,fruit_tree,1.0,Layer contains 'Tree' and Edible parts contains 'Fruit',6054,Euterpe oleracea,C. Martius,Liliopsida:Arecidae:Arecales:Palmae,,"euterpe palm, assai palm, acai palm, cabbage palm, palmier pinot, asaí, palmiche de Rio Negro, manaca, palm of col, açaí, açaízeiro, açaí do Pará, açaí do Baixo Amazonas, açaí de touceira, juçara, juçara de touceira, palmito açai",tree,erect,perennial,"evergreen, multi stem","fruits & nuts, vegetables, ornamentals/turf","grown on small scale, harvested from wild",22.0,28.0,16.0,32.0,1800.0,2300.0,1200.0,3000.0,5.0,5.5,4.5,6.5,,,25.0,30.0,3000.0,very bright,clear skies,very bright,cloudy skies,deep (>>150 cm),shallow (20-50 cm),"heavy, medium, light","heavy, medium, light",high,moderate,low (<4 dS/m),medium (4-10 dS/m),poorly (saturated >50% of year),poorly (saturated >50% of year),5,0.0,short day (<12 hours),"tropical wet & dry (Aw), tropical wet (Ar)",,,,small scale (manual),365.0,365.0,original_rule,edible_flag,high,Acai,1,,fruit_tree,0,,0,0
PP:2763,both,pterocarpus erinaceus,exact_scientific_name,high,2763.0,Plant,https://permapeople.org/plants/pterocarpus-erinaceus-african-kino,Pterocarpus erinaceus,African Kino,Fabaceae,,10-12,10.0,12.0,20.0,Slow,Tall trees,1.0,"Leaves, Seed",,"Fire starter, Dye, Fencing, Animal feed, Lumber, Pest control, Pioneer, Tannin, Coppice, Nitrogen fixer",1.0,0.0,0.0,0.0,0.0,1.0,0.0,1.0,1.0,0.0,legume,1.0,Family == Fabaceae and Edible parts contains Seed/Pod,9043,Pterocarpus erinaceus,Poiret,Magnoliopsida:Rosidae:Fabales:Leguminosae,,,"shrub, tree",erect,perennial,"deciduous, single stem","forage/pasture, materials, ornamentals/turf, medicinals & aromatic, forest/wood, environmental",,22.0,32.0,15.0,36.0,800.0,1600.0,600.0,4000.0,5.0,5.5,4.5,6.5,,,20.0,20.0,600.0,very bright,very bright,very bright,clear skies,medium (50-150 cm),shallow (20-50 cm),medium,"heavy, medium, light",moderate,low,low (<4 dS/m),low (<4 dS/m),well (dry spells),"well (dry spells), excessive (dry/moderately dry)",,,short day (<12 hours),"tropical wet & dry (Aw), tropical wet (Ar)",,,,,240.0,270.0,original_rule,edible_flag,high,African Kino,1,,legume,0,,0,0
PP:2764,both,pterocarpus indicus,exact_scientific_name,high,2764.0,Plant,https://permapeople.org/plants/pterocarpus-indicus-amboyna,Pterocarpus indicus,Amboyna,Fabaceae,,10-12,10.0,12.0,30.0,Fast,Tall trees,1.0,"Flowers, Leaves",,"Dye, Fire starter, Lumber, Hair, Tannin, Nitrogen fixer, Fragrance",1.0,1.0,0.0,0.0,0.0,1.0,0.0,1.0,1.0,1.0,vegetable,1.0,Edible parts contains Leaves/Stem/Flowers,1817,Pterocarpus indicus,Willd.,Magnoliopsida:Rosidae:Fabales:Leguminosae,,"padauk, Burmese rosewood, liki",tree,erect,perennial,"semi evergreen, deciduous, single stem","vegetables, materials, ornamentals/turf, medicinals & aromatic, forest/wood, environmental",grown on small scale,24.0,32.0,12.0,37.0,2000.0,3000.0,1500.0,3500.0,5.5,6.5,5.0,7.5,,,10.0,10.0,,very bright,very bright,very bright,clear skies,deep (>>150 cm),deep (>>150 cm),"medium, light","medium, light",moderate,moderate,low (<4 dS/m),medium (4-10 dS/m),well (dry spells),well (dry spells),,,short day (<12 hours),"tropical wet & dry (Aw), tropical wet (Ar)",drought,"fire, wind",,,180.0,300.0,original_rule,edible_flag,high,Amboyna,1,,leafy_herb,0,,0,0
PP:2772,both,punica granatum,exact_scientific_name,high,2772.0,Plant,https://permapeople.org/plants/punica-granatum-pomegranate,Punica granatum,Pomegranate,Punicaceae,,8-12,8.0,12.0,5.0,Medium,Trees,1.0,"Fruit, Leaves, Seed",Condiment,"Dye, Hedgerow, Ink, Tannin, Lumber, Espalier",1.0,0.0,0.0,0.0,1.0,1.0,0.0,1.0,1.0,1.0,fruit_tree,1.0,Layer contains 'Tree' and Edible parts contains 'Fruit',1829,Punica granatum,L.,Magnoliopsida:Rosidae:Myrtales:Punicaceae,,"pomegranate, grenadine, Chinese apple, grenade, grenadier, roma, roman, romanzeira, milgrada, mirgadeira, granada, granado, dalima, melograno","shrub, tree",erect,perennial,"evergreen, deciduous, single stem","fruits & nuts, medicinals & aromatic",grown on small scale,23.0,32.0,8.0,40.0,900.0,1200.0,400.0,4200.0,6.5,7.5,5.8,8.5,10.0,,30.0,40.0,1600.0,very bright,very bright,very bright,clear skies,deep (>>150 cm),medium (50-150 cm),"heavy, medium","heavy, medium, light",high,low,low (<4 dS/m),medium (4-10 dS/m),well (dry spells),"poorly (saturated >50% of year), well (dry spells), excessive (dry/moderately dry)",-10,0.0,short day (<12 hours),"tropical wet & dry (Aw), tropical wet (Ar), steppe or semiarid (Bs), subtropical humid (Cf), subtropical dry summer (Cs), subtropical dry winter (Cw)",,,,,180.0,365.0,original_rule,edible_flag,high,Pomegranate,1,,fruit_tree,1,رمان,0,0
PP:2774,both,quercus agrifolia,exact_scientific_name,high,2774.0,Plant,https://permapeople.org/plants/quercus-agrifolia-encina,Quercus agrifolia,Encina,Fagaceae,,8-11,8.0,11.0,15.0,Slow,Tall trees,1.0,Seed,,"Crafting, Fire starter, Tannin, Lumber",1.0,1.0,0.0,0.0,0.0,1.0,0.0,0.0,1.0,1.0,other_productive,1.0,"Edible == true, no more specific rule matched",9096,Quercus agrifolia,Nee,Magnoliopsida:Hamamelidae:Fagales:Fagaceae,,"California live oak, Coast live oak, Encina, sobreiro da California",tree,erect,perennial,"evergreen, single stem","fruits & nuts, materials, ornamentals/turf, forest/wood, environmental",,10.0,30.0,5.0,35.0,500.0,1000.0,300.0,1500.0,5.5,6.5,5.0,7.0,32.0,30.0,40.0,42.0,1700.0,cloudy skies,very bright,light shade,very bright,deep (>>150 cm),medium (50-150 cm),"medium, organic","heavy, medium, light, wide, organic",high,moderate,,,well (dry spells),well (dry spells),,,,"steppe or semiarid (Bs), subtropical dry summer (Cs)",,,,,0.0,0.0,original_rule,edible_flag,high,Encina,1,,other,0,,0,0
PP:2796,both,pontederia cordata,exact_scientific_name,high,2796.0,Plant,https://permapeople.org/plants/pontederia-cordata-pickerel-weed,Pontederia cordata,Pickerel Weed,Pontederiaceae,Perennial,3-11,3.0,11.0,0.8,Medium,,1.0,"Leaves, Seed",,,1.0,0.0,0.0,0.0,0.0,0.0,1.0,1.0,1.0,1.0,vegetable,1.0,Edible parts contains Leaves/Stem/Flowers,16098,Pontederia cordata,L.,Liliopsida:Liliidae:Haemodorales:Pontederiaceae,,"pickerel weed, pickerelweed, wampee",herb,erect,perennial,"deciduous, multi stem","vegetables, ornamentals/turf, medicinals & aromatic",,14.0,24.0,10.0,30.0,800.0,1200.0,500.0,1500.0,6.0,7.5,5.5,8.0,24.0,20.0,50.0,52.0,1500.0,clear skies,very bright,cloudy skies,very bright,shallow (20-50 cm),shallow (20-50 cm),"heavy, medium, light, wide, organic","heavy, medium, light, wide, organic",high,moderate,low (<4 dS/m),low (<4 dS/m),poorly (saturated >50% of year),poorly (saturated >50% of year),-25,0.0,,"subtropical humid (Cf), temperate continental (Dc)",flooding,drought,,,120.0,180.0,original_rule,edible_flag,high,Pickerel Weed,1,,leafy_herb,0,,0,0
PP:2803,both,quercus virginiana,exact_scientific_name,high,2803.0,Plant,https://permapeople.org/plants/quercus-virginiana-live-oak,Quercus virginiana,Live Oak,Fagaceae,,6-9,6.0,9.0,20.0,Medium,Tall trees,1.0,Seed,"Oil, Coffee","oil, Tannin, Lumber",1.0,1.0,0.0,0.0,1.0,1.0,0.0,0.0,1.0,1.0,other_productive,1.0,"Edible == true, no more specific rule matched",9146,Quercus virginiana,Miller,Magnoliopsida:Hamamelidae:Fagales:Fagaceae,,"live oak, chene de Virginie, carvalho da Virginia, roble de Virginia",tree,erect,perennial,multi stem,forest/wood,,18.0,32.0,7.0,38.0,1200.0,1800.0,900.0,2400.0,6.0,7.0,5.5,7.5,5.0,5.0,15.0,15.0,500.0,very bright,very bright,very bright,clear skies,medium (50-150 cm),shallow (20-50 cm),light,"medium, light",high,moderate,low (<4 dS/m),low (<4 dS/m),"well (dry spells), excessive (dry/moderately dry)","well (dry spells), excessive (dry/moderately dry)",,,"short day (<12 hours), neutral day (12-14 hours), long day (>14 hours)","tropical wet & dry (Aw), subtropical humid (Cf)",,,,,150.0,210.0,original_rule,edible_flag,high,Live Oak,1,,other,0,,0,0
PP:2838,both,eucalyptus tereticornis,exact_scientific_name,high,2838.0,Plant,https://permapeople.org/plants/eucalyptus-tereticornis-forest-red-gum,Eucalyptus tereticornis,Forest Red Gum,Myrtaceae,,9-12,9.0,12.0,35.0,Fast,Tall trees,1.0,Root,Manna,,1.0,0.0,0.0,0.0,0.0,1.0,1.0,1.0,1.0,1.0,root_crop,1.0,Layer or Edible parts indicates Root/Tuber,1026,Eucalyptus tereticornis,Smith,Magnoliopsida:Rosidae:Myrtales:Myrtaceae,,"siver ironbark, grey gum, slaty gum, stinking gum, flooded gum, eucalipto prateado, forest red gum",tree,erect,perennial,"evergreen, single stem","materials, forest/wood, environmental",,18.0,38.0,4.0,42.0,800.0,1500.0,400.0,3500.0,6.0,7.0,5.5,7.5,15.0,6.0,38.0,38.0,1800.0,very bright,very bright,very bright,cloudy skies,deep (>>150 cm),medium (50-150 cm),"medium, light","heavy, medium, light",high,moderate,low (<4 dS/m),medium (4-10 dS/m),well (dry spells),"poorly (saturated >50% of year), well (dry spells)",-7,-1.0,"short day (<12 hours), neutral day (12-14 hours), long day (>14 hours)","tropical wet & dry (Aw), steppe or semiarid (Bs), subtropical humid (Cf), subtropical dry winter (Cw)","wind, drought",,,,150.0,240.0,original_rule,edible_flag,high,Forest Red Gum,1,,root,0,,0,0
PP:2840,both,eucalyptus viminalis,exact_scientific_name,high,2840.0,Plant,https://permapeople.org/plants/eucalyptus-viminalis-manna-gum,Eucalyptus viminalis,Manna Gum,Myrtaceae,,7-10,7.0,10.0,30.0,Fast,Tall trees,1.0,,Manna,"Adhesive, Essential Oil, Fire starter, Erosion control, Lumber, Fragrance",1.0,0.0,0.0,0.0,1.0,1.0,1.0,1.0,1.0,1.0,other_productive,1.0,"Edible == true, no more specific rule matched",5946,Eucalyptus viminalis,Labill,Magnoliopsida:Rosidae:Myrtales:Myrtaceae,,"white gum tree, manna gum, ribbon gum, eucalipto folhas de vimeiro, eucalipto do mana'",tree,erect,perennial,"evergreen, single stem",forest/wood,,18.0,32.0,4.0,35.0,700.0,1500.0,500.0,2500.0,6.0,7.0,5.5,8.0,28.0,28.0,43.0,43.0,3000.0,very bright,very bright,very bright,clear skies,medium (50-150 cm),medium (50-150 cm),medium,"heavy, medium, light",moderate,low,low (<4 dS/m),low (<4 dS/m),well (dry spells),well (dry spells),-10,-1.0,"short day (<12 hours), neutral day (12-14 hours), long day (>14 hours)","steppe or semiarid (Bs), subtropical humid (Cf), subtropical dry summer (Cs), subtropical dry winter (Cw), temperate oceanic (Do)",fire,,,,210.0,365.0,original_rule,edible_flag,high,Manna Gum,1,,other,0,,0,0
PP:2848,both,eugenia uniflora,exact_scientific_name,high,2848.0,Plant,https://permapeople.org/plants/eugenia-uniflora-brazil-cherry,Eugenia uniflora,Brazil Cherry,Myrtaceae,,10-12,10.0,12.0,6.0,Slow,Shrubs,1.0,"Fruit, Leaves","Drink, Tea","Hedgerow, Houseplant, Tannin, Lumber",1.0,1.0,0.0,0.0,1.0,1.0,0.0,1.0,1.0,1.0,fruit,1.0,Edible parts contains 'Fruit' (non-tree layer),6001,Eugenia uniflora,L.,Magnoliopsida:Rosidae:Myrtales:Myrtaceae,Eugenia michelii Lamk (1789),"Brazil cherry, Surinam cherry, pitanga, cerise de Cayenne, cerisescotes, cerise carrée, ceremai belanda, dewandaru, mayom-farang","shrub, tree",erect,perennial,"evergreen, single stem, multi stem","fruits & nuts, ornamentals/turf, medicinals & aromatic",grown on small scale,21.0,27.0,12.0,32.0,1200.0,2000.0,700.0,2700.0,6.0,7.5,4.0,8.5,,,,,1800.0,very bright,cloudy skies,very bright,cloudy skies,medium (50-150 cm),shallow (20-50 cm),"medium, light","heavy, medium, light",moderate,moderate,low (<4 dS/m),low (<4 dS/m),well (dry spells),"poorly (saturated >50% of year), well (dry spells)",-3,0.0,"short day (<12 hours), neutral day (12-14 hours), long day (>14 hours)","tropical wet & dry (Aw), tropical wet (Ar), subtropical humid (Cf), subtropical dry summer (Cs), subtropical dry winter (Cw)",,,,,300.0,365.0,original_rule,edible_flag,high,Brazil Cherry,1,,fruit_tree,0,,0,0
PP:2849,both,santalum spicatum,exact_scientific_name,high,2849.0,Plant,https://permapeople.org/plants/santalum-spicatum-west-australian-sandalwood,Santalum spicatum,West Australian Sandalwood,Santalaceae,,10-12,10.0,12.0,4.0,Slow,Shrubs,1.0,"Fruit, Seedpod",Oil,"Cosmetic, Essential Oil, Fire starter, Fragrance, oil, Soap making, Soil conditioner",1.0,1.0,0.0,0.0,1.0,0.0,0.0,1.0,1.0,1.0,fruit,1.0,Edible parts contains 'Fruit' (non-tree layer),9549,Santalum spicatum,(R. Br) DC.,Magnoliopsida:Rosidae:Santalales:Santalaceae,,,"shrub, tree",erect,perennial,"single stem, multi stem","materials, forest/wood",,32.0,38.0,7.0,45.0,200.0,400.0,150.0,500.0,5.5,6.5,5.0,7.0,22.0,22.0,34.0,34.0,500.0,very bright,very bright,very bright,clear skies,medium (50-150 cm),shallow (20-50 cm),"medium, light","medium, light",moderate,low,low (<4 dS/m),low (<4 dS/m),well (dry spells),well (dry spells),-4,0.0,,"desert or arid (Bw), steppe or semiarid (Bs), subtropical dry summer (Cs)",drought,,,,150.0,365.0,original_rule,edible_flag,high,West Australian Sandalwood,1,,fruit_tree,0,,0,0
PP:2850,both,eugenia brasiliensis,ecocrop_synonym_binomial,medium,2850.0,Plant,https://permapeople.org/plants/eugenia-brasiliensis-grumichama,Eugenia brasiliensis,Grumichama,Myrtaceae,,9-12,9.0,12.0,8.0,Slow,Shrubs,1.0,Fruit,,"Containers, Essential Oil, Lumber, Tannin",1.0,1.0,0.0,0.0,0.0,1.0,0.0,1.0,1.0,1.0,fruit,1.0,Edible parts contains 'Fruit' (non-tree layer),5967,Eugenia dombeyi,(Sprengel) Skeels,Magnoliopsida:Rosidae:Myrtales:Myrtaceae,"Eugenia brasiliensis Lamk (1789), Myrtus dombeyi Sprengel (1825)","Brazil eugenia, Brazilian cherry, grumix-aneira of Brazil, Bois de nèfle, cerisier du Brésil, jambosier du Brésil, grumichama, grumixama, grumixameira",tree,erect,perennial,"evergreen, single stem","fruits & nuts, ornamentals/turf, medicinals & aromatic",grown on small scale,21.0,32.0,15.0,38.0,1200.0,2500.0,800.0,3500.0,5.5,6.5,4.5,7.5,,,,,100.0,clear skies,very bright,light shade,very bright,deep (>>150 cm),medium (50-150 cm),medium,medium,high,moderate,low (<4 dS/m),low (<4 dS/m),well (dry spells),well (dry spells),-3,0.0,"short day (<12 hours), neutral day (12-14 hours), long day (>14 hours)","tropical wet & dry (Aw), tropical wet (Ar), subtropical humid (Cf)",coastal salt spray,,,home garden,210.0,365.0,original_rule,edible_flag,high,Grumichama,1,,fruit_tree,0,,1,0
PP:2857,both,syzygium cumini,exact_scientific_name,high,2857.0,Plant,https://permapeople.org/plants/syzygium-cumini-jambolan,Syzygium cumini,Jambolan,Myrtaceae,,8-12,8.0,12.0,25.0,Fast,Shrubs,1.0,"Fruit, Seed","Coffee, Drink","Containers, Cosmetic, Lumber, Hedgerow, Preservative, Wind breaker, Tannin, Teeth, Coppice",1.0,1.0,0.0,0.0,0.0,1.0,1.0,1.0,1.0,1.0,fruit,1.0,Edible parts contains 'Fruit' (non-tree layer),1030,Syzygium cumini,(L.) Skeels,Magnoliopsida:Rosidae:Myrtales:Myrtaceae,"Eugenia cumini (L.) Druce, Eugenia jambolana Lamk., Jambolifera sinensis Spreng., Myrtus cumini L., Syzygium cumini Skeels, Syzygium jambolanum (Lam.) DC.","thabyay-hypyoo, black plum, black plum tree, Indian blackberry, jambolan, jambolan-plum, Java plum, malabar plum, Portuguese plum, jamelão, duhat, lomboi, jamélongue, jam, jaman, jamun, duwet, jamblang, pring bai, va, jambulana, jiwat, obah, jambu, jambul, madan, naval, mzambarau, hakhiphae, wa, trâm môc, vôi rung",tree,erect,perennial,"evergreen, single stem","fruits & nuts, materials, ornamentals/turf, medicinals & aromatic, forest/wood, environmental, weed",grown on small scale,20.0,32.0,12.0,48.0,1500.0,6000.0,800.0,9900.0,5.5,7.0,4.5,8.0,10.0,,30.0,35.0,2000.0,clear skies,light shade,very bright,light shade,deep (>>150 cm),shallow (20-50 cm),"medium, light","heavy, medium, light, organic",high,low,low (<4 dS/m),medium (4-10 dS/m),"poorly (saturated >50% of year), well (dry spells)","poorly (saturated >50% of year), well (dry spells), excessive (dry/moderately dry)",-2,-1.0,"short day (<12 hours), neutral day (12-14 hours), long day (>14 hours)","tropical wet & dry (Aw), tropical wet (Ar), subtropical humid (Cf), subtropical dry summer (Cs), subtropical dry winter (Cw)","wind, drought",,can become a weed,,150.0,365.0,original_rule,edible_flag,high,Jambolan,1,,fruit_tree,0,,0,0
PP:2876,both,euterpe edulis,exact_scientific_name,high,2876.0,Plant,https://permapeople.org/plants/euterpe-edulis-jucara-palm,Euterpe edulis,Jucara Palm,Arecaceae,,9-12,9.0,12.0,30.0,Medium,Tall trees,1.0,"Apical bud, Fruit, Leaves, Seed, Shoots","Oil, Drink","Alcohol, Fire starter, oil, Lumber",1.0,1.0,0.0,0.0,0.0,1.0,0.0,1.0,1.0,1.0,fruit_tree,1.0,Layer contains 'Tree' and Edible parts contains 'Fruit',6052,Euterpe edulis,Mart.,Liliopsida:Arecidae:Arecales:Palmae,,palmiteiro,tree,erect,perennial,"evergreen, single stem",fruits & nuts,,18.0,23.0,14.0,30.0,1500.0,2500.0,1300.0,2800.0,4.5,5.0,4.1,5.6,,,,,1200.0,very bright,clear skies,very bright,cloudy skies,deep (>>150 cm),medium (50-150 cm),"heavy, medium, light","heavy, medium, light",high,moderate,low (<4 dS/m),low (<4 dS/m),poorly (saturated >50% of year),"poorly (saturated >50% of year), well (dry spells)",,,short day (<12 hours),"tropical wet & dry (Aw), subtropical humid (Cf), subtropical dry winter (Cw)",,,,,365.0,365.0,original_rule,edible_flag,high,Jucara Palm,1,,fruit_tree,0,,0,0
PP:2896,both,eragrostis tef,exact_scientific_name,high,2896.0,Plant,https://permapeople.org/plants/eragrostis-tef-tef,Eragrostis tef,Tef,Poaceae or gramineae,Annual,8-11,8.0,11.0,1.0,,,1.0,Seed,,,1.0,0.0,0.0,0.0,1.0,1.0,0.0,1.0,1.0,1.0,other_productive,1.0,"Edible == true, no more specific rule matched",5746,Eragrostis tef,(Zucc.) Trotter,Liliopsida:Commelinidae:Cyperales:Gramineae,"Eragrostis pilosa (L.) P. Beauv. var. tef (Zucc.), Eragrostis pilosa (L.) P. Beauv. ssp. abyssinica (Jacq.), Eragrostis abyssinica (Jacq.), Cynodon abyssinicus (Jacq.), Poa cerealis, Poa abyssinica, Poa tef","tef, tafi (Orom.), taf, teff, Williams lovegrass, chimanganga (Malawi), ndzungulu(Malawi)",grass,erect,annual,,"cereals & pseudocereals, materials",grown on large scale,22.0,28.0,2.0,30.0,600.0,1200.0,300.0,2500.0,5.5,6.5,5.0,8.2,5.0,,20.0,45.0,2800.0,very bright,very bright,very bright,clear skies,shallow (20-50 cm),shallow (20-50 cm),"medium, light","heavy, medium, light",moderate,low,low (<4 dS/m),low (<4 dS/m),well (dry spells),"poorly (saturated >50% of year), well (dry spells), excessive (dry/moderately dry)",,,"short day (<12 hours), neutral day (12-14 hours), long day (>14 hours)","tropical wet & dry (Aw), steppe or semiarid (Bs), subtropical humid (Cf), subtropical dry summer (Cs), subtropical dry winter (Cw), temperate oceanic (Do), temperate continental (Dc), temperate with humid winters (Df), temperate with dry winters (Dw)",,wind,,,65.0,150.0,original_rule,edible_flag,high,Tef,1,,other,0,,0,0
PP:2897,both,eragrostis curvula,exact_scientific_name,high,2897.0,Plant,https://permapeople.org/plants/eragrostis-curvula-weeping-love-grass,Eragrostis curvula,Weeping Love Grass,Poaceae or gramineae,Perennial,6-9,6.0,9.0,1.2,,,1.0,Seed,,"Weaving material, Biomass, Erosion control",1.0,0.0,0.0,0.0,0.0,1.0,0.0,1.0,1.0,1.0,other_productive,1.0,"Edible == true, no more specific rule matched",5731,Eragrostis curvula,(Schrader) Nees,Liliopsida:Commelinidae:Cyperales:Gramineae,"Eragrostis chloromelas Steud., Eragrostis jeffreysii Hack, Eragrostis robusta Stent, Poa curvula Schrad.","weeping lovegrass, African love grass, eragrostide courbée, pasto llorón, gekrümmtes liebesgras, oulandsgras, kosmatka Africka, eragrostide curvula, shinadare suzume gaya, wiipin gurabu gurasu, capim-chorão, Afrikanskt kärleksgräs, salkim yalaf",grass,erect,perennial,multi stem,forage/pasture,grown on large scale,17.0,32.0,7.0,38.0,500.0,1000.0,300.0,1200.0,6.5,8.5,5.0,9.0,,,40.0,40.0,3500.0,very bright,clear skies,very bright,cloudy skies,medium (50-150 cm),shallow (20-50 cm),"medium, light","heavy, medium, light",moderate,low,low (<4 dS/m),medium (4-10 dS/m),well (dry spells),"well (dry spells), excessive (dry/moderately dry)",-5,-1.0,"short day (<12 hours), neutral day (12-14 hours), long day (>14 hours)","tropical wet & dry (Aw), steppe or semiarid (Bs), subtropical humid (Cf)",,,,,120.0,280.0,original_rule,edible_flag,high,Weeping Love Grass,1,,other,0,,0,0
PP:2899,both,eragrostis pilosa,exact_scientific_name,high,2899.0,Plant,https://permapeople.org/plants/eragrostis-pilosa-soft-love-grass,Eragrostis pilosa,Soft Love Grass,Poaceae or gramineae,Annual,6-9,6.0,9.0,0.6,,,1.0,Seed,,,1.0,0.0,0.0,0.0,0.0,1.0,0.0,1.0,1.0,0.0,other_productive,1.0,"Edible == true, no more specific rule matched",5743,Eragrostis pilosa,(L.) P. Beauv.,Liliopsida:Commelinidae:Cyperales:Gramineae,,,grass,,annual,multi stem,forage/pasture,,18.0,30.0,5.0,36.0,500.0,1300.0,200.0,2200.0,4.5,5.5,4.0,6.0,,,,,2300.0,very bright,clear skies,very bright,cloudy skies,medium (50-150 cm),shallow (20-50 cm),"heavy, medium, light","heavy, medium, light",moderate,,low (<4 dS/m),low (<4 dS/m),well (dry spells),well (dry spells),-15,-1.0,"short day (<12 hours), neutral day (12-14 hours), long day (>14 hours)","tropical wet (Ar), desert or arid (Bw), steppe or semiarid (Bs), subtropical dry winter (Cw), temperate continental (Dc)",,,,,90.0,240.0,original_rule,edible_flag,high,Soft Love Grass,1,,other,0,,0,0
PP:2941,both,glyceria fluitans,exact_scientific_name,high,2941.0,Plant,https://permapeople.org/plants/glyceria-fluitans-floating-manna-grass,Glyceria fluitans,Floating Manna Grass,Poaceae or gramineae,Perennial,4-8,4.0,8.0,0.5,,,1.0,Seed,,Fragrance,1.0,0.0,0.0,0.0,0.0,0.0,1.0,1.0,1.0,1.0,other_productive,1.0,"Edible == true, no more specific rule matched",6458,Glyceria fluitans,(L.) R. Br.,Liliopsida:Commelinidae:Cyperales:Gramineae,Panicularia fluitans (L.) Kuntze.,"float grass, northern mannagrass, mannagrass, marsh bedstraw, floating sweet-grass, water mannagrass, floating manna grass, mannasøtgras, manna-sødgræs, ojasorsimo, fló›apuntur, flutender schwaden",grass,prostrate/procumbent/semi-erect,perennial,"deciduous, multi stem","cereals & pseudocereals, materials",,14.0,26.0,10.0,32.0,600.0,900.0,500.0,1000.0,4.5,8.0,4.0,8.5,37.0,34.0,62.0,65.0,1500.0,clear skies,very bright,cloudy skies,very bright,shallow (20-50 cm),shallow (20-50 cm),"medium, light","heavy, medium, light",high,moderate,low (<4 dS/m),low (<4 dS/m),poorly (saturated >50% of year),poorly (saturated >50% of year),-25,0.0,,"temperate oceanic (Do), temperate continental (Dc)",flooding,drought,,,0.0,0.0,original_rule,edible_flag,high,Floating Manna Grass,1,,other,0,,0,0
PP:2950,both,glycyrrhiza glabra,exact_scientific_name,high,2950.0,Plant,https://permapeople.org/plants/glycyrrhiza-glabra-liquorice,Glycyrrhiza glabra,Liquorice,Fabaceae or leguminosae,Perennial,7-10,7.0,10.0,1.2,,,1.0,Root,"Sweetener, Tea","Fiber, Dynamic accumulator, Nitrogen fixer, Fragrance",1.0,1.0,0.0,0.0,0.0,1.0,0.0,1.0,1.0,0.0,root_crop,1.0,Layer or Edible parts indicates Root/Tuber,6467,Glycyrrhiza glabra,L.,Magnoliopsida:Rosidae:Fabales:Leguminosae,,"liquorice, liquorice root, réglisse, Süssholz, soethoutwortel, mlomo-mnandi, mulaithi, khosha walgi, rubussusa, bikhe mahaka, liquirizia, regaliz, sweet wood, réglisse glabre, réglisse officinale, meyan kok, meyan otu, biyan kok, ayi kulozi, azrar azidane, shagaret es-sûs, erqsûs","herb, sub-shrub",erect,perennial,,"roots/tubers, forage/pasture, materials, medicinals & aromatic",grown on small scale,14.0,25.0,5.0,30.0,500.0,1000.0,300.0,1200.0,6.5,7.5,5.5,8.2,,,,,,very bright,very bright,very bright,clear skies,deep (>>150 cm),medium (50-150 cm),"heavy, medium","heavy, medium, light",high,moderate,low (<4 dS/m),medium (4-10 dS/m),well (dry spells),"poorly (saturated >50% of year), well (dry spells)",-10,0.0,long day (>14 hours),"steppe or semiarid (Bs), subtropical dry summer (Cs), temperate oceanic (Do), temperate continental (Dc), temperate with humid winters (Df), temperate with dry winters (Dw)",,,can become a weed,small scale (manual),90.0,150.0,original_rule,edible_flag,high,Liquorice,1,,root,0,,0,0
PP:2951,both,glycine max,exact_scientific_name,high,2951.0,Plant,https://permapeople.org/plants/glycine-max-soya-bean,Glycine max,Soya Bean,Fabaceae or leguminosae,Annual,7-10,7.0,10.0,0.6,,,1.0,"Leaves, Seed, Seedpod, Milk","Oil, Coffee","Biomass, Cover crop, oil, textiles, Nitrogen fixer",1.0,0.0,0.0,0.0,0.0,1.0,0.0,1.0,1.0,0.0,legume,1.0,Family == Fabaceae and Edible parts contains Seed/Pod,1150,Glycine max,(L.) Merrill.,Magnoliopsida:Rosidae:Fabales:Leguminosae,"Dolichos soja L., Glycine gracilis Skvortzov, Glycine hispida (Moench) Maxim., Phaseolus max L., Soja angustifolia Miq., Soja hispida Moench, Soja japonica Savi, Soja max (L.) Piper, Soja viridis Savi","soya bean, soyabean, soybean, soya, sojaboon, sojaplant, sojaboontjie, fejao soja, soja, dadou, soia piini, bean - soya, Sojabohne",herb,erect,annual,,pulses (grain legumes),grown on large scale,20.0,33.0,10.0,38.0,600.0,1500.0,450.0,1800.0,5.5,6.5,4.5,8.4,,,47.0,52.0,3000.0,very bright,very bright,very bright,clear skies,medium (50-150 cm),shallow (20-50 cm),"medium, organic","heavy, medium, light",high,low,low (<4 dS/m),medium (4-10 dS/m),well (dry spells),"poorly (saturated >50% of year), well (dry spells), excessive (dry/moderately dry)",,,short day (<12 hours),"tropical wet & dry (Aw), steppe or semiarid (Bs), subtropical dry summer (Cs)",,,,,75.0,180.0,original_rule,edible_flag,high,Soya Bean,1,,legume,0,,0,0
PP:2961,both,glycyrrhiza lepidota,exact_scientific_name,high,2961.0,Plant,https://permapeople.org/plants/glycyrrhiza-lepidota-american-liquorice,Glycyrrhiza lepidota,American Liquorice,Fabaceae or leguminosae,Perennial,3-8,3.0,8.0,1.0,,,1.0,"Leaves, Root, Shoots",,"Dynamic accumulator, Nitrogen fixer",1.0,1.0,0.0,0.0,0.0,1.0,0.0,1.0,1.0,0.0,root_crop,1.0,Layer or Edible parts indicates Root/Tuber,6468,Glycyrrhiza lepidota,Pursh,Magnoliopsida:Rosidae:Fabales:Leguminosae,,,herb,erect,perennial,"single stem, C3 photosynthesis",medicinals & aromatic,grown on small scale,10.0,17.0,4.0,23.0,450.0,500.0,350.0,550.0,6.0,7.5,5.5,8.5,20.0,20.0,50.0,50.0,2280.0,very bright,very bright,very bright,clear skies,medium (50-150 cm),shallow (20-50 cm),"medium, light","heavy, medium, light",high,moderate,low (<4 dS/m),low (<4 dS/m),well (dry spells),"poorly (saturated >50% of year), well (dry spells)",-5,-1.0,long day (>14 hours),"steppe or semiarid (Bs), subtropical humid (Cf), subtropical dry summer (Cs), subtropical dry winter (Cw), temperate oceanic (Do), temperate continental (Dc), temperate with humid winters (Df), temperate with dry winters (Dw)",,,,,120.0,150.0,original_rule,edible_flag,high,American Liquorice,1,,leafy_herb,0,,0,0
PP:2968,both,gossypium herbaceum,exact_scientific_name,high,2968.0,Plant,https://permapeople.org/plants/gossypium-herbaceum-short-staple-american-cotton-cotton,Gossypium herbaceum,Short-Staple American Cotton (Cotton ),Malvaceae,,10-12,10.0,12.0,1.2,Fast,Shrubs,1.0,"Leaves, Seed","Oil, Coffee","Dye, Fertilizer, Fiber, oil, textiles, Soap, Weaving material, Coppice",1.0,1.0,0.0,0.0,0.0,1.0,0.0,1.0,1.0,0.0,vegetable,1.0,Edible parts contains Leaves/Stem/Flowers,6493,Gossypium herbaceum,L.,Magnoliopsida:Dilleniidae:Malvales:Malvaceae,,cotton root,shrub,erect,"biennial, perennial",multi stem,"forage/pasture, materials, medicinals & aromatic",grown on small scale,26.0,36.0,18.0,38.0,750.0,1250.0,200.0,1500.0,6.0,7.2,5.3,8.5,,,,,2200.0,very bright,very bright,very bright,clear skies,deep (>>150 cm),medium (50-150 cm),"heavy, medium, light","heavy, medium, light",moderate,moderate,low (<4 dS/m),medium (4-10 dS/m),well (dry spells),well (dry spells),,,"short day (<12 hours), neutral day (12-14 hours)","tropical wet & dry (Aw), tropical wet (Ar), desert or arid (Bw), steppe or semiarid (Bs), subtropical humid (Cf), subtropical dry summer (Cs), subtropical dry winter (Cw)",,,,,190.0,210.0,original_rule,edible_flag,high,Short-Staple American Cotton (Cotton ),1,,leafy_herb,0,,0,0
PP:2969,both,gossypium barbadense,exact_scientific_name,high,2969.0,Plant,https://permapeople.org/plants/gossypium-barbadense-sea-island-cotton,Gossypium barbadense,Sea Island Cotton,Malvaceae,,10-12,10.0,12.0,3.0,Fast,Shrubs,1.0,"Leaves, Seed",Oil,"Fiber, oil, Weaving material, textiles, Coppice",1.0,0.0,0.0,0.0,0.0,1.0,0.0,1.0,1.0,0.0,vegetable,1.0,Edible parts contains Leaves/Stem/Flowers,1158,Gossypium barbadense,L.,Magnoliopsida:Dilleniidae:Malvales:Malvaceae,,"cotton, sea island cotton, long-staple cotton, Egyptian cotton, tit",sub-shrub,erect,perennial,"multi stem, C3 photosynthesis","forage/pasture, materials, ornamentals/turf",grown on small scale,22.0,32.0,15.0,38.0,750.0,1250.0,500.0,1500.0,5.2,7.2,5.0,8.5,,,20.0,20.0,1500.0,very bright,very bright,very bright,clear skies,deep (>>150 cm),medium (50-150 cm),"medium, organic","heavy, medium, light",moderate,moderate,low (<4 dS/m),medium (4-10 dS/m),well (dry spells),well (dry spells),,,"short day (<12 hours), neutral day (12-14 hours)","tropical wet & dry (Aw), tropical wet (Ar), steppe or semiarid (Bs), subtropical humid (Cf), subtropical dry summer (Cs), subtropical dry winter (Cw)",,wind,,,180.0,210.0,original_rule,edible_flag,high,Sea Island Cotton,1,,leafy_herb,0,,0,0
PP:2970,both,gossypium hirsutum,exact_scientific_name,high,2970.0,Plant,https://permapeople.org/plants/gossypium-hirsutum-upland-cotton,Gossypium hirsutum,Upland Cotton,Malvaceae,,5-10,5.0,10.0,2.0,Fast,Shrubs,1.0,Seed,Oil,oil,1.0,0.0,0.0,0.0,0.0,1.0,0.0,1.0,1.0,1.0,other_productive,1.0,"Edible == true, no more specific rule matched",1160,Gossypium hirsutum,L.,Magnoliopsida:Dilleniidae:Malvales:Malvaceae,,"cotton, upland cotton, coton, algodón, qutun, mianhua, algodao, baumwolle, bomuld, från amerika, paruthi, kapas, katoen",shrub,erect,"annual, perennial",multi stem,"forage/pasture, materials",grown on large scale,22.0,36.0,15.0,42.0,750.0,1200.0,450.0,1500.0,6.0,7.5,5.0,9.5,,,32.0,47.0,1250.0,very bright,very bright,very bright,clear skies,deep (>>150 cm),medium (50-150 cm),"heavy, medium","heavy, medium, light, organic",moderate,moderate,low (<4 dS/m),medium (4-10 dS/m),well (dry spells),well (dry spells),,,"short day (<12 hours), neutral day (12-14 hours), long day (>14 hours)","tropical wet & dry (Aw), tropical wet (Ar), steppe or semiarid (Bs), subtropical humid (Cf), subtropical dry summer (Cs), subtropical dry winter (Cw), temperate oceanic (Do), temperate continental (Dc), temperate with humid winters (Df), temperate with dry winters (Dw)",,,,large scale/commercial,150.0,200.0,original_rule,edible_flag,high,Upland Cotton,1,,other,0,,0,0
PP:2971,both,gossypium arboreum,exact_scientific_name,high,2971.0,Plant,https://permapeople.org/plants/gossypium-arboreum-tree-cotton,Gossypium arboreum,Tree Cotton,Malvaceae,,10-12,10.0,12.0,5.0,Fast,Shrubs,1.0,"Leaves, Seed",Oil,oil,1.0,0.0,0.0,0.0,0.0,1.0,0.0,1.0,1.0,1.0,vegetable,1.0,Edible parts contains Leaves/Stem/Flowers,6492,Gossypium arboreum,L.,Magnoliopsida:Dilleniidae:Malvales:Malvaceae,,cotton tree,shrub,erect,"annual, perennial","multi stem, C3 photosynthesis","forage/pasture, materials",grown on small scale,26.0,36.0,18.0,38.0,750.0,1250.0,500.0,1500.0,6.0,7.2,5.3,8.5,10.0,10.0,30.0,30.0,1600.0,very bright,very bright,very bright,clear skies,deep (>>150 cm),medium (50-150 cm),"heavy, medium, light","heavy, medium, light",moderate,moderate,low (<4 dS/m),medium (4-10 dS/m),well (dry spells),well (dry spells),,,"short day (<12 hours), neutral day (12-14 hours)","tropical wet & dry (Aw), tropical wet (Ar), steppe or semiarid (Bs), subtropical humid (Cf), subtropical dry summer (Cs), subtropical dry winter (Cw)",,wind,,,190.0,210.0,original_rule,edible_flag,high,Tree Cotton,1,,leafy_herb,0,,0,0
PP:3024,both,cinnamomum verum,exact_scientific_name,high,3024.0,Plant,https://permapeople.org/plants/cinnamomum-verum-cinnamon,Cinnamomum verum,Cinnamon,Lauraceae,,10-12,10.0,12.0,10.0,Slow,Trees,1.0,"Inner bark, Leaves","Oil, Drink","Cosmetic, Essential Oil, oil, Soap making, Lumber, Coppice",1.0,1.0,0.0,0.0,0.0,1.0,0.0,1.0,1.0,1.0,vegetable,1.0,Edible parts contains Leaves/Stem/Flowers,702,Cinnamomum verum,Presl.,Magnoliopsida:Magnoliidae:Magnoliales:Lauraceae,"Cinnamomum zeylanicum Nees, Laurus cinnamomum L.","cinnamon, true cinnamon, canela, cannelle, Zimt, kanel, qurfa, kaneel, cannella, koritsa, seiron-nikkei, jou-kuei, jou-kwei, Cortex Cinnamomi",tree,erect,perennial,,"materials, medicinals & aromatic",grown on large scale,24.0,30.0,18.0,36.0,2000.0,2600.0,1200.0,3000.0,5.5,6.5,5.0,7.0,5.0,,15.0,,2000.0,very bright,clear skies,very bright,light shade,deep (>>150 cm),medium (50-150 cm),light,"medium, light",low,low,low (<4 dS/m),low (<4 dS/m),well (dry spells),well (dry spells),,,short day (<12 hours),"tropical wet (Ar), subtropical humid (Cf)",,,,,300.0,365.0,original_rule,edible_flag,high,Cinnamon,1,,leafy_herb,0,,0,0
PP:3025,both,cinchona pubescens,exact_scientific_name,high,3025.0,Plant,https://permapeople.org/plants/cinchona-pubescens-quinine-tree,Cinchona pubescens,Quinine tree,Rubiaceae,,10-12,10.0,12.0,15.0,Fast,Tall trees,1.0,Inner bark,Drink,"Hair, Pest control, Teeth, Coppice",1.0,1.0,0.0,0.0,0.0,1.0,0.0,1.0,1.0,0.0,other_productive,1.0,"Edible == true, no more specific rule matched",697,Cinchona pubescens,Vahl,Magnoliopsida:Asteridae:Rubiales:Rubiaceae,Cinchona succirubra Pavon ex Klotzsch,"quinine tree, cascarilla, quinquina rouge, Chinarindenbaum, Chinarinde, Fieberrinde",tree,erect,perennial,"evergreen, single stem","materials, medicinals & aromatic",,17.0,25.0,9.0,28.0,2500.0,3500.0,1400.0,4000.0,5.0,6.0,4.5,6.5,,,15.0,15.0,3500.0,very bright,cloudy skies,very bright,light shade,medium (50-150 cm),medium (50-150 cm),"light, organic","medium, light",moderate,moderate,low (<4 dS/m),low (<4 dS/m),well (dry spells),well (dry spells),5,5.0,"short day (<12 hours), neutral day (12-14 hours), long day (>14 hours)",tropical wet & dry (Aw),,,,,365.0,365.0,original_rule,edible_flag,high,Quinine tree,1,,other,0,,0,0
PP:3027,both,cinchona officinalis,exact_scientific_name,high,3027.0,Plant,https://permapeople.org/plants/cinchona-officinalis-lojabark,Cinchona officinalis,Lojabark,Rubiaceae,,10-12,10.0,12.0,8.0,Medium,Trees,1.0,Inner bark,Drink,"Hair, Pest control, Teeth, Coppice",1.0,1.0,0.0,0.0,0.0,1.0,0.0,1.0,1.0,0.0,other_productive,1.0,"Edible == true, no more specific rule matched",4565,Cinchona officinalis,L.,Magnoliopsida:Asteridae:Rubiales:Rubiaceae,,,tree,erect,perennial,"evergreen, single stem","materials, medicinals & aromatic, environmental",,14.0,23.0,7.0,27.0,2500.0,3500.0,1400.0,4000.0,5.5,6.3,4.8,7.0,,,15.0,15.0,3000.0,very bright,cloudy skies,very bright,light shade,medium (50-150 cm),medium (50-150 cm),"medium, light","medium, light",high,moderate,low (<4 dS/m),low (<4 dS/m),well (dry spells),well (dry spells),7,7.0,"short day (<12 hours), neutral day (12-14 hours), long day (>14 hours)",tropical wet & dry (Aw),,,,,365.0,365.0,original_rule,edible_flag,high,Lojabark,1,,other,0,,0,0
PP:3029,both,cinchona calisaya,exact_scientific_name,high,3029.0,Plant,https://permapeople.org/plants/cinchona-calisaya-peruvian-bark,Cinchona calisaya,Peruvian Bark,Rubiaceae,,10-12,10.0,12.0,6.0,Medium,Trees,1.0,Inner bark,"Condiment, Drink",Teeth,1.0,1.0,0.0,0.0,0.0,1.0,0.0,1.0,1.0,0.0,other_productive,1.0,"Edible == true, no more specific rule matched",4563,Cinchona calisaya,Wedd.,Magnoliopsida:Asteridae:Rubiales:Rubiaceae,,,"shrub, tree",erect,perennial,"evergreen, single stem, multi stem","medicinals & aromatic, environmental",,17.0,24.0,7.0,28.0,2500.0,3000.0,1400.0,3800.0,5.0,6.0,4.5,6.5,,,25.0,20.0,3000.0,very bright,cloudy skies,very bright,light shade,medium (50-150 cm),medium (50-150 cm),"light, organic","medium, light",high,moderate,low (<4 dS/m),low (<4 dS/m),well (dry spells),well (dry spells),5,5.0,"short day (<12 hours), neutral day (12-14 hours), long day (>14 hours)",tropical wet (Ar),,,,,365.0,365.0,original_rule,edible_flag,high,Peruvian Bark,1,,other,0,,0,0
PP:3077,both,phyllanthus emblica,ecocrop_synonym_binomial,medium,3077.0,Plant,https://permapeople.org/plants/phyllanthus-emblica-emblica,Phyllanthus emblica,Emblica,Phyllanthaceae,,10-12,10.0,12.0,15.0,Slow,Shrubs,1.0,"Fruit, Leaves, Seed","Oil, Pectin","Fire starter, Dye, Filter, Lumber, Cover crop, Hair, Ink, Mordant, oil, Pectin, Pioneer, Soil reclamation, textiles, Tannin, Coppice",1.0,0.0,0.0,0.0,1.0,1.0,0.0,1.0,1.0,1.0,fruit,1.0,Edible parts contains 'Fruit' (non-tree layer),8537,Emblica officinalis,Gaertn.,,Phyllanthus emblica L.,"amla, aonla, emblic, emblic myrobalan, malacca tree, Indian gooseberry, amlet, amalaki, aurna, karnataki, amalkam, nelli, adiphala, amalka, amrit, amritfala, dhatriphala, panchrasa, shreefal, shiva, vaystha, nellikai, amra, ray, sobju, amolphal, myrobalan, melaka, Asam melaka, amlaka, ma kham pom, mak kham pom, kam lam, kam lam ko, bong ngot, chu me",tree,erect,perennial,"deciduous, single stem","forage/pasture, fruits & nuts, ornamentals/turf, medicinals & aromatic, environmental",grown on small scale,20.0,29.0,14.0,35.0,1500.0,2500.0,700.0,4200.0,6.0,8.0,5.0,8.5,,,,,1800.0,very bright,very bright,very bright,clear skies,deep (>>150 cm),medium (50-150 cm),medium,"heavy, medium, light",moderate,moderate,low (<4 dS/m),low (<4 dS/m),well (dry spells),well (dry spells),,,"short day (<12 hours), neutral day (12-14 hours), long day (>14 hours)","tropical wet & dry (Aw), tropical wet (Ar), subtropical humid (Cf), subtropical dry summer (Cs), subtropical dry winter (Cw)",,,,,180.0,365.0,original_rule,edible_flag,high,Emblica,1,,fruit_tree,0,,0,0
PP:3079,both,citrus paradisi,species_binomial_inheritance,medium,3079.0,Plant,https://permapeople.org/plants/citrus-x-paradisi-grapefruit,Citrus x paradisi,Grapefruit,Rutaceae,,9-11,9.0,11.0,7.0,Medium,Trees,1.0,"Fruit, Seed",Oil,"oil, Espalier",1.0,0.0,0.0,0.0,0.0,0.0,0.0,1.0,1.0,1.0,fruit_tree,1.0,Layer contains 'Tree' and Edible parts contains 'Fruit',717,Citrus paradisi,Macf.,Magnoliopsida:Rosidae:Sapindales:Rutaceae,"Citrus <U+25CA> paradisi Macf., Citrus decumana L. var. racemosa Roere. (1846), Citrus grandis (L.) Osbeck var. racemosa (Roem.) B.C. Stone (1985).","grapefruit, pomelo, pamplemousse, limau gedang, moli sisuka, moli peli, muli, krooch thlong, kiengz s'aangz, cam, bu'o'i, pompelmo, Paradisapfel, toranja, jamboa, turingia, toronja, grapefrugt",tree,erect,perennial,"evergreen, single stem",fruits & nuts,grown on large scale,18.0,32.0,13.0,42.0,1500.0,2300.0,300.0,4000.0,6.5,7.3,6.0,8.3,,,,,800.0,very bright,very bright,very bright,clear skies,deep (>>150 cm),medium (50-150 cm),"medium, light","heavy, medium, light",high,moderate,low (<4 dS/m),low (<4 dS/m),well (dry spells),well (dry spells),,,"short day (<12 hours), neutral day (12-14 hours)","tropical wet & dry (Aw), tropical wet (Ar), steppe or semiarid (Bs), subtropical dry summer (Cs)",,,,,60.0,365.0,original_rule,edible_flag,high,Grapefruit,1,,fruit_tree,0,,0,0
PP:3080,both,cicer arietinum,exact_scientific_name,high,3080.0,Plant,https://permapeople.org/plants/cicer-arietinum-chick-pea,Cicer arietinum,Chickpea,Fabaceae or leguminosae,Annual,,,,0.6,,,1.0,"Leaves, Seed, Seedpod, Shoots","Coffee, Drink",Nitrogen fixer,1.0,0.0,0.0,0.0,1.0,1.0,0.0,1.0,1.0,0.0,legume,1.0,Family == Fabaceae and Edible parts contains Seed/Pod,2479,Cicer arietinum,L.,Magnoliopsida:Rosidae:Fabales:Leguminosae,,"chickpea, Bengal gram, pois chiche, cafe francais, gravancos, sigro, hanaz, djelbane",herb,erect,annual,,pulses (grain legumes),"grown on large scale, grown on small scale",15.0,29.0,7.0,35.0,600.0,1000.0,300.0,1800.0,6.0,8.5,4.7,9.5,,,30.0,50.0,2300.0,very bright,very bright,very bright,clear skies,medium (50-150 cm),shallow (20-50 cm),"heavy, medium","heavy, medium, light",moderate,low,low (<4 dS/m),medium (4-10 dS/m),well (dry spells),"well (dry spells), excessive (dry/moderately dry)",-9,0.0,"short day (<12 hours), neutral day (12-14 hours)","tropical wet & dry (Aw), tropical wet (Ar), desert or arid (Bw), steppe or semiarid (Bs), subtropical humid (Cf), subtropical dry summer (Cs), subtropical dry winter (Cw), temperate oceanic (Do), temperate continental (Dc), temperate with humid winters (Df), temperate with dry winters (Dw)",,,,,90.0,180.0,original_rule,edible_flag,high,Black chick pea; Chick Pea,2,,legume,1,حمص,0,0
PP:3081,both,fortunella japonica,exact_scientific_name,high,3081.0,Plant,https://permapeople.org/plants/fortunella-japonica-round-kumquat,Fortunella japonica,Round Kumquat,Rutaceae,,8-11,8.0,11.0,2.5,,Shrubs,1.0,Fruit,Pectin,"Deodorant, Essential Oil, Pectin, Fragrance",1.0,1.0,0.0,0.0,0.0,1.0,0.0,1.0,1.0,1.0,fruit,1.0,Edible parts contains 'Fruit' (non-tree layer),1110,Fortunella japonica,(Thunb.) Swingle,Magnoliopsida:Rosidae:Sapindales:Rutaceae,,"round kumquat, Marumi kumquat, cumquate redonda","shrub, tree",erect,perennial,"evergreen, single stem, multi stem","fruits & nuts, ornamentals/turf, medicinals & aromatic, environmental",,26.0,35.0,12.0,40.0,1100.0,1500.0,700.0,4000.0,6.5,7.5,6.0,8.0,20.0,20.0,30.0,30.0,,very bright,clear skies,very bright,cloudy skies,medium (50-150 cm),medium (50-150 cm),medium,medium,high,moderate,low (<4 dS/m),low (<4 dS/m),well (dry spells),well (dry spells),-15,0.0,"short day (<12 hours), neutral day (12-14 hours), long day (>14 hours)","tropical wet & dry (Aw), tropical wet (Ar), subtropical humid (Cf), subtropical dry winter (Cw), temperate oceanic (Do)",,,,,210.0,365.0,original_rule,edible_flag,high,Round Kumquat,1,,fruit_tree,0,,0,0
PP:3131,both,vanilla planifolia,exact_scientific_name,high,3131.0,Plant,https://permapeople.org/plants/vanilla-planifolia-vanilla,Vanilla planifolia,Vanilla,Orchidaceae,Perennial,10-12,10.0,12.0,15.0,Medium,Vines,1.0,"Fruit, Seedpod",Condiment,"Cosmetic, Soap making, Fragrance",0.0,1.0,0.0,1.0,1.0,1.0,0.0,0.0,0.0,0.0,edible_vine,1.0,Layer contains 'Vine(s)' and Edible == true,2131,Vanilla planifolia,Jacks. ex Andrews,Liliopsida:Liliidae:Orchidales:Orchidaceae,Vanilla fragrans (Salisb.) Ames,"vanilla, vanille, baunilha, vaniglia, vanilj, wanila, banira, hsiang-Ts'ao, vanil', vanilie, panili, anggrek, waanilaa, tlilxochitl","herb, vine",climber/scrambler/scadent,perennial,"evergreen, single stem, multi stem","materials, medicinals & aromatic",grown on small scale,21.0,30.0,10.0,33.0,2000.0,2500.0,1500.0,3000.0,5.5,7.0,4.3,8.0,,,20.0,25.0,600.0,light shade,light shade,heavy shade,cloudy skies,shallow (20-50 cm),shallow (20-50 cm),"medium, organic","medium, light",high,moderate,low (<4 dS/m),low (<4 dS/m),well (dry spells),well (dry spells),,,short day (<12 hours),"tropical wet & dry (Aw), tropical wet (Ar)",,,,small scale (manual),180.0,300.0,original_rule,edible_flag,high,Vanilla,1,,fruiting,0,,0,0
PP:3135,both,ensete ventricosum,exact_scientific_name,high,3135.0,Plant,https://permapeople.org/plants/ensete-ventricosum-ethiopian-banana,Ensete ventricosum,Ethiopian Banana,Musaceae,Perennial,9-11,9.0,11.0,6.0,,,1.0,"Root, Seed, Stem",,Fiber,1.0,0.0,0.0,0.0,0.0,1.0,0.0,1.0,1.0,1.0,root_crop,1.0,Layer or Edible parts indicates Root/Tuber,5700,Ensete ventricosum,(Welw.) E.E. Cheesman,Liliopsida:Zingiberidae:Zingiberales:Musaceae,,"enset, Abyssinian banana",herb,erect,perennial,"evergreen, single stem","vegetables, materials, ornamentals/turf, medicinals & aromatic",grown on small scale,16.0,24.0,8.0,30.0,1100.0,1500.0,900.0,1700.0,5.6,7.3,5.0,7.5,5.0,,20.0,30.0,3100.0,very bright,very bright,very bright,clear skies,medium (50-150 cm),shallow (20-50 cm),"medium, organic","heavy, medium, light, wide, organic",high,moderate,low (<4 dS/m),low (<4 dS/m),well (dry spells),well (dry spells),-2,-2.0,short day (<12 hours),"tropical wet & dry (Aw), tropical wet (Ar)",,,,"home garden, small scale (manual)",365.0,365.0,original_rule,edible_flag,high,Ethiopian Banana,1,,root,0,,1,0
PP:3138,both,phoenix dactylifera,exact_scientific_name,high,3138.0,Plant,https://permapeople.org/plants/phoenix-dactylifera-date-palm,Phoenix dactylifera,Date palm,Arecaceae,,8-12,8.0,12.0,25.0,Slow,Tall trees,1.0,"Flowers, Fruit, Pollen, Sap","Drink, Sweetener","Weaving material, Fencing, Fiber, Fire retardant, Houseplant, textiles, Roofing, Soil reclamation, Lumber",1.0,0.0,0.0,0.0,1.0,1.0,0.0,1.0,1.0,1.0,fruit_tree,1.0,Layer contains 'Tree' and Edible parts contains 'Fruit',1673,Phoenix dactylifera,L.,Liliopsida:Arecidae:Arecales:Palmae,,"date palm, palmier dattier, datte, kajoor, Dattel, Dattelpalme, dattero, palma datilera, palm - date, tamar, al nakheel, pokok korma, korma",tree,erect,perennial,"evergreen, single stem",fruits & nuts,grown on large scale,26.0,45.0,10.0,52.0,200.0,300.0,100.0,400.0,6.5,8.0,6.0,8.5,10.0,,35.0,40.0,1500.0,very bright,very bright,very bright,very bright,deep (>>150 cm),shallow (20-50 cm),"medium, light","heavy, medium, light, wide",high,moderate,low (<4 dS/m),high (>10 dS/m)),well (dry spells),"well (dry spells), excessive (dry/moderately dry)",-15,-4.0,short day (<12 hours),"desert or arid (Bw), steppe or semiarid (Bs), subtropical dry summer (Cs)",,,,,365.0,365.0,original_rule,edible_flag,high,Date Palm,1,,fruit_tree,1,نخيل التمر,0,0
PP:3176,both,stevia rebaudiana,exact_scientific_name,high,3176.0,Plant,https://permapeople.org/plants/stevia-rebaudiana-stevia,Stevia rebaudiana,Stevia,Asteraceae or compositae,Annual,8-11,8.0,11.0,0.5,,,1.0,Leaves,Sweetener,,1.0,0.0,0.0,0.0,0.0,1.0,0.0,1.0,1.0,0.0,vegetable,1.0,Edible parts contains Leaves/Stem/Flowers,10084,Stevia rebaudiana,(Bertoni) Bertoni,Magnoliopsida:Asteridae:Asterales:Compositae,Eupatorium rebaudianum Bertoni,"sweet weed, sweet plant, sugar leaf, sweet leaf, honey leaf (Kaaíhe-E), honey grass, Ka´a He´e, Stevia, sweet herb (Caaí-ehe), caa-he-e, caa-ehe, caa-hee, ca-jhe-e, azuca-caa, ca-a-yupe, kaa-he-e, kaa-hee, ka-he-e, yerba dulce","herb, sub-shrub",erect,perennial,"deciduous, multi stem","materials, medicinals & aromatic",grown on small scale,18.0,30.0,15.0,43.0,1000.0,1400.0,500.0,1800.0,5.0,6.5,4.0,7.5,15.0,,30.0,50.0,1500.0,very bright,clear skies,very bright,cloudy skies,shallow (20-50 cm),shallow (20-50 cm),light,"medium, light",moderate,low,low (<4 dS/m),low (<4 dS/m),well (dry spells),"poorly (saturated >50% of year), well (dry spells)",-6,0.0,"short day (<12 hours), neutral day (12-14 hours), long day (>14 hours)","subtropical dry summer (Cs), subtropical dry winter (Cw), temperate oceanic (Do), temperate continental (Dc)",,,,,55.0,270.0,original_rule,edible_flag,high,Stevia,1,,leafy_herb,0,,0,0
PP:3184,both,euonymus japonicus,exact_scientific_name,high,3184.0,Plant,https://permapeople.org/plants/euonymus-japonicus-japanese-spindle-tree,Euonymus japonicus,Japanese Spindle Tree,Celastraceae,,6-9,6.0,9.0,4.5,Medium,Shrubs,1.0,Leaves,Colouring,"Hedgerow, textiles",1.0,1.0,0.0,0.0,1.0,1.0,0.0,1.0,1.0,1.0,vegetable,1.0,Edible parts contains Leaves/Stem/Flowers,77795,Euonymus japonicus,Thunb.,Magnoliopsida:Rosidae:Celastrales:Celastraceae,,"Japanese burning-bush, evonimo do Japao","shrub, tree",erect,perennial,"evergreen, single stem, multi stem",ornamentals/turf,,12.0,20.0,4.0,28.0,700.0,1300.0,500.0,1500.0,5.0,6.0,4.5,6.5,10.0,,30.0,38.0,1500.0,clear skies,very bright,light shade,very bright,medium (50-150 cm),medium (50-150 cm),"medium, organic","medium, organic",moderate,moderate,low (<4 dS/m),medium (4-10 dS/m),well (dry spells),well (dry spells),,,,"tropical wet & dry (Aw), tropical wet (Ar), subtropical humid (Cf)",coastal salt spray,,,,365.0,365.0,original_rule,edible_flag,high,Japanese Spindle Tree,1,,leafy_herb,0,,0,0
PP:3240,both,flemingia macrophylla,exact_scientific_name,high,3240.0,Plant,https://permapeople.org/plants/flemingia-macrophylla-enoki-mame,Flemingia macrophylla,Enoki-mame,Fabaceae,,10-12,10.0,12.0,3.0,Medium,Shrubs,1.0,"Leaves, Seed, Seedpod",,"Cosmetic, Dye, Fencing, Animal feed, Fire starter, Hedgerow, Pest control, Mulch, Plant support, Wind breaker, Erosion control, Coppice, Nitrogen fixer",1.0,1.0,0.0,0.0,0.0,1.0,1.0,1.0,1.0,1.0,legume,1.0,Family == Fabaceae and Edible parts contains Seed/Pod,1104,Flemingia macrophylla,(Willd.) Merr.,Magnoliopsida:Rosidae:Fabales:Leguminosae,,,shrub,erect,perennial,multi stem,"forage/pasture, materials, medicinals & aromatic, forest/wood, cover crop, environmental","grown on large scale, grown on small scale",22.0,28.0,12.0,36.0,1300.0,2200.0,1100.0,3500.0,5.0,7.0,4.0,8.0,,,20.0,30.0,2000.0,very bright,cloudy skies,very bright,light shade,medium (50-150 cm),shallow (20-50 cm),"heavy, medium, light","heavy, medium, light",moderate,low,low (<4 dS/m),low (<4 dS/m),"poorly (saturated >50% of year), well (dry spells)","poorly (saturated >50% of year), well (dry spells)",,,short day (<12 hours),"tropical wet & dry (Aw), tropical wet (Ar)",drought,,,,240.0,365.0,original_rule,edible_flag,high,Enoki-mame,1,,legume,0,,0,0
PP:3243,both,palaquium gutta,exact_scientific_name,high,3243.0,Plant,https://permapeople.org/plants/palaquium-gutta-gutta-percha,Palaquium gutta,Gutta-Percha,Sapotaceae,,10-12,10.0,12.0,20.0,Fast,Tall trees,1.0,Seed,,"Lumber, textiles, Lighting, Soap making, Teeth",1.0,0.0,0.0,0.0,0.0,1.0,0.0,1.0,1.0,1.0,other_productive,1.0,"Edible == true, no more specific rule matched",8220,Palaquium gutta,(Hook. f.) Baillon,Magnoliopsida:Dilleniidae:Sapotales:Sapotaceae,"Isonandra gutta Hook., Isonandra gutta var. oblongifolia de Vriese, Palaquium oblongifolium (Burck) Burck","gutta percha, gutta-percha tree",tree,erect,perennial,"evergreen, single stem","materials, forest/wood",grown on small scale,24.0,30.0,17.0,38.0,2000.0,3000.0,1500.0,4000.0,6.0,7.0,5.5,8.0,,,10.0,15.0,1600.0,very bright,clear skies,very bright,cloudy skies,deep (>>150 cm),shallow (20-50 cm),medium,"heavy, medium, light",high,moderate,low (<4 dS/m),low (<4 dS/m),well (dry spells),well (dry spells),,,short day (<12 hours),"tropical wet & dry (Aw), tropical wet (Ar)",,,,,270.0,330.0,original_rule,edible_flag,high,Gutta-Percha,1,,other,0,,0,0
PP:3271,both,asclepias incarnata,exact_scientific_name,high,3271.0,Plant,https://permapeople.org/plants/asclepias-incarnata-swamp-milkweed,Asclepias incarnata,Swamp Milkweed,Asclepiadaceae,Perennial,3-8,3.0,8.0,1.2,Medium,,1.0,"Flowers, Leaves, Seedpod, Shoots","Oil, Sweetener","Fiber, textiles, oil, Pollution, Wax",1.0,1.0,0.0,0.0,1.0,1.0,1.0,1.0,1.0,0.0,vegetable,1.0,Edible parts contains Leaves/Stem/Flowers,12484,Asclepias incarnata,L.,Magnoliopsida:Asteridae:Gentianales:Asclepiadaceae,,"swamp milkweed, swamp silkweed, white indian hemp",herb,erect,perennial,"single stem, multi stem","vegetables, materials, ornamentals/turf, medicinals & aromatic",,15.0,25.0,10.0,35.0,350.0,800.0,250.0,1000.0,5.0,7.5,4.5,8.0,32.0,30.0,58.0,60.0,1500.0,clear skies,very bright,clear skies,very bright,shallow (20-50 cm),shallow (20-50 cm),"heavy, medium, organic","heavy, medium, organic",high,moderate,low (<4 dS/m),low (<4 dS/m),poorly (saturated >50% of year),poorly (saturated >50% of year),-35,0.0,,"steppe or semiarid (Bs), subtropical humid (Cf), temperate continental (Dc), boreal (E)",flooding,drought,,,0.0,0.0,original_rule,edible_flag,high,Swamp Milkweed,1,,leafy_herb,0,,0,0
PP:3283,both,arracacia xanthorrhiza,exact_scientific_name,high,3283.0,Plant,https://permapeople.org/plants/arracacia-xanthorrhiza-arracacha,Arracacia xanthorrhiza,Arracacha,Apiaceae or umbelliferae,Perennial,8-11,8.0,11.0,1.0,,,1.0,"Leaves, Root, Stem",Condiment,,1.0,1.0,0.0,0.0,0.0,1.0,0.0,0.0,1.0,0.0,root_crop,1.0,Layer or Edible parts indicates Root/Tuber,3386,Arracacia xanthorrhiza,Bancroft,,,"arracacha, white carrot, Peruvian parsnip, paneme, pomme de terre-celeri, racacha, zanhoria blanca, apio criollo, sonarca, batata barao, mandioquinha, batata salsa, batata cenoura, lakachu, lekachu, oqqe, huiasampilla, laqachu, raqacha, virraca, rikacha",herb,prostrate/procumbent/semi-erect,perennial,,roots/tubers,grown on small scale,14.0,21.0,10.0,28.0,800.0,1200.0,600.0,1800.0,5.0,6.0,4.5,6.5,,,10.0,10.0,3500.0,very bright,clear skies,very bright,cloudy skies,medium (50-150 cm),shallow (20-50 cm),"light, organic","medium, light",high,low,low (<4 dS/m),low (<4 dS/m),well (dry spells),well (dry spells),,,short day (<12 hours),"tropical wet & dry (Aw), tropical wet (Ar), subtropical humid (Cf), subtropical dry summer (Cs), subtropical dry winter (Cw)",humidity,,,small scale (manual),120.0,365.0,original_rule,edible_flag,high,Arracacha,1,,root,0,,0,0
PP:3298,both,bactris gasipaes,exact_scientific_name,high,3298.0,Plant,https://permapeople.org/plants/bactris-gasipaes-peach-palm,Bactris gasipaes,Peach Palm,Arecaceae,,11-12,11.0,12.0,15.0,Fast,Tall trees,1.0,"Flowers, Fruit, Seed, Shoots","Oil, Condiment, Salt","Weaving material, Cosmetic, Dye, Fiber, Crafting, oil, textiles, Plant support, Wind breaker, Soap making, Lumber",1.0,1.0,0.0,0.0,0.0,1.0,0.0,1.0,1.0,1.0,fruit_tree,1.0,Layer contains 'Tree' and Edible parts contains 'Fruit',2307,Bactris gasipaes,Kunth,Liliopsida:Arecidae:Arecales:Palmae,"Guilielma gasipaes (H.B.K.) Bailey, G. speciosa Martius, G. utilis Oersted","peach palm, pejibaye, chontaduro, pijuayo(Peru), palmier-peche, pupunha, (see also under Notes)",tree,erect,perennial,"evergreen, single stem","fruits & nuts, forest/wood",grown on large scale,18.0,28.0,12.0,35.0,2000.0,4000.0,1500.0,6000.0,5.0,6.5,4.0,7.5,17.0,16.0,23.0,26.0,2000.0,very bright,clear skies,very bright,light shade,medium (50-150 cm),shallow (20-50 cm),"heavy, medium","heavy, medium",high,low,low (<4 dS/m),low (<4 dS/m),well (dry spells),"poorly (saturated >50% of year), well (dry spells)",,,"short day (<12 hours), neutral day (12-14 hours)","tropical wet & dry (Aw), tropical wet (Ar)",,"fire, compete with companion crops",,,365.0,365.0,original_rule,edible_flag,high,Peach Palm,1,,fruit_tree,0,,0,0
PP:3300,both,baikiaea plurijuga,exact_scientific_name,high,3300.0,Plant,https://permapeople.org/plants/baikiaea-plurijuga-rhodesian-teak,Baikiaea plurijuga,Rhodesian Teak,Fabaceae,,10-12,10.0,12.0,15.0,Slow,Tall trees,1.0,Flowers,,"Crafting, Fire starter, Fencing, Lumber, Tannin, Teeth, Coppice",1.0,1.0,0.0,0.0,0.0,1.0,0.0,1.0,1.0,1.0,vegetable,1.0,Edible parts contains Leaves/Stem/Flowers,42707,Baikiaea plurijuga,Harms,Magnoliopsida:Rosidae:Fabales:Leguminosae,,"Mukushi, Mukusi, Rhodesian teak, Umgusi, Zambesi redwood, Rhodesian chestnut",tree,erect,perennial,"evergreen, semi evergreen, deciduous, single stem","materials, ornamentals/turf, medicinals & aromatic, forest/wood",,25.0,38.0,20.0,43.0,600.0,1000.0,500.0,1200.0,5.0,5.5,4.5,6.5,,,20.0,25.0,500.0,very bright,very bright,clear skies,very bright,deep (>>150 cm),deep (>>150 cm),light,"medium, light",moderate,moderate,low (<4 dS/m),low (<4 dS/m),well (dry spells),well (dry spells),,,,tropical wet & dry (Aw),drought,fire,,,365.0,365.0,original_rule,edible_flag,high,Rhodesian Teak,1,,leafy_herb,0,,0,0
PP:3331,both,antidesma bunius,exact_scientific_name,high,3331.0,Plant,https://permapeople.org/plants/antidesma-bunius-bignay,Antidesma bunius,Bignay,Phyllanthaceae,,10-12,10.0,12.0,10.0,Medium,Trees,1.0,"Fruit, Leaves",,"Fiber, textiles, Pioneer, Wind breaker, Weaving material, Lumber",1.0,1.0,0.0,0.0,0.0,1.0,0.0,1.0,1.0,1.0,fruit_tree,1.0,Layer contains 'Tree' and Edible parts contains 'Fruit',2198,Antidesma bunius,(L.) Sprengel,Magnoliopsida:Dilleniidae:Euphorbiales:Euphorbiaceae,"Stilago bunius L. (1767), Antidesma rumphii Tulasne (1851), Antidesma dallachyanum Baillon (1865-1866)","bignay, Chinese laurel, blackcurrant tree, salamander tree, antidesme, antidesma da China, cardoeira, buni, wuni, huni, bunch, paginga, isip, kho liên tu, baa mao ruesee, mamao dong, mao chaang, chiòi mòi",tree,erect,perennial,single stem,"fruits & nuts, ornamentals/turf",grown on small scale,23.0,27.0,17.0,33.0,1500.0,3000.0,1100.0,4200.0,6.0,7.0,5.5,8.0,,,25.0,30.0,1000.0,light shade,cloudy skies,light shade,very bright,deep (>>150 cm),medium (50-150 cm),medium,"heavy, medium",moderate,moderate,low (<4 dS/m),low (<4 dS/m),well (dry spells),well (dry spells),,,short day (<12 hours),"tropical wet & dry (Aw), tropical wet (Ar), subtropical humid (Cf)",,,,"home garden, small scale (manual)",240.0,365.0,original_rule,edible_flag,high,Bignay,1,,fruit_tree,0,,1,0
PP:3349,both,brassica carinata,exact_scientific_name,high,3349.0,Plant,https://permapeople.org/plants/brassica-carinata-abyssinian-cabbage,Brassica carinata,Abyssinian Cabbage,Brassicaceae or cruciferae,Annual,9-12,9.0,12.0,1.0,Fast,,1.0,"Flowers, Leaves, Seed, Stem","Oil, Condiment",oil,1.0,1.0,0.0,0.0,0.0,1.0,0.0,1.0,1.0,1.0,vegetable,1.0,Edible parts contains Leaves/Stem/Flowers,3848,Brassica carinata,A. Braun,Magnoliopsida:Dilleniidae:Capparales:Cruciferae,"Brassica integrifolia var. carinata (West)Rupr, Melanosinapis abyssinica Hort. ex Regel, Sinapis abyssinica A.Braun","Abyssinian mustard, Ethiopian mustard, gomenzer, Sukuma wiki (Kiswahili), Figiri (East Africa), Loshuu (Tanzania), Abyssinian cabbage (former USSR), Tamu-Texsel (Texas), Ethiopian rapeseed (Europe, trade mark name)",herb,erect,annual,,"forage/pasture, vegetables, cover crop",grown on small scale,10.0,25.0,5.0,35.0,1000.0,1500.0,800.0,1700.0,5.5,8.0,5.0,8.5,,,30.0,35.0,2600.0,,,,,medium (50-150 cm),medium (50-150 cm),"medium, organic","medium, light, organic",high,moderate,,,well (dry spells),well (dry spells),,,short day (<12 hours),"tropical wet & dry (Aw), subtropical humid (Cf)",,,,small scale (manual),0.0,0.0,original_rule,edible_flag,high,Abyssinian Cabbage,1,,leafy_herb,0,,0,0
PP:3366,both,brassica nigra,exact_scientific_name,high,3366.0,Plant,https://permapeople.org/plants/brassica-nigra-black-mustard,Brassica nigra,Black Mustard,Brassicaceae or cruciferae,Annual,6-9,6.0,9.0,1.2,,,1.0,"Leaves, Seed, Stem",Oil,"Cover crop, oil, Fragrance",1.0,1.0,0.0,0.0,0.0,1.0,0.0,1.0,1.0,0.0,vegetable,1.0,Edible parts contains Leaves/Stem/Flowers,550,Brassica nigra,(L.) Koch.,Magnoliopsida:Dilleniidae:Capparales:Cruciferae,"Brassica nigra var. abyssinica, Brassica sinapioides, Melanosinapis nigra","black mustard, brown mustard, mustard, red mustard, yellow mustard, wedlock, yellow mustard seed, indian mustard, moutarde noire, moutarde brune, moutarde de l'Inde, moutarde de Chine, chou noir, mostaza negra, mostaza de India, khardal aswad, mostarda negra, mostarda preta, senape nero, brunsenap, svartsenap, sennep, sort sennep, bruine mosterd, zwarte mosterd, junceamosterd, sareptamosterd, must kapsasrohi, mustardo, sinapo, mustasinappi, moster, Schwarzer Senf, Schwarz Senf, Senfkohl, Braunsenf, kruv shachor, hardal shador, fekete mustármag, barna mustarmag, svartsennep, kapusta czarna, kapusta gorczyca, gorczyca czarna, gorchítsa chërnyi, kara hardal, siyah hardal, tohumu, moustarda, sinaposporos, mustaroskorn, mustasa, kadugu, senafich, rai, lal sarsu, biji savi, mohari, spandaan, kuro garashi, krishnikaa, abba, haradali",herb,erect,annual,single stem,materials,,10.0,25.0,5.0,27.0,600.0,1400.0,300.0,2500.0,6.0,7.0,5.3,7.8,,,,,,very bright,cloudy skies,very bright,light shade,medium (50-150 cm),shallow (20-50 cm),medium,"heavy, medium, light",moderate,low,low (<4 dS/m),low (<4 dS/m),well (dry spells),well (dry spells),-5,-1.0,long day (>14 hours),"steppe or semiarid (Bs), temperate oceanic (Do), temperate continental (Dc), temperate with humid winters (Df), temperate with dry winters (Dw)",,,,,120.0,180.0,original_rule,edible_flag,high,Black Mustard,1,,leafy_herb,0,,0,0
PP:3369,both,brassica napus,exact_scientific_name,high,3369.0,Plant,https://permapeople.org/plants/brassica-napus-colza,Brassica napus,Colza,Brassicaceae or cruciferae,"Annual, Biennial",6-9,6.0,9.0,1.2,,,1.0,"Leaves, Seed, Stem","Oil, Condiment","Cover crop, oil",1.0,1.0,0.0,0.0,0.0,1.0,0.0,1.0,1.0,1.0,vegetable,1.0,Edible parts contains Leaves/Stem/Flowers,549,Brassica napus,L.,Magnoliopsida:Dilleniidae:Capparales:Cruciferae,"B. napus L. ssp. oleifera (Moench) Metzg., B. napus L. var. oleifera (Moench) Delile (ssp. napus), B. napus L. ssp. napobrassica (L.) O. Schwarz, B. napus L. ssp. napus sensu Hämet-Ahti et al.","rape, olraps, colza, raapzaad, rypsi, raps, rapsi, oil-seed rape, canola, rutabaga, fodder rape, hungry gap kale, winter oil seed rape, swede rape, Siberian kale, rape seed, swede",herb,erect,"annual, biennial",single stem,"forage/pasture, vegetables, materials",grown on large scale,15.0,25.0,5.0,41.0,500.0,1000.0,400.0,2800.0,6.5,7.6,5.5,8.0,,,,,2000.0,very bright,clear skies,very bright,cloudy skies,medium (50-150 cm),medium (50-150 cm),"medium, light","heavy, medium, light",high,moderate,low (<4 dS/m),medium (4-10 dS/m),well (dry spells),well (dry spells),-15,-6.0,"neutral day (12-14 hours), long day (>14 hours)","steppe or semiarid (Bs), subtropical humid (Cf), subtropical dry summer (Cs), subtropical dry winter (Cw), temperate oceanic (Do), temperate continental (Dc), temperate with humid winters (Df), temperate with dry winters (Dw)",,,,,85.0,340.0,original_rule,edible_flag,high,Coleseed; Colza; Rape; Siberian Kale; Swede; swede,6,,leafy_herb,0,,0,0
PP:3388,both,bambusa bambos,ecocrop_synonym_binomial,medium,3388.0,Plant,https://permapeople.org/plants/bambusa-bambos-giant-thorny-bamboo,Bambusa bambos,Giant Thorny Bamboo,Poaceae,,10-12,10.0,12.0,30.0,Fast,Trees,1.0,"Sap, Seed, Shoots",Drink,"Weaving material, Biomass, Containers, Fiber, Lumber, textiles, Wind breaker, Erosion control",1.0,1.0,0.0,0.0,0.0,1.0,0.0,0.0,1.0,1.0,other_productive,1.0,"Edible == true, no more specific rule matched",3613,Bambusa arundinacea,(Retz.) Willd.,Liliopsida:Commelinidae:Cyperales:Gramineae,Bambusa bambos,"thorny bamboo, spiny bamboo, male bamboo, bambu' estreito",grass,erect,perennial,"evergreen, multi stem","forage/pasture, vegetables, materials, environmental",grown on small scale,22.0,30.0,8.0,36.0,1200.0,2500.0,700.0,4500.0,4.5,6.5,4.0,7.0,15.0,,25.0,40.0,2000.0,cloudy skies,light shade,clear skies,light shade,medium (50-150 cm),shallow (20-50 cm),"heavy, medium","heavy, medium",high,moderate,low (<4 dS/m),low (<4 dS/m),well (dry spells),well (dry spells),,,short day (<12 hours),"tropical wet & dry (Aw), tropical wet (Ar)",,,,,300.0,365.0,original_rule,edible_flag,high,Giant Thorny Bamboo,1,,other,0,,0,0
PP:3389,both,bambusa vulgaris,exact_scientific_name,high,3389.0,Plant,https://permapeople.org/plants/bambusa-vulgaris-common-bamboo,Bambusa vulgaris,Common Bamboo,Poaceae,,9-12,9.0,12.0,20.0,Fast,Trees,1.0,Shoots,"Drink, Tea","Weaving material, Biomass, Crafting, Fencing, Fire starter, Lumber, Pest control, textiles, Poles, Plant support, Roofing, Wind breaker, Erosion control",1.0,1.0,0.0,0.0,0.0,1.0,0.0,1.0,1.0,1.0,other_productive,1.0,"Edible == true, no more specific rule matched",493,Bambusa vulgaris,Schrad.,Liliopsida:Commelinidae:Cyperales:Gramineae,,"common bamboo, feathery bamboo, bambu' vulgar, Mambu, Murangi, golden bamboo",grass,erect,perennial,"evergreen, multi stem","materials, environmental",grown on small scale,22.0,28.0,9.0,32.0,1200.0,2500.0,700.0,4500.0,5.0,6.0,4.5,6.5,15.0,,25.0,40.0,,cloudy skies,light shade,clear skies,light shade,deep (>>150 cm),medium (50-150 cm),"heavy, medium","heavy, medium, light",high,moderate,low (<4 dS/m),low (<4 dS/m),well (dry spells),"poorly (saturated >50% of year), well (dry spells)",,,short day (<12 hours),"tropical wet & dry (Aw), tropical wet (Ar), subtropical humid (Cf), subtropical dry summer (Cs), subtropical dry winter (Cw)",,,,,300.0,365.0,original_rule,edible_flag,high,Common Bamboo,1,,other,0,,0,0
PP:3390,both,bambusa polymorpha,exact_scientific_name,high,3390.0,Plant,https://permapeople.org/plants/bambusa-polymorpha-burmese-bamboo,Bambusa polymorpha,Burmese bamboo,Poaceae,,9-12,9.0,12.0,12.0,Fast,Trees,1.0,Shoots,,"Biomass, textiles, Lumber",1.0,1.0,0.0,0.0,0.0,1.0,0.0,1.0,1.0,1.0,other_productive,1.0,"Edible == true, no more specific rule matched",3624,Bambusa polymorpha,Munro.,Liliopsida:Commelinidae:Cyperales:Gramineae,,,grass,erect,perennial,"evergreen, deciduous, multi stem",materials,grown on small scale,22.0,28.0,9.0,32.0,1200.0,2500.0,700.0,4500.0,5.0,6.0,4.5,6.5,15.0,,25.0,40.0,,cloudy skies,light shade,clear skies,light shade,deep (>>150 cm),medium (50-150 cm),"heavy, medium","heavy, medium",high,moderate,low (<4 dS/m),low (<4 dS/m),well (dry spells),well (dry spells),,,short day (<12 hours),"tropical wet & dry (Aw), tropical wet (Ar)",,,,,300.0,365.0,original_rule,edible_flag,high,Burmese bamboo,1,,other,0,,0,0
PP:3391,both,dendrocalamus asper,exact_scientific_name,high,3391.0,Plant,https://permapeople.org/plants/dendrocalamus-asper-giant-bamboo,Dendrocalamus asper,Giant Bamboo,Poaceae,,10-12,10.0,12.0,15.0,Fast,Trees,1.0,"Shoots, Stem",,"Biomass, Containers, Animal feed, Lumber, Crafting, textiles",1.0,0.0,0.0,0.0,0.0,1.0,0.0,1.0,1.0,1.0,vegetable,1.0,Edible parts contains Leaves/Stem/Flowers,5232,Dendrocalamus asper,(Schultes f.) Backer ex Heyne,Liliopsida:Commelinidae:Cyperales:Gramineae,,,grass,erect,perennial,"evergreen, multi stem","vegetables, materials",,20.0,27.0,15.0,34.0,1800.0,3600.0,1200.0,4500.0,5.0,6.5,4.5,7.0,,,20.0,2.0,1500.0,clear skies,cloudy skies,very bright,light shade,deep (>>150 cm),medium (50-150 cm),"heavy, medium","heavy, medium, light",high,moderate,low (<4 dS/m),low (<4 dS/m),well (dry spells),well (dry spells),,,short day (<12 hours),"tropical wet & dry (Aw), tropical wet (Ar), subtropical humid (Cf), subtropical dry summer (Cs), subtropical dry winter (Cw)",,,,,240.0,365.0,original_rule,edible_flag,high,Giant Bamboo,1,,leafy_herb,0,,0,0
PP:3392,both,dendrocalamus strictus,exact_scientific_name,high,3392.0,Plant,https://permapeople.org/plants/dendrocalamus-strictus-male-bamboo-calcutta-stricta-or-bamboo,Dendrocalamus strictus,Male Bamboo Calcutta Stricta or Bamboo,Poaceae,,9-12,9.0,12.0,15.0,Fast,Trees,1.0,"Seed, Shoots",,"Weaving material, Biomass, Lumber, textiles, Erosion control",1.0,1.0,0.0,0.0,1.0,1.0,0.0,1.0,1.0,1.0,other_productive,1.0,"Edible == true, no more specific rule matched",5238,Dendrocalamus strictus,(Roxb.) Nees,Liliopsida:Commelinidae:Cyperales:Gramineae,,"male bamboo, Calcutta bamboo, bambu' macico",grass,erect,perennial,"evergreen, multi stem","vegetables, materials",,20.0,27.0,16.0,32.0,1800.0,3600.0,1200.0,4200.0,4.5,5.5,4.0,6.5,15.0,,25.0,40.0,1200.0,clear skies,cloudy skies,very bright,light shade,medium (50-150 cm),shallow (20-50 cm),"medium, light","heavy, medium, light",high,low,low (<4 dS/m),low (<4 dS/m),well (dry spells),"poorly (saturated >50% of year), well (dry spells), excessive (dry/moderately dry)",-2,-1.0,short day (<12 hours),tropical wet & dry (Aw),,,,,240.0,365.0,original_rule,edible_flag,high,Male Bamboo Calcutta Stricta or Bamboo,1,,other,0,,0,0
PP:3393,both,bambusa nutans,exact_scientific_name,high,3393.0,Plant,https://permapeople.org/plants/bambusa-nutans-nodding-bamboo,Bambusa nutans,Nodding Bamboo,Poaceae,,9-10,9.0,10.0,12.0,Fast,Trees,1.0,Shoots,,"Biomass, Fencing, Fiber, textiles, Wind breaker, Lumber",1.0,1.0,0.0,0.0,0.0,1.0,0.0,1.0,1.0,1.0,other_productive,1.0,"Edible == true, no more specific rule matched",3623,Bambusa nutans,Wall.,Liliopsida:Commelinidae:Cyperales:Gramineae,,,grass,erect,perennial,"evergreen, deciduous, multi stem",materials,grown on small scale,22.0,28.0,9.0,32.0,2300.0,3000.0,700.0,4500.0,6.0,7.0,5.5,7.5,15.0,,25.0,40.0,1600.0,clear skies,cloudy skies,clear skies,light shade,medium (50-150 cm),medium (50-150 cm),heavy,heavy,high,moderate,low (<4 dS/m),low (<4 dS/m),poorly (saturated >50% of year),poorly (saturated >50% of year),,,short day (<12 hours),"tropical wet & dry (Aw), tropical wet (Ar), subtropical humid (Cf), subtropical dry summer (Cs), subtropical dry winter (Cw)",,,,,240.0,365.0,original_rule,edible_flag,high,Nodding Bamboo,1,,other,0,,0,0
PP:3413,both,dendrocalamus hamiltonii,exact_scientific_name,high,3413.0,Plant,https://permapeople.org/plants/dendrocalamus-hamiltonii-tama-bamboo-tufted-bamboo,Dendrocalamus hamiltonii,Tama Bamboo Tufted bamboo,Poaceae,,10-12,10.0,12.0,15.0,Fast,Trees,1.0,Shoots,Condiment,"Weaving material, Biomass, Containers, Fiber, textiles, Wind breaker, Lumber",1.0,1.0,0.0,0.0,0.0,1.0,0.0,1.0,1.0,1.0,other_productive,1.0,"Edible == true, no more specific rule matched",5233,Dendrocalamus hamiltonii,N.,Liliopsida:Commelinidae:Cyperales:Gramineae,,,grass,erect,perennial,"evergreen, multi stem","vegetables, materials",,20.0,29.0,15.0,34.0,1800.0,3600.0,700.0,4500.0,5.0,6.0,4.5,6.5,20.0,,30.0,40.0,1000.0,clear skies,cloudy skies,clear skies,light shade,deep (>>150 cm),medium (50-150 cm),"heavy, medium","heavy, medium",high,moderate,low (<4 dS/m),low (<4 dS/m),"poorly (saturated >50% of year), well (dry spells)","poorly (saturated >50% of year), well (dry spells)",,,short day (<12 hours),tropical wet & dry (Aw),,,,,240.0,365.0,original_rule,edible_flag,high,Tama Bamboo Tufted bamboo,1,,other,0,,0,0
PP:3417,both,ricinodendron heudelotii,exact_scientific_name,high,3417.0,Plant,https://permapeople.org/plants/ricinodendron-heudelotii-manketti-nut,Ricinodendron heudelotii,Manketti nut,Euphorbiaceae,,10-12,10.0,12.0,40.0,Fast,Tall trees,1.0,"Leaves, Seed","Oil, Salt","Dye, Fencing, Fertilizer, Ink, textiles, Crafting, oil, Pioneer, Potash, Resin, Soap making, Erosion control, Fire starter, Waterproofing, Lumber",1.0,0.0,0.0,0.0,0.0,1.0,0.0,1.0,1.0,0.0,nut,1.0,Common name contains 'nut' or Edible uses contains 'Nut',9291,Ricinodendron heudelotii,(Baill.) Pierre ex Heckel,Magnoliopsida:Dilleniidae:Euphorbiales:Euphorbiaceae,"Jatropha heudelotii Baill., Ricinodendron africanus Müll. Arg., Ricinodendron tomentellum Hutch. & Bruce","African nut tree, African wood, African wood-oil nut tree, cork wood, muawa, erimado, munguella (Angola), esséssang (Cameroon), bofeko (Zaire), wama (Ghana), okhuen (Nigeria), kishongo (Uganda)",tree,erect,perennial,single stem,"vegetables, materials, ornamentals/turf, medicinals & aromatic, forest/wood, environmental",,20.0,30.0,14.0,34.0,800.0,4000.0,500.0,5000.0,5.5,6.5,5.0,7.0,,,10.0,12.0,2000.0,clear skies,very bright,light shade,very bright,deep (>>150 cm),medium (50-150 cm),"heavy, medium","heavy, medium",moderate,low,low (<4 dS/m),low (<4 dS/m),well (dry spells),well (dry spells),,,,"tropical wet & dry (Aw), tropical wet (Ar)",,,,,365.0,365.0,original_rule,edible_flag,high,Manketti nut,1,,fruit_tree,0,,0,0
PP:3426,both,vitellaria paradoxa,exact_scientific_name,high,3426.0,Plant,https://permapeople.org/plants/vitellaria-paradoxa-shea-butter-tree,Vitellaria paradoxa,Shea Butter Tree,Sapotaceae,,11-12,11.0,12.0,15.0,Slow,Tall trees,1.0,"Flowers, Fruit, Inner bark, Sap, Seed","Oil, Gum","Fire starter, Cosmetic, Fertilizer, Filter, Lumber, Gum, Hair, Mulch, oil, Soap making, Teeth",1.0,1.0,0.0,0.0,1.0,1.0,0.0,1.0,1.0,1.0,fruit_tree,1.0,Layer contains 'Tree' and Edible parts contains 'Fruit',10862,Vitellaria paradoxa,Gaertner F.,Magnoliopsida:Dilleniidae:Sapotales:Sapotaceae,"Butryospermum paradoxum (Gaertn.f.)Hepper, Vitellaria paradoxum, Vitellaria perkii","shea nut, bambouk butter tree, galam butter tree, karité",tree,erect,perennial,single stem,materials,grown on small scale,24.0,38.0,18.0,43.0,500.0,1000.0,300.0,1800.0,6.0,7.0,5.5,8.0,10.0,,20.0,25.0,1500.0,very bright,very bright,cloudy skies,very bright,deep (>>150 cm),medium (50-150 cm),"heavy, medium, light, wide, organic","heavy, medium, light, wide, organic",low,low,low (<4 dS/m),low (<4 dS/m),well (dry spells),"well (dry spells), excessive (dry/moderately dry)",,,short day (<12 hours),"tropical wet (Ar), steppe or semiarid (Bs)",fire,flooding,,"home garden, small scale (manual)",180.0,,original_rule,edible_flag,high,Shea Butter Tree,1,,fruit_tree,0,,1,0
PP:3428,both,tylosema esculentum,exact_scientific_name,high,3428.0,Plant,https://permapeople.org/plants/tylosema-esculentum-marama-bean,Tylosema esculentum,Marama Bean,Fabaceae,Perennial,10-12,10.0,12.0,1.0,Fast,,1.0,"Root, Seed","Oil, Coffee, Drink","Cosmetic, oil, Ground cover",1.0,0.0,0.0,0.0,1.0,1.0,0.0,1.0,1.0,0.0,root_crop,1.0,Layer or Edible parts indicates Root/Tuber,10626,Tylosema esculentum,(Burchell) A. Schreiber,,Bauhinia esculenta Burchell.,"marama bean, morama nut, braaiboontjie, gemsbok bean, tamarni, thamani berry, marama, marami, morama, ombanui, gami, tsi, tsin bean, maramaboontjie, gemsbokboontjie, N!Gham, sanveldneut","herb, vine",prostrate/procumbent/semi-erect,perennial,"deciduous, multi stem","pulses (grain legumes), roots/tubers, forage/pasture",harvested from wild,22.0,30.0,16.0,50.0,150.0,800.0,300.0,600.0,5.5,7.0,5.0,7.5,,,,,,clear skies,very bright,cloudy skies,very bright,deep (>>150 cm),deep (>>150 cm),light,"medium, light",moderate,low,low (<4 dS/m),low (<4 dS/m),well (dry spells),"well (dry spells), excessive (dry/moderately dry)",,,,"tropical wet & dry (Aw), tropical wet (Ar), desert or arid (Bw), steppe or semiarid (Bs)",,,,small scale (manual),0.0,0.0,original_rule,edible_flag,high,Marama Bean,1,,root,0,,0,0
PP:3441,both,vigna radiata,exact_scientific_name,high,3441.0,Plant,https://permapeople.org/plants/vigna-radiata-mung-bean,Vigna radiata,Mung Bean,Fabaceae,Annual,10-12,10.0,12.0,0.8,Fast,,1.0,"Leaves, Seed, Seedpod",,"Cover crop, Soap making, Nitrogen fixer",1.0,1.0,0.0,0.0,1.0,1.0,0.0,1.0,1.0,1.0,legume,1.0,Family == Fabaceae and Edible parts contains Seed/Pod,2150,Vigna radiata,(L.) R. Wilczek,Magnoliopsida:Rosidae:Fabales:Leguminosae,"Azukia radiata (L.) Ohwi, Phaseolus abyssinicus Savi, Phaseolus aureus Roxb., Phaseolus hirtus Retz., Phaseolus radiatus L., Phaseolus radiatus L. var. aurea (Roxb.), Phaseolus radiatus L. var. typicus Prain, Phaseolus trinervius Wight & Arn., Rudua aurea (Roxb.) F. Maek., Vigna radiata (L.) R. Wilczek var. dublobata (Roxb, Vigna radiata (L.) R. Wilczek var. sublobata (Roxb","green gram (India), mung bean (Aust), judia de mungo, poroto mungo (Paraguay), ambérique, Mungbohne","herb, vine, sub-shrub","prostrate/procumbent/semi-erect, climber/scrambler/scadent",perennial,"multi stem, C3 photosynthesis","pulses (grain legumes), forage/pasture, cover crop, environmental",,21.0,36.0,8.0,40.0,650.0,900.0,500.0,1250.0,5.5,6.2,4.3,8.3,,,,,2000.0,very bright,very bright,very bright,cloudy skies,medium (50-150 cm),shallow (20-50 cm),"medium, organic","heavy, medium, light",moderate,low,low (<4 dS/m),medium (4-10 dS/m),well (dry spells),"well (dry spells), excessive (dry/moderately dry)",,,"short day (<12 hours), neutral day (12-14 hours)","tropical wet & dry (Aw), subtropical humid (Cf)",,,,,50.0,120.0,original_rule,edible_flag,high,Mung Bean,1,,legume,0,,0,0
PP:3442,both,vigna mungo,exact_scientific_name,high,3442.0,Plant,https://permapeople.org/plants/vigna-mungo-black-gram,Vigna mungo,Black Gram,Fabaceae,Annual,10-12,10.0,12.0,1.0,Fast,,1.0,"Leaves, Seed, Seedpod",,"Cover crop, Soap making, Nitrogen fixer",1.0,0.0,0.0,0.0,0.0,1.0,1.0,1.0,1.0,1.0,legume,1.0,Family == Fabaceae and Edible parts contains Seed/Pod,2149,Vigna mungo,(L.) Hepper,Magnoliopsida:Rosidae:Fabales:Leguminosae,"Azukia mungo (L.) Masam., Phaseolus mungo L.","black gram, urd, urid, mung bean, bean - mung",herb,prostrate/procumbent/semi-erect,annual,multi stem,"pulses (grain legumes), forage/pasture, medicinals & aromatic, cover crop, environmental",,22.0,35.0,8.0,40.0,650.0,900.0,530.0,2430.0,5.5,6.5,4.5,7.5,,,,,2000.0,very bright,very bright,very bright,clear skies,deep (>>150 cm),medium (50-150 cm),"heavy, medium","heavy, medium",high,moderate,low (<4 dS/m),medium (4-10 dS/m),well (dry spells),"well (dry spells), excessive (dry/moderately dry)",,,"short day (<12 hours), neutral day (12-14 hours)","tropical wet & dry (Aw), steppe or semiarid (Bs)",drought,,,,60.0,130.0,original_rule,edible_flag,high,Black Gram,1,,legume,0,,0,0
PP:3443,both,avena nuda,exact_scientific_name,high,3443.0,Plant,https://permapeople.org/plants/avena-nuda-naked-oat,Avena nuda,Naked Oat,Poaceae or gramineae,Annual,,,,0.9,,,1.0,Seed,Coffee,"Fiber, Mulch, textiles",1.0,0.0,0.0,0.0,1.0,1.0,0.0,1.0,1.0,1.0,other_productive,1.0,"Edible == true, no more specific rule matched",3571,Avena nuda,L.,Liliopsida:Commelinidae:Cyperales:Gramineae,,,grass,erect,annual,"deciduous, multi stem","cereals & pseudocereals, materials","grown on small scale, previously widely grown",16.0,22.0,8.0,30.0,600.0,1100.0,400.0,1500.0,5.5,7.7,5.0,8.0,42.0,40.0,53.0,55.0,1000.0,clear skies,very bright,cloudy skies,very bright,shallow (20-50 cm),shallow (20-50 cm),"heavy, medium","heavy, medium, light, wide",moderate,low,low (<4 dS/m),low (<4 dS/m),well (dry spells),"well (dry spells), excessive (dry/moderately dry)",,,,"subtropical humid (Cf), subtropical dry summer (Cs), temperate oceanic (Do), temperate continental (Dc), temperate with humid winters (Df), temperate with dry winters (Dw)",drought,,,,120.0,270.0,original_rule,edible_flag,high,Naked Oat,1,,other,0,,0,0
PP:3455,both,apios americana,exact_scientific_name,high,3455.0,Plant,https://permapeople.org/plants/apios-americana-ground-nut,Apios americana,Ground Nut,Fabaceae or leguminosae,Perennial,3-7,3.0,7.0,1.2,,,1.0,"Root, Seed, Seedpod",,"Companion, textiles, Nitrogen fixer, Fragrance",1.0,1.0,0.0,0.0,0.0,1.0,0.0,1.0,1.0,0.0,root_crop,1.0,Layer or Edible parts indicates Root/Tuber,3286,Apios americana,Medikus,Magnoliopsida:Rosidae:Fabales:Leguminosae,,"apios, groundnut, wild bean, bog potato, wild potato, Virginia potato, Indian potato, potato bean","herb, vine",climber/scrambler/scadent,perennial,"deciduous, multi stem","roots/tubers, vegetables",,10.0,20.0,8.0,30.0,1000.0,1200.0,700.0,1500.0,5.0,7.5,4.5,8.5,30.0,25.0,45.0,48.0,1000.0,clear skies,very bright,light shade,very bright,medium (50-150 cm),medium (50-150 cm),medium,"medium, light",high,moderate,low (<4 dS/m),low (<4 dS/m),well (dry spells),"poorly (saturated >50% of year), well (dry spells)",-40,0.0,,"subtropical humid (Cf), temperate oceanic (Do), boreal (E)",,,can become a weed,,0.0,0.0,original_rule,edible_flag,high,Ground Nut,1,,root,0,,0,0
PP:3456,both,chamaemelum nobile,ecocrop_synonym_binomial,medium,3456.0,Plant,https://permapeople.org/plants/chamaemelum-nobile-roman-chamomile,Chamaemelum nobile,Roman chamomile,Asteraceae or compositae,Perennial,4-8,4.0,8.0,0.2,,,1.0,"Flowers, Shoots","Condiment, Tea","Companion, Compost, Dye, Essential Oil, antifungal, Hair, Animal feed, Strewing, Dynamic accumulator, Ground cover, Fragrance",1.0,1.0,0.0,0.0,1.0,1.0,0.0,1.0,1.0,1.0,vegetable,1.0,Edible parts contains Leaves/Stem/Flowers,3254,Anthemis nobilis,(L.) All.,Magnoliopsida:Asteridae:Asterales:Compositae,"Chamaemelum nobile (L.) Au., Chamomilla nobilis GG.","chamomile, roman chamomile, camomille romaine, römische Kamille, camomilla, kamilica, Chamomillae romanae flos, Aetheroleum chamomillae romanae",herb,erect,perennial,multi stem,"ornamentals/turf, medicinals & aromatic",grown on large scale,15.0,26.0,3.0,30.0,600.0,1000.0,400.0,1400.0,6.0,7.0,5.5,8.0,30.0,30.0,50.0,60.0,400.0,very bright,very bright,very bright,clear skies,shallow (20-50 cm),shallow (20-50 cm),"medium, organic","heavy, medium, light",moderate,low,low (<4 dS/m),low (<4 dS/m),well (dry spells),well (dry spells),-10,0.0,long day (>14 hours),"steppe or semiarid (Bs), subtropical dry summer (Cs), temperate oceanic (Do), temperate continental (Dc), temperate with humid winters (Df), temperate with dry winters (Dw)",,,,large scale/commercial,180.0,270.0,original_rule,edible_flag,high,Roman chamomile,1,,leafy_herb,0,,0,0
PP:3470,both,aponogeton distachyos,exact_scientific_name,high,3470.0,Plant,https://permapeople.org/plants/aponogeton-distachyos-water-hawthorn,Aponogeton distachyos,Water Hawthorn,Aponogetonaceae,Perennial,8-11,8.0,11.0,,,,1.0,"Flowers, Root, Shoots, Stem",,Fragrance,1.0,0.0,0.0,0.0,0.0,0.0,1.0,1.0,1.0,1.0,root_crop,1.0,Layer or Edible parts indicates Root/Tuber,12396,Aponogeton distachyos,L. f.,Liliopsida:Alismatidae:Najadales:Aponogetonaceae,,"Cape Water-hawthorn, waterblommetjie, vleikos, Cape pond weed, water hawthorn, Cape asparagus",herb,prostrate/procumbent/semi-erect,perennial,multi stem,"vegetables, ornamentals/turf, medicinals & aromatic",,12.0,18.0,10.0,24.0,600.0,1100.0,500.0,1200.0,6.0,7.5,4.5,8.0,22.0,20.0,50.0,52.0,1500.0,cloudy skies,very bright,light shade,very bright,shallow (20-50 cm),shallow (20-50 cm),"heavy, medium","heavy, medium",high,moderate,,,poorly (saturated >50% of year),poorly (saturated >50% of year),-5,0.0,,"subtropical dry summer (Cs), temperate oceanic (Do)",flooding,drought,,,0.0,0.0,original_rule,edible_flag,high,Water Hawthorn,1,,root,0,,0,0
PP:3475,both,arachis glabrata,exact_scientific_name,high,3475.0,Plant,https://permapeople.org/plants/arachis-glabrata-perennial-peanut,Arachis glabrata,Perennial peanut,Fabaceae,Perennial,8-11,8.0,11.0,0.3,Fast,,1.0,Flowers,,"Cover crop, Soil conditioner, Nitrogen fixer",1.0,1.0,0.0,0.0,0.0,1.0,0.0,1.0,1.0,1.0,nut,1.0,Common name contains 'nut' or Edible uses contains 'Nut',3308,Arachis glabrata,Benth.,Magnoliopsida:Rosidae:Fabales:Leguminosae,,,herb,erect,perennial,multi stem,"pulses (grain legumes), forage/pasture","grown on large scale, grown on small scale",20.0,28.0,12.0,35.0,1000.0,2000.0,600.0,4000.0,5.0,6.0,4.5,8.5,13.0,,28.0,35.0,1500.0,very bright,very bright,very bright,cloudy skies,deep (>>150 cm),medium (50-150 cm),"heavy, medium, light","heavy, medium, light",moderate,low,low (<4 dS/m),low (<4 dS/m),well (dry spells),"well (dry spells), excessive (dry/moderately dry)",-12,-1.0,short day (<12 hours),"tropical wet & dry (Aw), tropical wet (Ar), subtropical humid (Cf)",fire,,,large scale/commercial,90.0,300.0,original_rule,edible_flag,high,Perennial peanut,1,,fruit_tree,0,,0,0
PP:3484,permapeople_only,artocarpus camansi,exact_scientific_name,high,3484.0,Plant,https://permapeople.org/plants/artocarpus-camansi-breadnut,Artocarpus camansi,Breadnut,Moraceae,,10-12,10.0,12.0,15.0,Fast,Tall trees,1.0,"Fruit, Seed",Oil,"Fire starter, Pest control, textiles, Mulch, oil, Plant support, Erosion control, Lumber",1.0,0.0,0.0,0.0,0.0,1.0,0.0,1.0,1.0,1.0,fruit_tree,1.0,Layer contains 'Tree' and Edible parts contains 'Fruit',3423,Artocarpus altilis,(Parkinson) Fosberg,Magnoliopsida:Dilleniidae:Urticales:Moraceae,"Artocarpus incisus (Thunb.) Linnaeus, Artocarpus communis J.R. & G. Forster (1776), Artocarpus camansi Blanco (1837)","breadfruit, arbre à pain, fruit a pain, chataignier, fruta de pan, arbor de pan, arbor del pan, pan de pobre, pan de ano, pan de todo el ano, pan de palo, pan de name, topan, tupan, mazapan, castana, marure, castano de Malabar, panapen, pana de pepitas, sukun, kelur, timbul, fruta pao, pao de massa, broodvrucht, broodboom, suku, kulur, kelor, kulor, sa-ke, ulu, kula, uto, uto-sore, kapiak, rimas, kamansi, sakéé, khnaôr sâmloo, khanun-sampalor, sakê",tree,erect,perennial,"evergreen, semi evergreen, single stem",fruits & nuts,grown on large scale,21.0,33.0,16.0,40.0,1500.0,3000.0,1000.0,3500.0,5.5,6.5,4.3,8.7,,,17.0,23.0,1500.0,very bright,light shade,very bright,light shade,deep (>>150 cm),shallow (20-50 cm),"heavy, medium, light, organic","heavy, medium, light",high,moderate,low (<4 dS/m),low (<4 dS/m),well (dry spells),well (dry spells),,,short day (<12 hours),"tropical wet & dry (Aw), tropical wet (Ar)",,,,,300.0,365.0,original_rule,edible_flag,high,Breadfruit; Breadnut,2,,fruit_tree,0,,0,0
PP:3485,both,artocarpus integer,exact_scientific_name,high,3485.0,Plant,https://permapeople.org/plants/artocarpus-integer-champedak,Artocarpus integer,Champedak,Moraceae,,11-12,11.0,12.0,20.0,Slow,Tall trees,1.0,"Fruit, Leaves, Seed",,"Dye, Fiber, Fire starter, Weaving material, Tannin, Varnish, Lumber",1.0,0.0,0.0,0.0,0.0,1.0,0.0,1.0,1.0,1.0,fruit_tree,1.0,Layer contains 'Tree' and Edible parts contains 'Fruit',3435,Artocarpus integer,(Thunb.) Merr.,Magnoliopsida:Dilleniidae:Urticales:Moraceae,"Artocarpus integrifolia L.f. (1781, nomen illegitimum), Artocarpus polyphema Persoon (1807, nomen illegitimum), Artocarpus champeden (Lour.) Stokes (1812).","chempedak, campedak, jak, baroh, bankong, sonekadat, champada",tree,erect,perennial,"evergreen, single stem","forage/pasture, fruits & nuts, ornamentals/turf, forest/wood",grown on small scale,22.0,38.0,16.0,47.0,2200.0,3500.0,1250.0,4500.0,4.5,6.0,4.0,6.5,,,20.0,25.0,1300.0,clear skies,light shade,very bright,light shade,deep (>>150 cm),medium (50-150 cm),"heavy, medium, light","heavy, medium, light",high,moderate,low (<4 dS/m),low (<4 dS/m),well (dry spells),"poorly (saturated >50% of year), well (dry spells)",,,short day (<12 hours),tropical wet (Ar),,,,"home garden, small scale (manual)",365.0,365.0,original_rule,edible_flag,high,Champedak,1,,fruit_tree,0,,1,0
PP:3499,both,bambusa blumeana,exact_scientific_name,high,3499.0,Plant,https://permapeople.org/plants/bambusa-blumeana-spiny-bamboo-spiny-bamboo,Bambusa blumeana,Spiny Bamboo Spiny bamboo,Poaceae,,10-12,10.0,12.0,20.0,Fast,Trees,1.0,Shoots,,"Weaving material, Fencing, Fire starter, Lumber, textiles, Wind breaker, Erosion control",1.0,0.0,0.0,0.0,0.0,1.0,0.0,0.0,1.0,1.0,other_productive,1.0,"Edible == true, no more specific rule matched",3618,Bambusa blumeana,Schult.f.,Liliopsida:Commelinidae:Cyperales:Gramineae,"Spiny bamboo, thorny bamboo, Bambu duri (Indonesia), Haur cucuk (Sudanese), Su pring gesing (Javanese), Malaysia: buloh duri, buloh sikai, Philippines: kauayan-tinik (Tagalog), Batakan (Bisaya), ka-wayan-sitan (Ilokano), Cambodia: russei roliek, Laos: phaix bainz, Thailand: phai sisuk, Vietnam: tre gai","bamboo, spiny bamboo, thorny bamboo",grass,erect,perennial,multi stem,"vegetables, materials, environmental",,18.0,32.0,8.0,37.0,1500.0,4000.0,1000.0,5000.0,5.0,6.5,4.5,7.0,,,15.0,23.0,300.0,clear skies,very bright,cloudy skies,very bright,medium (50-150 cm),medium (50-150 cm),heavy,heavy,moderate,low,low (<4 dS/m),low (<4 dS/m),well (dry spells),"poorly (saturated >50% of year), well (dry spells)",-1,-1.0,,"tropical wet & dry (Aw), tropical wet (Ar)",flooding,,,,0.0,0.0,original_rule,edible_flag,high,Spiny Bamboo Spiny bamboo,1,,other,0,,0,0
PP:3516,both,cassia fistula,exact_scientific_name,high,3516.0,Plant,https://permapeople.org/plants/cassia-fistula-golden-shower,Cassia fistula,Golden Shower,Fabaceae,,9-11,9.0,11.0,18.0,Slow,Tall trees,1.0,"Flowers, Fruit, Inner bark, Leaves, Seed, Shoots","Gum, Sweetener","Alcohol, Fire starter, Dye, Fencing, Animal feed, Gum, Pest control, Pioneer, Tannin, Lumber, Coppice",1.0,0.0,0.0,0.0,0.0,1.0,0.0,1.0,1.0,1.0,fruit_tree,1.0,Layer contains 'Tree' and Edible parts contains 'Fruit',635,Cassia fistula,L.,Magnoliopsida:Rosidae:Fabales:Leguminosae,,"golden shower, Indian laburnum",tree,erect,perennial,"deciduous, single stem","ornamentals/turf, forest/wood, environmental",,18.0,30.0,4.0,48.0,1000.0,2000.0,500.0,3500.0,6.0,7.0,5.5,7.8,15.0,15.0,35.0,35.0,800.0,very bright,clear skies,very bright,light shade,medium (50-150 cm),shallow (20-50 cm),"medium, light","heavy, medium, light",moderate,low,low (<4 dS/m),low (<4 dS/m),well (dry spells),"well (dry spells), excessive (dry/moderately dry)",-4,-1.0,short day (<12 hours),"tropical wet & dry (Aw), steppe or semiarid (Bs)",,,,,240.0,330.0,original_rule,edible_flag,high,Golden Shower,1,,fruit_tree,0,,0,0
PP:3517,both,bertholletia excelsa,exact_scientific_name,high,3517.0,Plant,https://permapeople.org/plants/bertholletia-excelsa-brazil-nut,Bertholletia excelsa,Brazil Nut,Lecythidaceae,,10-12,10.0,12.0,40.0,Medium,Tall trees,1.0,Seed,Oil,"Containers, Fiber, Filter, Fire starter, Lumber, Lighting, oil, Waterproofing",1.0,0.0,0.0,0.0,0.0,1.0,0.0,1.0,1.0,1.0,nut,1.0,Common name contains 'nut' or Edible uses contains 'Nut',3699,Bertholletia excelsa,Humb. & Bonpl.,Magnoliopsida:Dilleniidae:Lecythidales:Lecythidaceae,"Bertholletia nobilis Miers, Bertholletia myrtaceae","Brazil nut, para nut, noyer du Brésil, la noix du Brésil, el coquito del Brasil, castanha do Para, castanha do Brasil, castanheiro do para, die paranüsse, la noce del Brasile",tree,erect,perennial,"semi evergreen, deciduous, single stem","fruits & nuts, forest/wood",grown on small scale,20.0,36.0,12.0,40.0,2400.0,2800.0,1400.0,3500.0,5.5,7.0,4.5,8.0,,,10.0,10.0,200.0,clear skies,cloudy skies,clear skies,light shade,deep (>>150 cm),medium (50-150 cm),"heavy, medium","heavy, medium",high,moderate,low (<4 dS/m),low (<4 dS/m),well (dry spells),well (dry spells),,,"short day (<12 hours), neutral day (12-14 hours), long day (>14 hours)","tropical wet & dry (Aw), tropical wet (Ar)",,,,small scale (manual),365.0,365.0,original_rule,edible_flag,high,Brazil Nut,1,,fruit_tree,0,,0,0
PP:3518,both,dendrocalamus giganteus,exact_scientific_name,high,3518.0,Plant,https://permapeople.org/plants/dendrocalamus-giganteus-giant-bamboo,Dendrocalamus giganteus,Giant Bamboo,Poaceae,,9-12,9.0,12.0,30.0,Fast,Trees,1.0,Shoots,,"Weaving material, Biomass, Fiber, Animal feed, textiles, Poles, Erosion control, Lumber",1.0,1.0,0.0,0.0,0.0,1.0,0.0,1.0,1.0,1.0,other_productive,1.0,"Edible == true, no more specific rule matched",882,Dendrocalamus giganteus,,Liliopsida:Commelinidae:Cyperales:Gramineae,,,grass,erect,perennial,"evergreen, multi stem","vegetables, materials",,20.0,27.0,15.0,34.0,1800.0,3600.0,1200.0,4500.0,5.5,6.5,4.5,7.5,15.0,,25.0,40.0,1000.0,clear skies,cloudy skies,very bright,light shade,deep (>>150 cm),medium (50-150 cm),"medium, light","heavy, medium, light",high,moderate,low (<4 dS/m),low (<4 dS/m),"poorly (saturated >50% of year), well (dry spells)","poorly (saturated >50% of year), well (dry spells)",,,short day (<12 hours),tropical wet & dry (Aw),,,,,240.0,365.0,original_rule,edible_flag,high,Giant Bamboo,1,,other,0,,0,0
PP:3520,both,bauhinia variegata,exact_scientific_name,high,3520.0,Plant,https://permapeople.org/plants/bauhinia-variegata-mountain-ebony,Bauhinia variegata,Mountain Ebony,Fabaceae or leguminosae,,8-11,8.0,11.0,12.0,,Trees,1.0,Leaves,,"Dye, Animal feed, Tannin, Lumber",1.0,1.0,0.0,0.0,0.0,1.0,1.0,1.0,1.0,1.0,vegetable,1.0,Edible parts contains Leaves/Stem/Flowers,508,Bauhinia variegata,L.,Magnoliopsida:Rosidae:Fabales:Leguminosae,"Phanera variegata Benth., Bauhinia variegata L., Bauhinia candida Ait","orchid tree, bauhinia, camels foot, mountain-ebony, poor man's orchid, rakta-kanchan, kachnar, kotidaram, flamboyán orquídea, palo de orquídeas, segapumanchorii",tree,erect,perennial,"deciduous, single stem","forage/pasture, fruits & nuts, vegetables, materials, ornamentals/turf, medicinals & aromatic, forest/wood",grown on small scale,12.0,38.0,5.0,47.0,600.0,2200.0,400.0,2500.0,5.5,7.0,5.0,7.5,,,30.0,30.0,1800.0,very bright,very bright,clear skies,very bright,deep (>>150 cm),shallow (20-50 cm),"medium, light","medium, light",high,low,low (<4 dS/m),low (<4 dS/m),well (dry spells),"well (dry spells), excessive (dry/moderately dry)",-5,-1.0,,"tropical wet & dry (Aw), subtropical dry summer (Cs)",drought,fire,,,0.0,0.0,original_rule,edible_flag,high,Mountain Ebony,1,,leafy_herb,0,,0,0
PP:3541,both,ribes hirtellum,exact_scientific_name,high,3541.0,Plant,https://permapeople.org/plants/ribes-hirtellum-currant-gooseberry,Ribes hirtellum,Currant-Gooseberry,Grossulariaceae,,4-8,4.0,8.0,1.0,,Shrubs,1.0,Fruit,,,1.0,0.0,0.0,0.0,0.0,1.0,0.0,1.0,1.0,1.0,berry,1.0,Common name contains 'berry' and Edible parts contains 'Fruit',9279,Ribes hirtellum,Michaux,Magnoliopsida:Rosidae:Rosales:Grossulariaceae,,,shrub,erect,perennial,"deciduous, multi stem",fruits & nuts,,10.0,22.0,5.0,25.0,800.0,1200.0,400.0,1700.0,6.5,7.5,5.5,8.0,,,,,,very bright,clear skies,very bright,cloudy skies,medium (50-150 cm),medium (50-150 cm),"heavy, medium","heavy, medium, light",high,moderate,low (<4 dS/m),low (<4 dS/m),well (dry spells),well (dry spells),-10,0.0,long day (>14 hours),"steppe or semiarid (Bs), temperate oceanic (Do), temperate continental (Dc), temperate with humid winters (Df), temperate with dry winters (Dw), boreal (E)",,,,,150.0,180.0,original_rule,edible_flag,high,Currant-Gooseberry,1,,fruit_tree,0,,0,0
PP:3547,both,moringa oleifera,exact_scientific_name,high,3547.0,Plant,https://permapeople.org/plants/moringa-oleifera-horseradish-tree,Moringa oleifera,Horseradish Tree,Moringaceae,,10-12,10.0,12.0,8.0,Fast,Trees,1.0,"Flowers, Inner bark, Leaves, Root, Seed, Seedpod, Shoots","Oil, Condiment, Gum, Tea","Cosmetic, Dye, Fencing, Fertilizer, Fiber, Filter, Animal feed, Fire starter, Gum, Hedgerow, oil, Pioneer, Plant support, Scourer, Wind breaker, Soap making, Soil conditioner, Weaving material, Tannin, Lumber, Coppice",1.0,0.0,0.0,0.0,0.0,0.0,0.0,1.0,1.0,1.0,root_crop,1.0,Layer or Edible parts indicates Root/Tuber,2348,Moringa oleifera,Lam.,Magnoliopsida:Dilleniidae:Capparales:Moringaceae,"Anoma moringa (L.) Lour., Anoma moringa (Linnaeus) Loureiro, 1970, Hyperanthera moringa (L.) Vahi., Hyperanthera moringa (Linnaeus) Vahl., 1970, Moringa erecta Salisb. (nom illegit.)., 1796, Moringa pterygosperma C.F. Gaertn., 1982, Guilandina moringa L. Standley, 1946, Moringa moringa (L.) Millsp. Standley, 1946, Moringa octogona Stokes. nom illegit., 1812, Moringa parvifolia Noronha. nom. illegit., 1790, Moringa polygona DC. nom. illegit.,1825, Moringa pterygosperma Gaertn. Standley, 1946, Moringa zeylanica Burmann., 1982, Moringa ovalifoliolata Dinter, 1914, Moringa ovalifolia Dinter & Berger, 1987","horseradish tree, ben oil tree, drumstick tree, clarifier tree, mother's best friend, moringa tree, cabbage tree, benzolive tree, malunggay, zogallagandi, okwe oyibo, mlonge, mzunze, ewe-igbale, meelsakboom, Aleco (Konsogna), Shiferaw (Amargna), Kalan'gi (Hamer-Bena)","shrub, tree",erect,perennial,"deciduous, single stem, multi stem","forage/pasture, fruits & nuts, vegetables, materials, ornamentals/turf, medicinals & aromatic, forest/wood, environmental",grown on small scale,20.0,35.0,7.0,48.0,700.0,2200.0,400.0,2600.0,5.5,7.0,5.0,8.5,10.0,10.0,20.0,30.0,1000.0,very bright,clear skies,very bright,cloudy skies,deep (>>150 cm),medium (50-150 cm),"medium, light","heavy, medium, light",moderate,low,low (<4 dS/m),low (<4 dS/m),well (dry spells),"well (dry spells), excessive (dry/moderately dry)",,,"short day (<12 hours), neutral day (12-14 hours), long day (>14 hours)","tropical wet & dry (Aw), steppe or semiarid (Bs), subtropical dry summer (Cs)",,,,"home garden, small scale (manual)",210.0,330.0,original_rule,edible_flag,high,Horseradish Tree,1,,leafy_herb,0,,1,0
PP:3549,both,psidium guajava,exact_scientific_name,high,3549.0,Plant,https://permapeople.org/plants/psidium-guajava-guava,Psidium guajava,Guava,Myrtaceae,,9-12,9.0,12.0,10.0,Medium,Trees,1.0,"Fruit, Leaves, Seed","Oil, Pectin","Fire starter, Dye, Essential Oil, Fencing, Pest control, oil, Pectin, Pioneer, Tannin, Teeth, Lumber",1.0,0.0,0.0,0.0,0.0,1.0,0.0,1.0,1.0,1.0,fruit_tree,1.0,Layer contains 'Tree' and Edible parts contains 'Fruit',1804,Psidium guajava,L.,Magnoliopsida:Rosidae:Myrtales:Myrtaceae,,"guava, guayaba, goyave, goyavier, goiaba, goeajaaba, Guave, jambu batu, bayabas, guyabas, trapaek sruk, si da, farang, fa-rahng, ma-kuai, ma-man, oi, kuava, amrut, kautoga, kua'va, zeitun","shrub, tree",erect,perennial,"evergreen, single stem, multi stem","fruits & nuts, forest/wood, environmental, weed",grown on small scale,20.0,33.0,10.0,45.0,1000.0,3000.0,400.0,5000.0,5.5,7.5,4.0,8.5,,,20.0,35.0,2000.0,very bright,clear skies,very bright,cloudy skies,medium (50-150 cm),shallow (20-50 cm),"medium, organic","heavy, medium, light",high,low,low (<4 dS/m),medium (4-10 dS/m),well (dry spells),"poorly (saturated >50% of year), well (dry spells), excessive (dry/moderately dry)",-5,-1.0,short day (<12 hours),"tropical wet & dry (Aw), tropical wet (Ar), steppe or semiarid (Bs), subtropical humid (Cf), subtropical dry summer (Cs), subtropical dry winter (Cw)",,,can become a weed,,150.0,365.0,original_rule,edible_flag,high,Guava,1,,fruit_tree,1,جوافة,0,0
PP:3593,both,gmelina arborea,exact_scientific_name,high,3593.0,Plant,https://permapeople.org/plants/gmelina-arborea-gmelina,Gmelina arborea,Gmelina,Lamiaceae,,9-12,9.0,12.0,25.0,Fast,Tall trees,1.0,"Flowers, Fruit",,"Fire starter, Dye, Lumber, Hedgerow, textiles, Pioneer, Wind breaker, Coppice",1.0,1.0,0.0,0.0,0.0,1.0,0.0,1.0,1.0,1.0,fruit_tree,1.0,Layer contains 'Tree' and Edible parts contains 'Fruit',1152,Gmelina arborea,Roxb.,Magnoliopsida:Asteridae:Lamiales:Labiatae,,yemane,tree,erect,perennial,"deciduous, single stem","forage/pasture, fruits & nuts, materials, ornamentals/turf, medicinals & aromatic, forest/wood, environmental",grown on small scale,22.0,34.0,16.0,46.0,1500.0,2500.0,750.0,5000.0,5.0,6.0,4.0,7.5,5.0,5.0,30.0,30.0,2100.0,very bright,very bright,very bright,clear skies,deep (>>150 cm),medium (50-150 cm),"heavy, medium","heavy, medium, light",high,moderate,low (<4 dS/m),low (<4 dS/m),well (dry spells),well (dry spells),1,1.0,short day (<12 hours),"tropical wet & dry (Aw), tropical wet (Ar)",fire,,,,240.0,300.0,original_rule,edible_flag,high,Gmelina,1,,fruit_tree,0,,0,0
PP:3596,both,grevillea robusta,exact_scientific_name,high,3596.0,Plant,https://permapeople.org/plants/grevillea-robusta-silky-oak,Grevillea robusta,Silky Oak,Proteaceae,,9-11,9.0,11.0,30.0,Fast,Tall trees,1.0,Nectar,Gum,"Dye, Gum, Rootstock, Lumber",1.0,1.0,0.0,0.0,1.0,1.0,0.0,1.0,1.0,1.0,other_productive,1.0,"Edible == true, no more specific rule matched",1170,Grevillea robusta,A. Cunn.,Magnoliopsida:Rosidae:Proteales:Proteaceae,,"silky oak, australian silver oak, australiese silwereik",tree,erect,perennial,"evergreen, semi evergreen, single stem","materials, ornamentals/turf, forest/wood, environmental, weed",,15.0,28.0,8.0,34.0,750.0,1500.0,400.0,2500.0,5.0,7.0,4.5,7.5,27.0,10.0,36.0,36.0,3000.0,very bright,very bright,very bright,clear skies,deep (>>150 cm),medium (50-150 cm),"medium, light","medium, light",high,low,low (<4 dS/m),low (<4 dS/m),well (dry spells),"well (dry spells), excessive (dry/moderately dry)",-10,-1.0,"short day (<12 hours), neutral day (12-14 hours), long day (>14 hours)","tropical wet & dry (Aw), steppe or semiarid (Bs), subtropical humid (Cf), temperate oceanic (Do), temperate continental (Dc), temperate with humid winters (Df), temperate with dry winters (Dw)",drought,wind,can become a weed,,150.0,300.0,original_rule,edible_flag,high,Silky Oak,1,,other,0,,0,0
PP:3605,both,azadirachta indica,exact_scientific_name,high,3605.0,Plant,https://permapeople.org/plants/azadirachta-indica-neem,Azadirachta indica,Neem,Meliaceae,,10-12,10.0,12.0,15.0,Fast,Tall trees,1.0,"Flowers, Fruit, Leaves, Sap","Oil, Drink","Biomass, Fire starter, Containers, Fencing, Cover crop, Hair, Hedgerow, Pest control, Lighting, oil, Wind breaker, Soap making, Soil conditioner, Erosion control, Tannin, Teeth, Lumber, Coppice",1.0,1.0,0.0,0.0,1.0,1.0,0.0,0.0,1.0,1.0,fruit_tree,1.0,Layer contains 'Tree' and Edible parts contains 'Fruit',3581,Azadirachta indica,Adr. Juss.,Magnoliopsida:Rosidae:Sapindales:Meliaceae,"Melia azadirachta L., Melia indica (A. Juss) Brandis, Antelaea azadirachta (L.) Adelb.","neem, Indian lilac, mahogany, azadira d'Inde, nim, Indischer Zedrach, niem, margosa, nimb, arishta, limba, nimmi, limbo, vepa, arulundi, bevinamara, indu lian shu, cha do, veppa, thin, baypay, sadao India, mindi maranngo, sdao, azad darakhul-hind, nib, mwarubaini",tree,erect,perennial,"evergreen, single stem","forage/pasture, materials, medicinals & aromatic",grown on large scale,26.0,40.0,14.0,46.0,450.0,1200.0,200.0,2000.0,5.5,7.0,5.0,7.5,,,25.0,30.0,1500.0,very bright,clear skies,very bright,light shade,deep (>>150 cm),shallow (20-50 cm),"heavy, medium, light","heavy, medium, light",low,low,low (<4 dS/m),medium (4-10 dS/m),well (dry spells),"well (dry spells), excessive (dry/moderately dry)",,,short day (<12 hours),"tropical wet & dry (Aw), desert or arid (Bw), steppe or semiarid (Bs)",,fire,,,150.0,210.0,original_rule,edible_flag,high,Neem,1,,fruit_tree,0,,0,0
PP:3607,both,apocynum cannabinum,exact_scientific_name,high,3607.0,Plant,https://permapeople.org/plants/apocynum-cannabinum-indian-hemp,Apocynum cannabinum,Indian Hemp,Apocynaceae,Perennial,4-8,4.0,8.0,0.6,,,1.0,Seed,Gum,"Fiber, Gum, textiles",1.0,1.0,0.0,1.0,0.0,1.0,0.0,1.0,1.0,1.0,other_productive,1.0,"Edible == true, no more specific rule matched",12393,Apocynum cannabinum,L.,Magnoliopsida:Asteridae:Gentianales:Apocynaceae,,"hemp dogbane, black hemp, black Indian hemp, Canadian hemp, American hemp, amy-root, bowmans root, bitterroot, Indian-physic, rheumatism weed, milkweed, wild cotton, Choctaw-root",herb,"erect, prostrate/procumbent/semi-erect",perennial,"deciduous, single stem, multi stem","materials, medicinals & aromatic",,12.0,22.0,6.0,30.0,600.0,1200.0,150.0,1500.0,5.0,7.0,4.5,8.0,27.0,25.0,45.0,50.0,2000.0,cloudy skies,very bright,light shade,very bright,medium (50-150 cm),shallow (20-50 cm),"medium, light","heavy, medium, light, wide, organic",moderate,moderate,low (<4 dS/m),low (<4 dS/m),"well (dry spells), excessive (dry/moderately dry)","poorly (saturated >50% of year), well (dry spells), excessive (dry/moderately dry)",-35,0.0,,"desert or arid (Bw), steppe or semiarid (Bs), subtropical humid (Cf), subtropical dry summer (Cs), temperate oceanic (Do), temperate continental (Dc)",,,,,0.0,0.0,original_rule,edible_flag,high,Indian Hemp,1,,other,0,,0,0
PP:3631,both,saccharum officinarum,exact_scientific_name,high,3631.0,Plant,https://permapeople.org/plants/saccharum-officinarum-sugarcane,Saccharum officinarum,Sugarcane,Poaceae,Perennial,8-12,8.0,12.0,6.0,Fast,,1.0,"Sap, Stem","Drink, Sweetener","Alcohol, Biomass, Fiber, Animal feed, Fire starter, textiles, Polish, Wax, Nitrogen fixer",1.0,0.0,0.0,0.0,0.0,1.0,1.0,1.0,1.0,1.0,vegetable,1.0,Edible parts contains Leaves/Stem/Flowers,1884,Saccharum officinarum,L.,Liliopsida:Commelinidae:Cyperales:Gramineae,,"sugarcane, sugar cane, canna da zucchero, caña de azúcar, cana de acucar, Zuckerrohr, suikerriet, shenkora, dovu, dovu buta, dovu vico, malaqele, kabakabavale, ganna, te kaikawewe (Kiribati), to, tolo (Samoa, Tuvalu), peqi (Simbo), suti (Roviana), suga",,,,,,,24.0,37.0,15.0,41.0,1500.0,2000.0,1000.0,5000.0,5.0,8.0,4.5,9.0,,,30.0,33.0,1600.0,very bright,very bright,very bright,clear skies,deep (>>150 cm),medium (50-150 cm),,,high,moderate,low (<4 dS/m),medium (4-10 dS/m),,,-2,0.0,,,,,,,210.0,365.0,original_rule,edible_flag,high,Sugarcane,1,,leafy_herb,0,,0,0
PP:3656,both,pinus ayacahuite,exact_scientific_name,high,3656.0,Plant,https://permapeople.org/plants/pinus-ayacahuite-mexican-white-pine,Pinus ayacahuite,Mexican White Pine,Pinaceae,,6-9,6.0,9.0,55.0,,Tall trees,1.0,Seed,Condiment,"Dye, Herbicide, Resin, Lumber",1.0,0.0,0.0,0.0,1.0,1.0,0.0,1.0,1.0,0.0,other_productive,1.0,"Edible == true, no more specific rule matched",8615,Pinus ayacahuite,Ehrenb.,Pinopsida:Pinaceae,,"Ayacahuite pine, Mexican white pine, pinheiro de Aiacauite",tree,erect,perennial,"evergreen, single stem",forest/wood,,17.0,24.0,9.0,28.0,1500.0,2000.0,1200.0,2500.0,4.5,6.5,4.0,8.0,14.0,14.0,21.0,21.0,3100.0,very bright,clear skies,very bright,cloudy skies,deep (>>150 cm),medium (50-150 cm),"heavy, medium, light","heavy, medium, light",high,,low (<4 dS/m),low (<4 dS/m),well (dry spells),well (dry spells),-10,-1.0,short day (<12 hours),"tropical wet & dry (Aw), tropical wet (Ar), subtropical dry summer (Cs)",drought,,,,300.0,365.0,original_rule,edible_flag,high,Mexican White Pine,1,,other,0,,0,0
PP:3660,both,pinus caribaea,exact_scientific_name,high,3660.0,Plant,https://permapeople.org/plants/pinus-caribaea-caribbean-pine-caribbean-pitch-pine,Pinus caribaea,Caribbean Pine Caribbean pitch pine,Pinaceae,,10-12,10.0,12.0,30.0,Fast,Tall trees,1.0,Seed,Gum,"Adhesive, Fire starter, Gum, Mulch, Paint, textiles, Resin, Wind breaker, Soap making, Soil reclamation, Erosion control, Tannin, Lumber",1.0,0.0,0.0,0.0,1.0,1.0,0.0,1.0,1.0,0.0,other_productive,1.0,"Edible == true, no more specific rule matched",1691,Pinus caribaea,Morelet,Pinopsida:Pinaceae,,"Caribbean pine, Caribbean pitch pine, Cuban pine, pinheiro de Cuba",tree,erect,perennial,"evergreen, single stem","materials, forest/wood, environmental",,22.0,34.0,16.0,40.0,2000.0,3000.0,800.0,3500.0,5.0,5.5,4.5,6.5,21.0,21.0,30.0,35.0,1500.0,clear skies,very bright,clear skies,very bright,deep (>>150 cm),shallow (20-50 cm),"medium, light","medium, light",high,low,low (<4 dS/m),low (<4 dS/m),well (dry spells),"well (dry spells), excessive (dry/moderately dry)",,,short day (<12 hours),"tropical wet & dry (Aw), tropical wet (Ar), subtropical humid (Cf)","fire, wind, coastal salt spray",,,,365.0,365.0,original_rule,edible_flag,high,Caribbean Pine Caribbean pitch pine,4,,other,0,,0,0
PP:3675,both,parkinsonia aculeata,exact_scientific_name,high,3675.0,Plant,https://permapeople.org/plants/parkinsonia-aculeata-jerusalem-thorn,Parkinsonia aculeata,Jerusalem Thorn,Fabaceae,,9-11,9.0,11.0,7.5,Fast,Trees,1.0,Seed,,"Biomass, Fire starter, Animal feed, Hedgerow, Wind breaker, Soil conditioner, Erosion control, Lumber, Nitrogen fixer",1.0,0.0,0.0,0.0,1.0,1.0,0.0,1.0,1.0,0.0,legume,1.0,Family == Fabaceae and Edible parts contains Seed/Pod,1617,Parkinsonia aculeata,L.,Magnoliopsida:Rosidae:Fabales:Leguminosae,,"Barbados flowerfence, horsebean, Jerusalem-thorn, Mexican paloverde, sessaban",tree,erect,perennial,"evergreen, single stem","forage/pasture, fruits & nuts, ornamentals/turf, forest/wood, environmental, weed",grown on small scale,24.0,32.0,16.0,36.0,300.0,700.0,200.0,1000.0,6.5,7.5,6.0,8.5,,,20.0,30.0,2400.0,very bright,very bright,very bright,clear skies,medium (50-150 cm),shallow (20-50 cm),light,"medium, light",moderate,low,low (<4 dS/m),medium (4-10 dS/m),"well (dry spells), excessive (dry/moderately dry)","well (dry spells), excessive (dry/moderately dry)",-4,-1.0,"short day (<12 hours), neutral day (12-14 hours), long day (>14 hours)","tropical wet & dry (Aw), tropical wet (Ar), desert or arid (Bw), steppe or semiarid (Bs), subtropical humid (Cf), subtropical dry summer (Cs), subtropical dry winter (Cw)",,,can become a weed,,120.0,210.0,original_rule,edible_flag,high,Jerusalem Thorn,1,,legume,0,,0,0
PP:3707,both,setaria italica,exact_scientific_name,high,3707.0,Plant,https://permapeople.org/plants/setaria-italica-foxtail-millet,Setaria italica,Foxtail Millet,Poaceae or gramineae,Annual,10-12,10.0,12.0,0.5,,,1.0,Seed,,"textiles, Erosion control",1.0,0.0,0.0,0.0,0.0,1.0,0.0,1.0,1.0,1.0,other_productive,1.0,"Edible == true, no more specific rule matched",9732,Setaria italica,(L.) Beauv.,Liliopsida:Commelinidae:Cyperales:Gramineae,Panicum italicum L.,"foxtail millet, millet foxtail, hay millet, foxtail bristle-grass, boer millet, German millet, Italian millet, nunbank setaria, kolbenhirse, kolvhirs, äkta kolvhirs, stor busthirse, Italianpantaheinä",grass,erect,annual,,"cereals & pseudocereals, forage/pasture",grown on large scale,16.0,26.0,5.0,35.0,500.0,700.0,300.0,4000.0,6.0,6.8,5.5,8.3,,,25.0,30.0,2000.0,very bright,cloudy skies,very bright,light shade,deep (>>150 cm),medium (50-150 cm),"medium, light","heavy, medium, light",moderate,low,low (<4 dS/m),low (<4 dS/m),well (dry spells),"well (dry spells), excessive (dry/moderately dry)",,,"short day (<12 hours), neutral day (12-14 hours)","tropical wet & dry (Aw), steppe or semiarid (Bs), subtropical dry summer (Cs)",,,,large scale/commercial,60.0,120.0,original_rule,edible_flag,high,Foxtail Millet,1,,other,0,,0,0
PP:3722,both,sanguisorba minor,exact_scientific_name,high,3722.0,Plant,https://permapeople.org/plants/sanguisorba-minor-salad-burnet,Sanguisorba minor,Salad Burnet,Rosaceae,Perennial,4-8,4.0,8.0,0.6,,,1.0,"Leaves, Shoots",Tea,"Soil reclamation, Erosion control, Dynamic accumulator",1.0,0.0,0.0,0.0,0.0,1.0,0.0,1.0,1.0,1.0,vegetable,1.0,Edible parts contains Leaves/Stem/Flowers,9535,Sanguisorba minor,Scop.,Magnoliopsida:Rosidae:Rosales:Rosaceae,,"garden burnet, salad burnet, toper's-plant, pimpinela de Italia",herb,erect,perennial,multi stem,"forage/pasture, vegetables",,13.0,22.0,4.0,26.0,500.0,800.0,300.0,1300.0,6.5,7.5,6.0,8.2,35.0,25.0,55.0,60.0,2300.0,very bright,clear skies,very bright,cloudy skies,shallow (20-50 cm),shallow (20-50 cm),"heavy, medium, light","heavy, medium, light",moderate,low,low (<4 dS/m),low (<4 dS/m),well (dry spells),well (dry spells),-25,0.0,"short day (<12 hours), neutral day (12-14 hours), long day (>14 hours)","steppe or semiarid (Bs), subtropical humid (Cf), subtropical dry summer (Cs), subtropical dry winter (Cw)",,,,,90.0,120.0,original_rule,edible_flag,high,Salad Burnet,1,,leafy_herb,0,,0,0
PP:3731,both,populus deltoides,exact_scientific_name,high,3731.0,Plant,https://permapeople.org/plants/populus-deltoides-eastern-cottonwood,Populus deltoides,Eastern Cottonwood,Salicaceae,,3-9,3.0,9.0,30.0,Fast,Tall trees,1.0,"Inner bark, Leaves, Seed",Gum,"Biomass, Dye, Pioneer, Rooting hormone, Wind breaker, Erosion control, Lumber",1.0,0.0,0.0,0.0,0.0,1.0,0.0,1.0,1.0,1.0,vegetable,1.0,Edible parts contains Leaves/Stem/Flowers,16100,Populus deltoides,Marsh.,Magnoliopsida:Dilleniidae:Violales:Salicaceae,,"eastern cottonwood, cottonwood, eastern poplar, yellow cottonwood, water poplar, necklace poplar, peuplier d'Amerique, choupo da America",tree,erect,biennial,"deciduous, single stem","forage/pasture, materials, ornamentals/turf, medicinals & aromatic, forest/wood, environmental",,14.0,30.0,8.0,34.0,1200.0,2500.0,600.0,3000.0,5.5,6.5,4.5,8.0,33.0,28.0,51.0,54.0,2100.0,very bright,clear skies,very bright,cloudy skies,deep (>>150 cm),medium (50-150 cm),"medium, light","heavy, medium, light",high,low,low (<4 dS/m),medium (4-10 dS/m),well (dry spells),"poorly (saturated >50% of year), well (dry spells)",-5,-1.0,long day (>14 hours),"subtropical humid (Cf), subtropical dry winter (Cw), temperate continental (Dc)",,,,,240.0,330.0,original_rule,edible_flag,high,Eastern Cottonwood; Plains Cottonwood; Rio Grande Cottonwood,3,,leafy_herb,0,,0,0
PP:3744,both,populus simonii,exact_scientific_name,high,3744.0,Plant,https://permapeople.org/plants/populus-simonii-simon-poplar,Populus simonii,Simon poplar,Salicaceae,,2-5,2.0,5.0,30.0,Fast,Tall trees,1.0,Leaves,,"Rooting hormone, Lumber, Fragrance",1.0,0.0,0.0,0.0,0.0,1.0,0.0,1.0,1.0,1.0,vegetable,1.0,Edible parts contains Leaves/Stem/Flowers,8872,Populus simonii,,Magnoliopsida:Dilleniidae:Violales:Salicaceae,,"Simon poplar, choupo Simoni",tree,erect,perennial,"deciduous, single stem",environmental,,15.0,25.0,5.0,40.0,400.0,600.0,300.0,700.0,7.0,8.0,6.5,8.5,35.0,35.0,50.0,50.0,1500.0,very bright,very bright,very bright,clear skies,medium (50-150 cm),shallow (20-50 cm),light,light,moderate,moderate,low (<4 dS/m),low (<4 dS/m),"poorly (saturated >50% of year), well (dry spells), excessive (dry/moderately dry)","poorly (saturated >50% of year), well (dry spells), excessive (dry/moderately dry)",-30,-1.0,long day (>14 hours),"steppe or semiarid (Bs), temperate continental (Dc)",wind,,,,150.0,180.0,original_rule,edible_flag,high,Simon poplar,1,,leafy_herb,0,,0,0
PP:3750,both,lathyrus ochrus,exact_scientific_name,high,3750.0,Plant,https://permapeople.org/plants/lathyrus-ochrus-cyprus-vetch,Lathyrus ochrus,Cyprus Vetch,Fabaceae or leguminosae,Annual,,,,0.6,,,1.0,"Root, Seed",,Nitrogen fixer,1.0,0.0,0.0,0.0,1.0,1.0,0.0,1.0,1.0,1.0,root_crop,1.0,Layer or Edible parts indicates Root/Tuber,7162,Lathyrus ochrus,(L.) D.C.,Magnoliopsida:Rosidae:Fabales:Leguminosae,,,herb,prostrate/procumbent/semi-erect,annual,multi stem,forage/pasture,,10.0,18.0,4.0,22.0,400.0,600.0,300.0,700.0,5.5,7.0,5.0,7.5,30.0,30.0,45.0,45.0,1000.0,very bright,very bright,very bright,clear skies,shallow (20-50 cm),shallow (20-50 cm),"heavy, medium, light","heavy, medium, light",high,moderate,low (<4 dS/m),low (<4 dS/m),well (dry spells),well (dry spells),,,"short day (<12 hours), neutral day (12-14 hours), long day (>14 hours)","steppe or semiarid (Bs), subtropical dry summer (Cs)",,,,,150.0,180.0,original_rule,edible_flag,high,Cyprus Vetch,1,,root,0,,0,0
PP:3770,both,lepidium sativum,exact_scientific_name,high,3770.0,Plant,https://permapeople.org/plants/lepidium-sativum-cress,Lepidium sativum,Cress,Brassicaceae or cruciferae,Annual,6-9,6.0,9.0,0.5,,Herbs,1.0,"Leaves, Shoots","Oil, Condiment",oil,1.0,1.0,0.0,0.0,0.0,1.0,0.0,1.0,1.0,1.0,vegetable,1.0,Edible parts contains Leaves/Stem/Flowers,7227,Lepidium sativum,L.,Magnoliopsida:Dilleniidae:Capparales:Cruciferae,,"cress, garden cress, curled cress, pepper grass, fetto, shimfi (Galinya), kotto, shimfa, shimp (Kaffa), shufu (Aderic)",herb,erect,annual,,vegetables,grown on small scale,14.0,21.0,3.0,28.0,1000.0,1800.0,600.0,2500.0,6.0,7.0,5.5,7.5,,,15.0,,2900.0,cloudy skies,light shade,very bright,light shade,shallow (20-50 cm),shallow (20-50 cm),"heavy, medium, light","heavy, medium, light",high,low,low (<4 dS/m),low (<4 dS/m),well (dry spells),"well (dry spells), excessive (dry/moderately dry)",,,short day (<12 hours),"tropical wet & dry (Aw), tropical wet (Ar), subtropical humid (Cf), subtropical dry summer (Cs), subtropical dry winter (Cw), temperate oceanic (Do), temperate continental (Dc), temperate with humid winters (Df), temperate with dry winters (Dw)",,,,,10.0,105.0,original_rule,edible_flag,high,Cress; Dutch broadleaf,2,,leafy_herb,0,,0,0
PP:3773,both,lespedeza cuneata,exact_scientific_name,high,3773.0,Plant,https://permapeople.org/plants/lespedeza-cuneata-chinese-lespedeza,Lespedeza cuneata,Chinese Lespedeza,Fabaceae or leguminosae,,,,,1.0,,Shrubs,1.0,Leaves,,"Soil conditioner, Nitrogen fixer",1.0,0.0,0.0,0.0,0.0,1.0,0.0,1.0,1.0,0.0,vegetable,1.0,Edible parts contains Leaves/Stem/Flowers,1342,Lespedeza cuneata,(Dum.) G. Don,Magnoliopsida:Rosidae:Fabales:Leguminosae,,sericea lespedeza,herb,"erect, prostrate/procumbent/semi-erect",perennial,multi stem,"forage/pasture, materials, environmental",,16.0,26.0,6.0,36.0,1000.0,1400.0,650.0,2350.0,5.5,6.5,4.5,7.1,30.0,,40.0,,2400.0,very bright,cloudy skies,very bright,cloudy skies,medium (50-150 cm),shallow (20-50 cm),"heavy, medium","heavy, medium",moderate,low,low (<4 dS/m),low (<4 dS/m),well (dry spells),"well (dry spells), excessive (dry/moderately dry)",,,"short day (<12 hours), neutral day (12-14 hours), long day (>14 hours)","tropical wet & dry (Aw), tropical wet (Ar), subtropical humid (Cf), temperate continental (Dc)",,,,,120.0,240.0,original_rule,edible_flag,high,Chinese Lespedeza,1,,leafy_herb,0,,0,0
PP:3781,both,lolium perenne,exact_scientific_name,high,3781.0,Plant,https://permapeople.org/plants/lolium-perenne-perennial-ryegrass,Lolium perenne,Perennial Ryegrass,Poaceae or gramineae,Perennial,5-7,5.0,7.0,1.0,Fast,,1.0,Seed,,Biomass,1.0,0.0,0.0,0.0,0.0,1.0,0.0,1.0,1.0,1.0,other_productive,1.0,"Edible == true, no more specific rule matched",1362,Lolium perenne,L.,Liliopsida:Commelinidae:Cyperales:Gramineae,,"perennial ryegrass, English ryegrass, crested ryegrass, ausdauerndes weidelgras, Engelskt rajgräs, renrepe, raigras, almindelig rajgræs, Englanninraiheinä, túnrúggresi",grass,erect,"annual, biennial, perennial",,forage/pasture,grown on large scale,14.0,25.0,4.0,35.0,700.0,1750.0,500.0,2300.0,5.0,7.0,4.5,8.4,33.0,30.0,60.0,64.0,2000.0,clear skies,very bright,light shade,very bright,medium (50-150 cm),shallow (20-50 cm),"heavy, medium","heavy, medium",high,moderate,low (<4 dS/m),medium (4-10 dS/m),well (dry spells),well (dry spells),-2,0.0,long day (>14 hours),"steppe or semiarid (Bs), subtropical humid (Cf), subtropical dry summer (Cs), subtropical dry winter (Cw), temperate oceanic (Do), temperate continental (Dc), temperate with humid winters (Df), temperate with dry winters (Dw), boreal (E)",,,,large scale/commercial,90.0,270.0,original_rule,edible_flag,high,Perennial Ryegrass,1,,other,0,,0,0
PP:3803,both,lemna minor,exact_scientific_name,high,3803.0,Plant,https://permapeople.org/plants/lemna-minor-duckweed,Lemna minor,Duckweed,Lemnaceae,Perennial,4-8,4.0,8.0,,,,1.0,Leaves,,Dynamic accumulator,1.0,0.0,0.0,0.0,0.0,0.0,0.0,0.0,0.0,0.0,vegetable,1.0,Edible parts contains Leaves/Stem/Flowers,7205,Lemna minor,L.,Liliopsida:Arecidae:Arales:Lemnaceae,,"lesser duckweed, common duckweed, duck's meat, liden andemad, pikkulimaska, mac gun athair, kleine wasserlinse, klein kroos, andmat, zaburinka men°ia, vanlig andmat",herb,prostrate/procumbent/semi-erect,"annual, perennial",single stem,"forage/pasture, environmental",grown on large scale,7.0,25.0,5.0,30.0,700.0,3000.0,500.0,5000.0,4.5,7.5,3.5,8.5,10.0,8.0,65.0,67.0,1500.0,clear skies,very bright,heavy shade,very bright,shallow (20-50 cm),shallow (20-50 cm),"heavy, medium, light, wide, organic","heavy, medium, light, wide, organic",high,low,,,poorly (saturated >50% of year),poorly (saturated >50% of year),-40,0.0,neutral day (12-14 hours),"tropical wet & dry (Aw), tropical wet (Ar), subtropical humid (Cf), temperate oceanic (Do), temperate continental (Dc)",flooding,drought,,,0.0,0.0,original_rule,edible_flag,high,Duckweed,1,,leafy_herb,0,,0,0
PP:3831,both,ocimum tenuiflorum,exact_scientific_name,high,3831.0,Plant,https://permapeople.org/plants/ocimum-tenuiflorum-holy-basil,Ocimum tenuiflorum,Holy Basil,Lamiaceae,Annual,10-12,10.0,12.0,1.0,Fast,Herbs,1.0,"Flowers, Leaves, Seed",,,1.0,0.0,0.0,0.0,0.0,1.0,0.0,1.0,1.0,1.0,vegetable,1.0,Edible parts contains Leaves/Stem/Flowers,8037,Ocimum tenuiflorum,Linn.,Magnoliopsida:Asteridae:Lamiales:Labiatae,Ocimum sanctum Linn.,"holy basil, sacred basil, monk's basil, Ocimi Tenuiflori Folium, albahaca, balanoy, solasi, sulasi, kolon-kogon, biday, domele, tulsi, e do, e tia, huong nhu tía, ho kwo su, ho tu plu, kraphrao, kamangi, kamangkau, lampes, luku-luku, magau, malinau, tulsipatra, kaataigau, kolokoko, kalikago, kaluoy","herb, sub-shrub",erect,annual,"deciduous, single stem",medicinals & aromatic,grown on small scale,20.0,28.0,15.0,35.0,1000.0,3000.0,700.0,7600.0,6.0,7.5,5.0,9.0,,,28.0,35.0,1000.0,clear skies,very bright,clear skies,very bright,medium (50-150 cm),shallow (20-50 cm),"medium, organic","heavy, medium, light, wide, organic",high,low,low (<4 dS/m),low (<4 dS/m),well (dry spells),well (dry spells),-1,-1.0,,"tropical wet & dry (Aw), subtropical dry summer (Cs)",drought,flooding,,home garden,40.0,300.0,original_rule,edible_flag,high,Holy Basil,1,,leafy_herb,0,,1,0
PP:3856,both,guizotia abyssinica,exact_scientific_name,high,3856.0,Plant,https://permapeople.org/plants/guizotia-abyssinica-niger-seed,Guizotia abyssinica,Niger Seed,Asteraceae or compositae,Annual,,,,1.8,,,1.0,Seed,"Oil, Condiment","Cover crop, oil, Pest control",1.0,1.0,0.0,0.0,0.0,1.0,0.0,1.0,1.0,1.0,other_productive,1.0,"Edible == true, no more specific rule matched",6567,Guizotia abyssinica,(L. f.) Cass.,Magnoliopsida:Asteridae:Asterales:Compositae,"Polymnia abyssinica L.f., (1781), Verbesina sativa Roxb. (1807), Polymnia frondosa Bruce (1813), Parthenium luteum Spr. (1818), Heliopsis platyglossa Cass. (1822), Jaegeria abyssinica Spr. (1826), Ramtilla oleifera DC. (1834), Guizotia oleifera DC. (1836), Veslingia scabra Vis. (1840)","niger, niger seed, guizotia oléifere, gingellikraut, nug, noug, neuk, sorguja, sarguza, alashi, verrinuvvulu, payellu, hechellu, karale, ramtil",herb,erect,annual,,"forage/pasture, materials, medicinals & aromatic",grown on small scale,18.0,26.0,11.0,34.0,1000.0,1300.0,500.0,3000.0,5.5,6.5,5.0,7.5,,,,,3000.0,very bright,very bright,very bright,cloudy skies,deep (>>150 cm),shallow (20-50 cm),medium,"heavy, medium, light",moderate,low,low (<4 dS/m),low (<4 dS/m),well (dry spells),"poorly (saturated >50% of year), well (dry spells), excessive (dry/moderately dry)",,,short day (<12 hours),"tropical wet & dry (Aw), tropical wet (Ar), subtropical humid (Cf), subtropical dry summer (Cs), subtropical dry winter (Cw), temperate oceanic (Do), temperate continental (Dc), temperate with humid winters (Df), temperate with dry winters (Dw)",,,,,90.0,150.0,original_rule,edible_flag,high,Niger Seed,1,,other,0,,0,0
PP:3862,both,gunnera tinctoria,exact_scientific_name,high,3862.0,Plant,https://permapeople.org/plants/gunnera-tinctoria-gunnera,Gunnera tinctoria,Gunnera,Gunneraceae,Perennial,6-9,6.0,9.0,2.0,,,1.0,Stem,,"Dye, Roofing, Tannin",1.0,1.0,0.0,0.0,0.0,1.0,0.0,1.0,1.0,1.0,vegetable,1.0,Edible parts contains Leaves/Stem/Flowers,6569,Gunnera tinctoria,(Molina) Mirbel,Magnoliopsida:Rosidae:Haloragidales:Gunneraceae,"Gunnera scabra (Ruiz.&Pav.), Gunnera chilensis (Lam.), Panke tinctoria Molina","gunnera, Chilean rhubarb, Chilean gunnera, Chilean 'ape'ape, pangue, nalca, raway",herb,acaulescent (or rosette plants),perennial,"deciduous, single stem","vegetables, materials, ornamentals/turf, medicinals & aromatic",grown on small scale,15.0,25.0,10.0,30.0,800.0,2000.0,500.0,4000.0,5.5,7.0,5.0,7.5,20.0,,50.0,52.0,2700.0,clear skies,cloudy skies,light shade,very bright,medium (50-150 cm),medium (50-150 cm),"medium, organic","heavy, medium, light, wide, organic",high,moderate,low (<4 dS/m),low (<4 dS/m),well (dry spells),poorly (saturated >50% of year),-10,0.0,,"subtropical dry summer (Cs), temperate oceanic (Do)",,,,,0.0,0.0,original_rule,edible_flag,high,Gunnera,1,,leafy_herb,0,,0,0
PP:3879,both,shorea robusta,exact_scientific_name,high,3879.0,Plant,https://permapeople.org/plants/shorea-robusta-sal-tree,Shorea robusta,Sal Tree,Dipterocarpaceae,,10-12,10.0,12.0,40.0,Fast,Tall trees,1.0,"Fruit, Seed",Oil,"Containers, Fire starter, Lighting, oil, Resin, Tannin, Waterproofing, Lumber, Coppice",1.0,0.0,0.0,0.0,0.0,1.0,0.0,1.0,1.0,1.0,fruit_tree,1.0,Layer contains 'Tree' and Edible parts contains 'Fruit',9747,Shorea robusta,Gaertner f.,Magnoliopsida:Dilleniidae:Malvales:Dipterocarpaceae,,,tree,erect,perennial,"deciduous, single stem","forage/pasture, fruits & nuts, materials, forest/wood, environmental",grown on large scale,28.0,34.0,7.0,47.0,1500.0,3500.0,1000.0,7300.0,5.0,6.7,4.5,7.5,5.0,,25.0,35.0,2000.0,very bright,clear skies,very bright,light shade,deep (>>150 cm),medium (50-150 cm),"medium, light","heavy, medium, light",high,low,low (<4 dS/m),low (<4 dS/m),well (dry spells),well (dry spells),-1,-1.0,short day (<12 hours),"tropical wet & dry (Aw), subtropical dry winter (Cw), temperate with dry winters (Dw)",,,,,180.0,300.0,original_rule,edible_flag,high,Sal Tree,1,,fruit_tree,0,,0,0
PP:3915,both,juglans hindsii,exact_scientific_name,high,3915.0,Plant,https://permapeople.org/plants/juglans-hindsii-hind-s-black-walnut,Juglans hindsii,Hind's Black Walnut,Juglandaceae,,8-9,8.0,9.0,15.0,Medium,Tall trees,1.0,Seed,Oil,"Dye, Herbicide, oil, Rootstock, Lumber",1.0,0.0,0.0,0.0,0.0,1.0,0.0,1.0,1.0,1.0,nut,1.0,Common name contains 'nut' or Edible uses contains 'Nut',7010,Juglans hindsii,(Jepson) Jepson ex R.E. Smith,Magnoliopsida:Hamamelidae:Juglandales:Juglandaceae,,,tree,erect,perennial,"deciduous, single stem","fruits & nuts, ornamentals/turf, forest/wood",grown on small scale,14.0,14.0,8.0,20.0,600.0,900.0,300.0,1400.0,6.5,7.5,5.8,8.3,25.0,25.0,40.0,50.0,600.0,very bright,very bright,very bright,cloudy skies,deep (>>150 cm),deep (>>150 cm),medium,"heavy, medium, light",high,moderate,low (<4 dS/m),low (<4 dS/m),well (dry spells),well (dry spells),-10,-1.0,long day (>14 hours),"steppe or semiarid (Bs), subtropical dry summer (Cs), temperate oceanic (Do), temperate continental (Dc), temperate with humid winters (Df), temperate with dry winters (Dw)",,,,"home garden, small scale (manual)",120.0,180.0,original_rule,edible_flag,high,Hind's Black Walnut,1,,fruit_tree,0,,1,0
PP:3921,both,manihot esculenta,exact_scientific_name,high,3921.0,Plant,https://permapeople.org/plants/manihot-esculenta-cassava,Manihot esculenta,Cassava,Euphorbiaceae,,9-12,9.0,12.0,3.0,Medium,Shrubs,1.0,"Leaves, Root",,"Adhesive, Mulch",1.0,1.0,0.0,1.0,1.0,1.0,0.0,1.0,1.0,1.0,root_crop,1.0,Layer or Edible parts indicates Root/Tuber,1420,Manihot esculenta,Crantz,Magnoliopsida:Dilleniidae:Euphorbiales:Euphorbiaceae,"Manihot utilissima Pohl, Janipha manihot (L.) Kunth, Jatropha manihot L., Manihot aipi Pohl, Manihot dulcis (J. F. Gmelin) Pax, Manihot manihot (L.) Cockerell, Manihot melanobasis Muell. Arg.","cassava, tapioca plant, manihot, manioc, maniok, cassave, mandioca, macaxeira (sweet varieties), yuca, aipim (Brazil), mushu, tapioka, pondu, saka-saka, yautia",shrub,erect,perennial,,roots/tubers,grown on large scale,20.0,29.0,10.0,35.0,1000.0,1500.0,500.0,5000.0,5.5,8.0,4.0,9.0,,,25.0,30.0,2000.0,very bright,very bright,very bright,cloudy skies,medium (50-150 cm),medium (50-150 cm),"medium, light","heavy, medium, light, organic",moderate,low,low (<4 dS/m),low (<4 dS/m),well (dry spells),"well (dry spells), excessive (dry/moderately dry)",7,0.0,"short day (<12 hours), neutral day (12-14 hours)","tropical wet & dry (Aw), tropical wet (Ar), steppe or semiarid (Bs)",,,,,180.0,365.0,original_rule,edible_flag,high,Cassava,1,,root,0,,0,0
PP:3922,both,oenocarpus bataua,ecocrop_synonym_binomial,medium,3922.0,Plant,https://permapeople.org/plants/oenocarpus-bataua-pataua-palm-bataua,Oenocarpus bataua,Pataua Palm Bataua,Arecaceae,,10-12,10.0,12.0,20.0,Fast,Tall trees,1.0,"Apical bud, Fruit, Leaves, Seed","Oil, Colouring, Drink","Weaving material, Dye, Fiber, oil, Soap, textiles, Lumber",1.0,0.0,0.0,0.0,0.0,1.0,1.0,0.0,1.0,1.0,fruit_tree,1.0,Layer contains 'Tree' and Edible parts contains 'Fruit',7000,Jessenia bataua,(Mart.) Bu.,,Oenocarpus bataua Mart.,bataua,tree,erect,perennial,evergreen,"forage/pasture, fruits & nuts, materials",,21.0,28.0,17.0,32.0,2000.0,4000.0,1500.0,6300.0,4.8,5.5,4.3,6.5,,,10.0,12.0,1350.0,very bright,clear skies,very bright,light shade,medium (50-150 cm),shallow (20-50 cm),"heavy, medium","heavy, medium, light",moderate,low,low (<4 dS/m),low (<4 dS/m),"poorly (saturated >50% of year), well (dry spells)","poorly (saturated >50% of year), well (dry spells)",5,5.0,short day (<12 hours),"tropical wet & dry (Aw), tropical wet (Ar)",,,,,365.0,365.0,original_rule,edible_flag,high,Pataua Palm Bataua,1,,fruit_tree,0,,0,0
PP:3929,both,parkia biglobosa,exact_scientific_name,high,3929.0,Plant,https://permapeople.org/plants/parkia-biglobosa-african-locust-bean,Parkia biglobosa,African Locust Bean,Fabaceae,,10-12,10.0,12.0,15.0,Medium,Tall trees,1.0,"Flowers, Leaves, Seed, Seedpod",Drink,"Containers, Dye, Fiber, Animal feed, Fire starter, Lumber, Pest control, Mordant, Crafting, Potash, Wind breaker, Soap making, Soil conditioner, Tannin, Teeth, Nitrogen fixer",1.0,0.0,0.0,0.0,0.0,1.0,0.0,1.0,1.0,1.0,legume,1.0,Family == Fabaceae and Edible parts contains Seed/Pod,8323,Parkia biglobosa,(Jacq.) Benth. ex G. Don f.,Magnoliopsida:Rosidae:Fabales:Leguminosae,"Inga biglobosa (Jacq.) Willd., Inga faeculifera Desv., Mimosa biglobosa Jacq., Parkia africana R. Br., Parkia clappertoniana Keay, Parkia filicoidea Oliver, Parkia filicoidea Oliver var. glauca Baker, Parkia intermedia Oliver., Parkia oliveri J. F. Macbr., Prosopis faeculifera (Desv. ex W. Ham) Desv","African locust bean, locust bean, néré, arbre à farine, fern leaf, monkey cutlass tree, two ball nitta-tree, caroubier Africain",tree,erect,perennial,"deciduous, single stem","pulses (grain legumes), forage/pasture, medicinals & aromatic, forest/wood, environmental",grown on small scale,28.0,40.0,8.0,44.0,400.0,800.0,300.0,1500.0,4.5,5.5,4.0,6.0,5.0,,15.0,20.0,300.0,very bright,clear skies,very bright,cloudy skies,deep (>>150 cm),shallow (20-50 cm),"medium, light","medium, light",moderate,low,low (<4 dS/m),low (<4 dS/m),well (dry spells),well (dry spells),,,short day (<12 hours),"tropical wet & dry (Aw), tropical wet (Ar), desert or arid (Bw), steppe or semiarid (Bs)",,,,small scale (manual),180.0,365.0,original_rule,edible_flag,high,African Locust Bean,1,,legume,0,,0,0
PP:3959,both,phaseolus lunatus,exact_scientific_name,high,3959.0,Plant,https://permapeople.org/plants/phaseolus-lunatus-lima-bean,Phaseolus lunatus,Lima Bean,"Fabaceae, Leguminosae",Perennial,10-12,10.0,12.0,,,Vines,1.0,"Leaves, Seed, Seedpod",,"Animal feed, Nitrogen fixer",1.0,0.0,0.0,0.0,0.0,1.0,0.0,1.0,1.0,1.0,legume,1.0,Family == Fabaceae and Edible parts contains Seed/Pod,1666,Phaseolus lunatus,L.,Magnoliopsida:Rosidae:Fabales:Leguminosae,"Phaseolus bipunctatus Jacq., Phaseolus inamoenus L., Phaseolus limensis Macfad., Phaseolus portoricensis Sprengel, Phaseolus puberulus Kunth, Phaseolus saccharatus Macfad., Phaseolus xuaresii Zuccagni","broad bean, butter bean, lima bean, caraota de a€o, frijol de media luna, frijol de monte, frijol de ratón, frijolillo, gros pois, candou, guaracara, haba, haricot de sieva, pira de a€o, bean - broad",herb,"prostrate/procumbent/semi-erect, climber/scrambler/scadent","annual, perennial","single stem, C3 photosynthesis","pulses (grain legumes), forage/pasture, vegetables, ornamentals/turf, medicinals & aromatic","grown on large scale, grown on small scale, harvested from wild",16.0,28.0,13.0,34.0,900.0,1500.0,400.0,4300.0,5.5,7.0,4.5,8.4,,,20.0,60.0,2800.0,very bright,clear skies,very bright,cloudy skies,deep (>>150 cm),medium (50-150 cm),medium,"medium, light",moderate,low,low (<4 dS/m),low (<4 dS/m),well (dry spells),well (dry spells),,,"short day (<12 hours), neutral day (12-14 hours)","tropical wet & dry (Aw), tropical wet (Ar), steppe or semiarid (Bs), subtropical humid (Cf), subtropical dry summer (Cs), subtropical dry winter (Cw), temperate oceanic (Do), temperate continental (Dc), temperate with humid winters (Df), temperate with dry winters (Dw)",,,,"home garden, large scale/commercial",60.0,365.0,original_rule,edible_flag,high,Aubrey deane; Baby bush; Carolina; Christmas; Excel northern fresh; Fordhook improved; Henderson bush; Illinois giant; Jackson wonder; King of the garden; Lima Bean; Potato lima; Prizetaker; Willow-leaf white,14,,legume,0,,1,0
PP:3961,both,phoenix reclinata,exact_scientific_name,high,3961.0,Plant,https://permapeople.org/plants/phoenix-reclinata-senegal-date-palm,Phoenix reclinata,Senegal Date Palm,Arecaceae or palmae,,9-11,9.0,11.0,6.0,Medium,Trees,1.0,Fruit,Coffee,,1.0,0.0,0.0,0.0,1.0,1.0,0.0,1.0,1.0,0.0,fruit_tree,1.0,Layer contains 'Tree' and Edible parts contains 'Fruit',8524,Phoenix reclinata,Jacq.,Liliopsida:Arecidae:Arecales:Palmae,Phoenix senegalensis,"wild date palm, Senegal date, coffee palm, feather palm, toddy palm, wilde dadelboom, datelboom, mkindu, alol (Tana River), maydho, mukindu, muthuthi, othith, lilala, mutshema, mutshevho, iSundu, tsaro, omuvare, idama, akindu, mopalamo, Cape date palm, Zmbaba, Selien, Hosana, Ol-tukai","shrub, tree",erect,perennial,"evergreen, single stem, multi stem","forage/pasture, fruits & nuts, vegetables, materials, ornamentals/turf, medicinals & aromatic, forest/wood, environmental",,20.0,30.0,15.0,35.0,800.0,3000.0,500.0,5000.0,5.5,7.0,5.0,7.5,,,20.0,30.0,3000.0,clear skies,very bright,light shade,very bright,medium (50-150 cm),shallow (20-50 cm),"heavy, medium, light, wide, organic","heavy, medium, light, wide, organic",high,moderate,low (<4 dS/m),low (<4 dS/m),"poorly (saturated >50% of year), well (dry spells)","poorly (saturated >50% of year), well (dry spells), excessive (dry/moderately dry)",,,,"tropical wet & dry (Aw), tropical wet (Ar), subtropical dry summer (Cs)",,,,,365.0,365.0,original_rule,edible_flag,high,Senegal Date Palm,1,,fruit_tree,0,,0,0
PP:3963,both,phalaris canariensis,exact_scientific_name,high,3963.0,Plant,https://permapeople.org/plants/phalaris-canariensis-canary-grass,Phalaris canariensis,Canary Grass,Poaceae or gramineae,Annual,5-9,5.0,9.0,1.0,,,1.0,"Leaves, Seed",,,1.0,0.0,0.0,0.0,0.0,1.0,1.0,1.0,1.0,1.0,vegetable,1.0,Edible parts contains Leaves/Stem/Flowers,8490,Phalaris canariensis,L.,Liliopsida:Commelinidae:Cyperales:Gramineae,,,grass,erect,"annual, perennial",multi stem,forage/pasture,,10.0,18.0,6.0,25.0,800.0,1500.0,300.0,2200.0,6.0,7.0,4.5,8.2,25.0,20.0,60.0,65.0,2000.0,very bright,clear skies,very bright,cloudy skies,deep (>>150 cm),medium (50-150 cm),"heavy, medium","heavy, medium",high,moderate,low (<4 dS/m),low (<4 dS/m),well (dry spells),"poorly (saturated >50% of year), well (dry spells)",,,long day (>14 hours),"subtropical humid (Cf), subtropical dry summer (Cs), subtropical dry winter (Cw), temperate oceanic (Do), temperate continental (Dc), boreal (E)",,,,,45.0,180.0,original_rule,edible_flag,high,Canary Grass,1,,leafy_herb,0,,0,0
PP:3971,both,livistona australis,exact_scientific_name,high,3971.0,Plant,https://permapeople.org/plants/livistona-australis-cabbage-palm,Livistona australis,Cabbage Palm,Arecaceae or palmae,,9-11,9.0,11.0,20.0,Slow,Tall trees,1.0,Leaves,,"Weaving material, textiles",1.0,1.0,0.0,0.0,1.0,1.0,0.0,1.0,1.0,1.0,vegetable,1.0,Edible parts contains Leaves/Stem/Flowers,7364,Livistona australis,(R. Br.) Mart.,Liliopsida:Arecidae:Arecales:Palmae,,,tree,erect,perennial,"evergreen, single stem","vegetables, ornamentals/turf",grown on small scale,20.0,28.0,8.0,34.0,900.0,1100.0,800.0,1200.0,5.5,7.0,5.0,7.5,25.0,25.0,38.0,38.0,100.0,very bright,clear skies,very bright,cloudy skies,medium (50-150 cm),medium (50-150 cm),"medium, organic","heavy, medium, light",high,moderate,low (<4 dS/m),medium (4-10 dS/m),"poorly (saturated >50% of year), well (dry spells)","poorly (saturated >50% of year), well (dry spells)",,,"short day (<12 hours), neutral day (12-14 hours), long day (>14 hours)","subtropical humid (Cf), temperate oceanic (Do)",,,,,210.0,300.0,original_rule,edible_flag,high,Cabbage Palm,1,,leafy_herb,0,,0,0
PP:3979,both,maranta arundinacea,exact_scientific_name,high,3979.0,Plant,https://permapeople.org/plants/maranta-arundinacea-arrowroot,Maranta arundinacea,Arrowroot,Marantaceae,Perennial,10-12,10.0,12.0,1.0,Medium,,1.0,Root,,"Adhesive, Cosmetic, Ground cover",1.0,1.0,0.0,1.0,0.0,1.0,1.0,1.0,1.0,1.0,root_crop,1.0,Layer or Edible parts indicates Root/Tuber,2335,Maranta arundinacea,,Liliopsida:Zingiberidae:Zingiberales:Marantaceae,,Arrowroot,herb,erect,perennial,single stem,"roots/tubers, materials, medicinals & aromatic",,23.0,29.0,17.0,34.0,1500.0,2000.0,700.0,4000.0,5.5,6.5,5.0,8.0,,,15.0,15.0,1000.0,cloudy skies,light shade,clear skies,light shade,medium (50-150 cm),shallow (20-50 cm),medium,"heavy, medium, light",high,moderate,low (<4 dS/m),low (<4 dS/m),well (dry spells),well (dry spells),5,5.0,short day (<12 hours),"tropical wet (Ar), subtropical humid (Cf)",,,,,300.0,365.0,original_rule,edible_flag,high,Arrowroot,1,,root,0,,0,0
PP:3985,both,mauritia flexuosa,exact_scientific_name,high,3985.0,Plant,https://permapeople.org/plants/mauritia-flexuosa-buriti-palm,Mauritia flexuosa,Buriti Palm,Arecaceae,,11-12,11.0,12.0,25.0,Slow,Tall trees,1.0,"Apical bud, Fruit, Leaves, Sap, Stem","Oil, Drink","Weaving material, Crafting, Fencing, Fiber, oil, textiles, Roofing, Lumber",1.0,1.0,0.0,0.0,0.0,1.0,1.0,1.0,1.0,1.0,fruit_tree,1.0,Layer contains 'Tree' and Edible parts contains 'Fruit',7639,Mauritia flexuosa,L.,Liliopsida:Arecidae:Arecales:Palmae,"Mauritia setigera Griseb. & H. Wendl., Mauritia sphaercarpa Burret, Mauritia minor Burret, Mauritia flexuosa var. venezuelana Steyerm., Mauritia flexuosa muriti, Mauritia vinifera L.","buriti palm, mauriti palm, aguaje palm, babinda, palmier bâche, carandai-guazú (Bolivia), ideuí, canaguche, canangucho (Colombia, Ecuador), chomiya, burití, moriche (Colombia, Venezuela), morete (Ecuador), palma real (Bolivia), coqueiro anajá, inajazeiro, mirití, murití, palmeira dos brejos, ite palm (Guyana), aguaje (Colombia, Perú), morichal (Colombia), buriti-do-brejo, coqueiro-buriti, buritizeiro, mangrove",tree,erect,perennial,"evergreen, single stem","fruits & nuts, materials, environmental",grown on small scale,22.0,30.0,18.0,34.0,2000.0,4500.0,1100.0,6300.0,4.0,5.0,3.5,5.5,,,10.0,10.0,970.0,very bright,clear skies,very bright,light shade,medium (50-150 cm),shallow (20-50 cm),"heavy, medium, light, wide, organic","heavy, medium, light, wide, organic",high,moderate,low (<4 dS/m),low (<4 dS/m),poorly (saturated >50% of year),"poorly (saturated >50% of year), well (dry spells)",10,0.0,short day (<12 hours),tropical wet (Ar),flooding,,,,365.0,365.0,original_rule,edible_flag,high,Buriti Palm,1,,fruit_tree,0,,0,0
PP:3986,both,spondias mombin,exact_scientific_name,high,3986.0,Plant,https://permapeople.org/plants/spondias-mombin-yellow-mombin,Spondias mombin,Yellow Mombin,Anacardiaceae,,10-12,10.0,12.0,20.0,Fast,Tall trees,1.0,"Fruit, Leaves, Root, Sap, Seed, Shoots","Drink, Tea","Containers, Fencing, Fire starter, Lumber, textiles, Soap making",1.0,0.0,0.0,0.0,1.0,1.0,0.0,0.0,1.0,1.0,fruit_tree,1.0,Layer contains 'Tree' and Edible parts contains 'Fruit',2002,Spondias mombin,L.,Magnoliopsida:Rosidae:Sapindales:Anacardiaceae,Spondias lutea,"yellow mombin, hog plum, Spanish plum, gully plum, Ashanti plum, mombin franc, mombin fruits jaunes, mombinier, myrobalane, prune mombin, prune myrobalan, prunier mombin, caimito, chupandilla, ciruela agria, ciruela amarilla, ciruela de jobo, ciruela del pais, ciruela de monte, ciruela loca, cirueld mango, ciruela obo, cuajo, guama zapotero, hobo de monte, hubu, jobillo, jobito, jobo, jobo arisco, joboban, jobo blanco, jobo de Castilla, jobo de perro, jobo de puerco, jobo espino, jobo espinoso, jobo gusanero, jobo hembra, jobo jocote, jobo negro, jobo roñoso, jobo vano, jocote, jocote amarillo, jocote de chanche, jocote dejobo, jocote jobo, jocote montanero, jocote montero, jovo, marapa, obo de zopilote, palo de mulato, noma, tobo de montana, obo, uvo, acaiba, acaimiri, acaja, acajaiba, caja, caja mirim, caja pequeno, cajazeiro, and caja miudo, hoeboe, mompe, monbe, mopé, moppé, taperiba, tapiriba",tree,erect,perennial,deciduous,"forage/pasture, fruits & nuts, materials, medicinals & aromatic, forest/wood, environmental",harvested from wild,21.0,27.0,13.0,35.0,1000.0,2000.0,600.0,2800.0,5.5,6.5,4.3,8.0,,,22.0,28.0,1000.0,very bright,very bright,very bright,clear skies,medium (50-150 cm),medium (50-150 cm),"heavy, medium","heavy, medium",high,moderate,low (<4 dS/m),low (<4 dS/m),well (dry spells),well (dry spells),,,"short day (<12 hours), neutral day (12-14 hours), long day (>14 hours)","tropical wet & dry (Aw), tropical wet (Ar)",,,,,120.0,300.0,original_rule,edible_flag,high,Yellow Mombin,1,,fruit_tree,0,,0,0
PP:3988,both,medicago lupulina,exact_scientific_name,high,3988.0,Plant,https://permapeople.org/plants/medicago-lupulina-black-medick,Medicago lupulina,Black Medick,Fabaceae or leguminosae,"Annual, Perennial",4-8,4.0,8.0,0.5,Medium,,1.0,"Leaves, Seed",,"Cover crop, Dynamic accumulator, Nitrogen fixer",1.0,0.0,0.0,0.0,0.0,1.0,0.0,1.0,1.0,1.0,legume,1.0,Family == Fabaceae and Edible parts contains Seed/Pod,7654,Medicago lupulina,L.,Magnoliopsida:Rosidae:Fabales:Leguminosae,,"black medick, hop medick, nonesuch, yellow trefoil, luzerna lupulina, lupulina",herb,prostrate/procumbent/semi-erect,"annual, perennial",multi stem,"forage/pasture, environmental",,14.0,25.0,3.0,30.0,600.0,1000.0,310.0,1700.0,6.0,7.0,4.5,8.2,35.0,20.0,60.0,70.0,3600.0,very bright,cloudy skies,very bright,cloudy skies,shallow (20-50 cm),shallow (20-50 cm),"heavy, medium, light","heavy, medium, light",moderate,low,low (<4 dS/m),low (<4 dS/m),"poorly (saturated >50% of year), well (dry spells)","poorly (saturated >50% of year), well (dry spells)",-2,-2.0,"short day (<12 hours), neutral day (12-14 hours), long day (>14 hours)","steppe or semiarid (Bs), subtropical humid (Cf), subtropical dry summer (Cs), subtropical dry winter (Cw), temperate oceanic (Do), temperate continental (Dc), temperate with humid winters (Df), temperate with dry winters (Dw), boreal (E)",,,,,120.0,210.0,original_rule,edible_flag,high,Black Medick,1,,legume,0,,0,0
PP:3994,both,mimosa pudica,exact_scientific_name,high,3994.0,Plant,https://permapeople.org/plants/mimosa-pudica-morivivir,Mimosa pudica,Morivivir,Fabaceae,"Annual, Perennial",10-12,10.0,12.0,0.5,Fast,,1.0,Flowers,"Oil, Drink","Animal feed, Cover crop, oil, Soil reclamation, Erosion control, textiles, Ground cover, Nitrogen fixer",1.0,1.0,0.0,0.0,0.0,1.0,0.0,1.0,1.0,1.0,vegetable,1.0,Edible parts contains Leaves/Stem/Flowers,1478,Mimosa pudica,L.,Magnoliopsida:Rosidae:Fabales:Leguminosae,,"sensitive plant, humble plant, shame plant, touch-me-not tree, live-and-die, acacia pudica, sensitiva, malicia de mulher, juqueri rasteiro, tuitui, cogadrogadro, lajwania",herb,,"annual, perennial",,"environmental, weed",,22.0,28.0,10.0,32.0,1000.0,2000.0,900.0,3000.0,6.0,7.0,5.0,7.5,,,,,,very bright,cloudy skies,very bright,heavy shade,shallow (20-50 cm),shallow (20-50 cm),"heavy, medium, light","heavy, medium, light",low,low,low (<4 dS/m),low (<4 dS/m),well (dry spells),"poorly (saturated >50% of year), well (dry spells)",,,short day (<12 hours),"tropical wet & dry (Aw), tropical wet (Ar)",wind,,can become a weed,,60.0,120.0,original_rule,edible_flag,high,Morivivir,1,,leafy_herb,0,,0,0
PP:4006,both,actinidia chinensis,exact_scientific_name,high,4006.0,Plant,https://permapeople.org/plants/actinidia-chinensis-kiwi,Actinidia chinensis,Kiwi,Actinidiaceae,,6-9,6.0,9.0,7.5,,Vines,1.0,"Fruit, Leaves",,"Pest control, textiles, Pencil, Fragrance",1.0,1.0,0.0,0.0,0.0,1.0,0.0,1.0,1.0,1.0,edible_vine,1.0,Layer contains 'Vine(s)' and Edible == true,889,Actinidia chinensis,,Magnoliopsida:Dilleniidae:Ericales:Actinidiaceae,,"Chinese gooseberry, Kiwifruit","vine, shrub",climber/scrambler/scadent,perennial,"deciduous, single stem",fruits & nuts,grown on large scale,21.0,30.0,8.0,35.0,900.0,1300.0,700.0,1500.0,6.0,7.0,5.5,7.5,25.0,25.0,45.0,45.0,1500.0,very bright,very bright,very bright,clear skies,deep (>>150 cm),medium (50-150 cm),"light, organic","medium, light",high,moderate,low (<4 dS/m),low (<4 dS/m),well (dry spells),well (dry spells),-9,-1.0,"short day (<12 hours), neutral day (12-14 hours), long day (>14 hours)","subtropical humid (Cf), subtropical dry summer (Cs), subtropical dry winter (Cw), temperate oceanic (Do), temperate continental (Dc), temperate with humid winters (Df), temperate with dry winters (Dw)",,,,,210.0,330.0,original_rule,edible_flag,high,Kiwi,1,,fruit_tree,0,,0,0
PP:4014,both,acorus calamus,exact_scientific_name,high,4014.0,Plant,https://permapeople.org/plants/acorus-calamus-sweet-flag-calamus,Acorus calamus,Sweet Flag - Calamus,Araceae,Perennial,4-11,4.0,11.0,1.0,Medium,,1.0,"Leaves, Root, Stem",Condiment,"Weaving material, Fragrance, Pest control, Strewing, textiles",1.0,0.0,0.0,0.0,0.0,0.0,1.0,1.0,1.0,1.0,root_crop,1.0,Layer or Edible parts indicates Root/Tuber,2779,Acorus calamus,L.,Liliopsida:Arecidae:Arales:Acoraceae,"Acorus odoratus Lain., Acorus aromaticus Gilib.","calamus, sweetflag, acore vrai, kalmus, bojo, kull, bach, makkalmoes, ikalamuzi, Rhizoma Calami mundatae, Rhizoma Calami crudae, Calami radix",herb,erect,perennial,,medicinals & aromatic,grown on small scale,18.0,26.0,4.0,30.0,2000.0,7000.0,430.0,4200.0,5.5,6.5,5.0,7.5,,,40.0,45.0,,very bright,clear skies,very bright,cloudy skies,medium (50-150 cm),shallow (20-50 cm),"heavy, medium, light","heavy, medium, light",low,low,low (<4 dS/m),low (<4 dS/m),poorly (saturated >50% of year),poorly (saturated >50% of year),,,"short day (<12 hours), neutral day (12-14 hours), long day (>14 hours)","tropical wet & dry (Aw), tropical wet (Ar), steppe or semiarid (Bs), subtropical humid (Cf), subtropical dry summer (Cs), subtropical dry winter (Cw), temperate continental (Dc)",,,,,90.0,365.0,original_rule,edible_flag,high,Sweet Flag - Calamus,1,swapped ecocrop_rain_opt_min_mm/ecocrop_rain_opt_max_mm,leafy_herb,0,,0,0
PP:4032,both,aegle marmelos,exact_scientific_name,high,4032.0,Plant,https://permapeople.org/plants/aegle-marmelos-bael-tree,Aegle marmelos,Bael Tree,Rutaceae,,10-12,10.0,12.0,10.0,Slow,Trees,1.0,"Flowers, Fruit, Leaves, Shoots, Stem","Oil, Gum","Adhesive, Essential Oil, Gum, Hair, Hedgerow, Pest control, oil, Tannin, Lumber, Coppice, Fragrance",1.0,0.0,0.0,0.0,0.0,1.0,0.0,1.0,1.0,1.0,fruit_tree,1.0,Layer contains 'Tree' and Edible parts contains 'Fruit',2844,Aegle marmelos,(L.) Corr. Serr.,Magnoliopsida:Rosidae:Sapindales:Rutaceae,"Aegle correa, Crataeva marmelos","bael, bel fruit, bel tree, bel Indien, maja, maja batu, bilak, bila, opesheet, okshit, bnau, toum, matum, tum, ma pin, tnái mam",tree,erect,perennial,,"fruits & nuts, medicinals & aromatic",grown on small scale,30.0,42.0,5.0,49.0,800.0,2000.0,500.0,4000.0,6.0,7.5,5.3,8.5,,,40.0,40.0,1200.0,very bright,cloudy skies,very bright,light shade,deep (>>150 cm),medium (50-150 cm),heavy,"heavy, medium",moderate,moderate,low (<4 dS/m),low (<4 dS/m),well (dry spells),"poorly (saturated >50% of year), well (dry spells), excessive (dry/moderately dry)",-7,0.0,short day (<12 hours),"tropical wet & dry (Aw), steppe or semiarid (Bs)",,,,,180.0,365.0,original_rule,edible_flag,high,Bael Tree,1,,fruit_tree,0,,0,0
PP:4056,both,acacia cowleana,exact_scientific_name,high,4056.0,Plant,https://permapeople.org/plants/acacia-cowleana-hall-s-creek-wattle,Acacia cowleana,Hall’s Creek wattle,Fabaceae,,10-12,10.0,12.0,5.0,Fast,Trees,1.0,"Seed, Seedpod",,"Fire starter, Wind breaker, Soil conditioner, Soil reclamation, Coppice, Nitrogen fixer",1.0,0.0,0.0,0.0,1.0,1.0,0.0,1.0,1.0,0.0,legume,1.0,Family == Fabaceae and Edible parts contains Seed/Pod,2600,Acacia cowleana,Tate,Magnoliopsida:Rosidae:Fabales:Leguminosae,,Hall’s Creek wattle,"shrub, tree",erect,perennial,"deciduous, single stem, multi stem","fruits & nuts, forest/wood, environmental, weed",harvested from wild,24.0,35.0,12.0,45.0,250.0,400.0,200.0,500.0,5.5,7.0,4.5,8.0,19.0,17.0,25.0,27.0,650.0,very bright,very bright,very bright,clear skies,medium (50-150 cm),shallow (20-50 cm),light,"medium, light",low,low,low (<4 dS/m),low (<4 dS/m),well (dry spells),"poorly (saturated >50% of year), well (dry spells), excessive (dry/moderately dry)",-2,0.0,short day (<12 hours),"desert or arid (Bw), steppe or semiarid (Bs)",,,,,75.0,150.0,original_rule,edible_flag,high,Hall’s Creek wattle,1,,legume,0,,0,0
PP:4057,both,acacia auriculiformis,exact_scientific_name,high,4057.0,Plant,https://permapeople.org/plants/acacia-auriculiformis-ear-pod-wattle,Acacia auriculiformis,Ear-Pod Wattle,Fabaceae,,10-12,10.0,12.0,25.0,Fast,Tall trees,1.0,Seed,Oil,oil,1.0,0.0,0.0,0.0,1.0,1.0,0.0,1.0,1.0,1.0,legume,1.0,Family == Fabaceae and Edible parts contains Seed/Pod,295,Acacia auriculiformis,Cunn. ex Benth.,Magnoliopsida:Rosidae:Fabales:Leguminosae,Racosperma auriculiforme (A. Cunn. ex Benth.) Pedley,"Papuan wattle, auri, ear leaf acacia, tuhkehn pwelmwahu (Pohnpei), black wattle, ear pod wattle, wattle, earleaf acacia",tree,erect,perennial,single stem,forest/wood,grown on large scale,24.0,32.0,10.0,40.0,1200.0,2500.0,500.0,5000.0,6.0,8.0,3.0,9.5,10.0,7.0,17.0,20.0,600.0,very bright,very bright,very bright,clear skies,medium (50-150 cm),shallow (20-50 cm),"heavy, medium, light","heavy, medium, light",low,low,low (<4 dS/m),medium (4-10 dS/m),"poorly (saturated >50% of year), well (dry spells)","poorly (saturated >50% of year), well (dry spells), excessive (dry/moderately dry)",,,short day (<12 hours),"tropical wet & dry (Aw), tropical wet (Ar)","fire, drought",,,,180.0,240.0,original_rule,edible_flag,high,Ear-Pod Wattle,1,,legume,0,,0,0
PP:4058,both,acacia catechu,exact_scientific_name,high,4058.0,Plant,https://permapeople.org/plants/acacia-catechu-cutch-tree,Acacia catechu,Cutch tree,Fabaceae,,10-12,10.0,12.0,15.0,Fast,Tall trees,1.0,Inner bark,,"Animal feed, Tannin, Nitrogen fixer",1.0,0.0,0.0,0.0,1.0,1.0,0.0,1.0,1.0,1.0,other_productive,1.0,"Edible == true, no more specific rule matched",2593,Acacia catechu,(L.f.) Willd.,Magnoliopsida:Rosidae:Fabales:Leguminosae,,"black cutch, catechu, Cutch, Dark Catechu, Black Catechu",tree,erect,perennial,"deciduous, single stem","forage/pasture, medicinals & aromatic, forest/wood","grown on small scale, harvested from wild",25.0,35.0,7.0,48.0,700.0,2100.0,500.0,3800.0,5.0,6.0,4.5,7.0,25.0,25.0,30.0,30.0,1500.0,very bright,very bright,very bright,clear skies,medium (50-150 cm),shallow (20-50 cm),"medium, light","heavy, medium, light",moderate,low,low (<4 dS/m),low (<4 dS/m),well (dry spells),"poorly (saturated >50% of year), well (dry spells), excessive (dry/moderately dry)",-1,0.0,short day (<12 hours),"tropical wet & dry (Aw), tropical wet (Ar), steppe or semiarid (Bs), subtropical dry winter (Cw)",,,,,180.0,270.0,original_rule,edible_flag,high,Cutch tree,1,,other,0,,0,0
PP:4061,both,acacia coriacea,exact_scientific_name,high,4061.0,Plant,https://permapeople.org/plants/acacia-coriacea-wiry-wattle,Acacia coriacea,Wiry Wattle,Fabaceae or leguminosae,,9-11,9.0,11.0,5.0,Medium,Trees,1.0,"Flowers, Seed",,"Dye, Erosion control, Nitrogen fixer",1.0,1.0,0.0,0.0,1.0,1.0,0.0,1.0,1.0,1.0,legume,1.0,Family == Fabaceae and Edible parts contains Seed/Pod,2599,Acacia coriacea,DC.,Magnoliopsida:Rosidae:Fabales:Leguminosae,,"Witchety bush, Cork bark wattle, Dogwood, Wirewood, Desert Oak, Wiry wattle","shrub, tree",erect,perennial,"single stem, multi stem","ornamentals/turf, forest/wood, environmental",grown on small scale,24.0,32.0,10.0,43.0,300.0,500.0,200.0,800.0,6.5,7.5,6.0,8.5,16.0,16.0,31.0,31.0,750.0,very bright,very bright,very bright,clear skies,deep (>>150 cm),shallow (20-50 cm),light,"medium, light",low,low,low (<4 dS/m),low (<4 dS/m),well (dry spells),"well (dry spells), excessive (dry/moderately dry)",-5,-1.0,"short day (<12 hours), neutral day (12-14 hours), long day (>14 hours)","tropical wet & dry (Aw), desert or arid (Bw), steppe or semiarid (Bs)","fire, drought",,,,90.0,240.0,original_rule,edible_flag,high,Wiry Wattle,1,,legume,0,,0,0
PP:4066,both,albizia lebbeck,exact_scientific_name,high,4066.0,Plant,https://permapeople.org/plants/albizia-lebbeck-siris-tree,Albizia lebbeck,Siris Tree,Fabaceae,,10-11,10.0,11.0,15.0,Fast,Tall trees,1.0,"Leaves, Seed, Shoots",Gum,"Alcohol, Biomass, Fire starter, Dye, Animal feed, Gum, Pest control, Pioneer, Soap, Erosion control, Tannin, Lumber, Coppice, Nitrogen fixer",1.0,0.0,0.0,0.0,0.0,1.0,0.0,1.0,1.0,1.0,legume,1.0,Family == Fabaceae and Edible parts contains Seed/Pod,349,Albizia lebbeck,(L.) Benth.,Magnoliopsida:Rosidae:Fabales:Leguminosae,"Acacia lebbeck (L.) Willd., Acacia speciosa (Jacq.) Willd., Albizia latifolia Boivin, Mimosa lebbeck L., Mimosa sirissa Roxb.","lebbek tree, siris-tree, rain tree, East Indian walnut, woman's-tongue tree, woman's tongue tree, chatterbox tree, kokko, bois noir, cha-cha, langue de vieille femme, ébénier d'orient, acacia de lebbek, albizia, acacia siras, coracao de negro, pau-negro, ebano oriental",tree,erect,perennial,"deciduous, single stem","forage/pasture, materials, ornamentals/turf, medicinals & aromatic, forest/wood, environmental",grown on large scale,26.0,36.0,12.0,48.0,600.0,2000.0,500.0,2500.0,6.0,7.0,5.5,8.5,11.0,11.0,27.0,27.0,1600.0,very bright,clear skies,very bright,cloudy skies,deep (>>150 cm),medium (50-150 cm),medium,"heavy, medium, light",low,low,low (<4 dS/m),medium (4-10 dS/m),well (dry spells),"poorly (saturated >50% of year), well (dry spells), excessive (dry/moderately dry)",,,short day (<12 hours),"tropical wet & dry (Aw), steppe or semiarid (Bs), subtropical humid (Cf)",,,,,180.0,300.0,original_rule,edible_flag,high,Siris Tree,1,,legume,0,,0,0
PP:4067,both,acacia victoriae,exact_scientific_name,high,4067.0,Plant,https://permapeople.org/plants/acacia-victoriae-bramble-wattle-gundabluey,Acacia victoriae,Bramble wattle Gundabluey,Fabaceae,,8-11,8.0,11.0,10.0,Fast,Shrubs,1.0,Seed,Gum,"Fire starter, Gum, Wind breaker, Erosion control, Lumber, Coppice, Nitrogen fixer",1.0,0.0,0.0,0.0,1.0,1.0,0.0,1.0,1.0,1.0,legume,1.0,Family == Fabaceae and Edible parts contains Seed/Pod,2718,Acacia victoriae,Benth.,Magnoliopsida:Rosidae:Fabales:Leguminosae,Acacia sentis,"Bramble wattle, Gundabluey, Elegant wattle","shrub, tree",erect,perennial,"single stem, multi stem","forage/pasture, fruits & nuts, materials, forest/wood, environmental",grown on small scale,12.0,32.0,5.0,38.0,300.0,800.0,100.0,1000.0,6.0,7.5,5.0,8.5,14.0,14.0,36.0,36.0,750.0,very bright,clear skies,very bright,cloudy skies,deep (>>150 cm),shallow (20-50 cm),"heavy, medium, light","heavy, medium, light",moderate,low,low (<4 dS/m),low (<4 dS/m),well (dry spells),"poorly (saturated >50% of year), well (dry spells)",-10,-1.0,"short day (<12 hours), neutral day (12-14 hours), long day (>14 hours)","tropical wet & dry (Aw), desert or arid (Bw), steppe or semiarid (Bs), subtropical humid (Cf), subtropical dry summer (Cs), subtropical dry winter (Cw)",drought,,can become a weed,,60.0,270.0,original_rule,edible_flag,high,Bramble wattle Gundabluey,1,,legume,0,,0,0
PP:4069,both,acanthosicyos horridus,exact_scientific_name,high,4069.0,Plant,https://permapeople.org/plants/acanthosicyos-horridus-naras-butterpips,Acanthosicyos horridus,Naras Butterpips,Cucurbitaceae,Perennial,9-11,9.0,11.0,1.0,Fast,,1.0,"Fruit, Seed",Oil,oil,1.0,0.0,0.0,0.0,1.0,1.0,0.0,1.0,1.0,0.0,fruit,1.0,Edible parts contains 'Fruit' (non-tree layer),31703,Acanthosicyos horridus,,,,,shrub,erect,perennial,multi stem,"fruits & nuts, vegetables, medicinals & aromatic, environmental",grown on small scale,15.0,30.0,10.0,40.0,125.0,250.0,75.0,450.0,6.0,7.0,5.5,7.5,17.0,15.0,32.0,34.0,100.0,clear skies,very bright,clear skies,very bright,deep (>>150 cm),medium (50-150 cm),light,light,low,low,medium (4-10 dS/m),high (>10 dS/m)),well (dry spells),"well (dry spells), excessive (dry/moderately dry)",,,,"desert or arid (Bw), steppe or semiarid (Bs)",drought,,,,0.0,0.0,original_rule,edible_flag,high,Naras Butterpips,1,,fruit_tree,0,,0,0
PP:4095,permapeople_only,triticum turgidum,ecocrop_only,,4095.0,Plant,https://permapeople.org/plants/triticum-turgidum-polonicum-polish-wheat,Triticum turgidum polonicum,Polish Wheat,Poaceae or gramineae,Annual,10-12,10.0,12.0,1.3,,,1.0,Seed,,"Biomass, Mulch, textiles, Starch",1.0,0.0,0.0,0.0,0.0,1.0,0.0,1.0,1.0,1.0,other_productive,1.0,"Edible == true, no more specific rule matched",10582,Triticum durum,Desf.,Liliopsida:Commelinidae:Cyperales:Gramineae,"Triticum aestivum ssp. durum (Desf.) Thell., Triticum turgidum L. var. durum, Triticum turgidum convar. durum (Desf.) Bowen","durum wheat, Macaroni wheat, blé dur, trigo duro, grano duro, durum weizen, hartweizen, durum hvede, durum vete, durum kveite, ying li xiao mai, alkamh assalb, lúa mì cúng",grass,erect,annual,"single stem, C3 photosynthesis",cereals & pseudocereals,grown on large scale,17.0,25.0,6.0,30.0,500.0,700.0,400.0,800.0,6.0,7.0,5.5,8.5,20.0,10.0,40.0,50.0,,very bright,very bright,very bright,clear skies,medium (50-150 cm),medium (50-150 cm),"heavy, medium","heavy, medium",high,moderate,low (<4 dS/m),low (<4 dS/m),well (dry spells),"well (dry spells), excessive (dry/moderately dry)",,,"short day (<12 hours), neutral day (12-14 hours), long day (>14 hours)","tropical wet & dry (Aw), tropical wet (Ar), steppe or semiarid (Bs), subtropical humid (Cf), subtropical dry summer (Cs), subtropical dry winter (Cw), temperate oceanic (Do), temperate continental (Dc), temperate with humid winters (Df), temperate with dry winters (Dw)",,,,large scale/commercial,120.0,180.0,original_rule,edible_flag,high,Durum Wheat; Emmer; Khurasan Wheat; Persian Wheat; Polish Wheat; Rivet Wheat; Wild Emmer; durum wheat,8,,other,0,,0,0
PP:4138,both,salix babylonica,species_binomial_inheritance,medium,4138.0,Plant,https://permapeople.org/plants/salix-babylonica-weeping-willow,Salix babylonica,Weeping Willow,Salicaceae,,6-9,6.0,9.0,12.0,Fast,Trees,1.0,"Inner bark, Leaves, Shoots","Manna, Tea","Weaving material, Hair, Erosion control, Dynamic accumulator",1.0,0.0,0.0,0.0,0.0,1.0,1.0,1.0,1.0,1.0,vegetable,1.0,Edible parts contains Leaves/Stem/Flowers,9477,Salix babylonica var. sacramenta,L.,Magnoliopsida:Dilleniidae:Violales:Salicaceae,,,tree,erect,perennial,"deciduous, single stem","ornamentals/turf, forest/wood",grown on small scale,21.0,26.0,10.0,30.0,1000.0,1300.0,800.0,1500.0,6.5,7.5,6.0,8.0,25.0,25.0,35.0,45.0,500.0,very bright,clear skies,very bright,cloudy skies,medium (50-150 cm),shallow (20-50 cm),"medium, light","medium, light",moderate,low,low (<4 dS/m),low (<4 dS/m),"poorly (saturated >50% of year), well (dry spells)","poorly (saturated >50% of year), well (dry spells)",-30,0.0,"short day (<12 hours), neutral day (12-14 hours), long day (>14 hours)","subtropical humid (Cf), temperate oceanic (Do)",,,,,300.0,330.0,original_rule,edible_flag,high,Weeping Willow,1,,leafy_herb,0,,0,0
PP:4148,both,triplochiton scleroxylon,exact_scientific_name,high,4148.0,Plant,https://permapeople.org/plants/triplochiton-scleroxylon-arere,Triplochiton scleroxylon,Arere,Malvaceae,,10-12,10.0,12.0,40.0,Fast,Tall trees,1.0,Leaves,,"textiles, Pioneer, Roofing, Lumber",1.0,0.0,0.0,0.0,0.0,1.0,0.0,1.0,1.0,1.0,vegetable,1.0,Edible parts contains Leaves/Stem/Flowers,10562,Triplochiton scleroxylon,K. Schum.,Magnoliopsida:Dilleniidae:Malvales:Sterculiaceae,,ayous,tree,erect,perennial,"evergreen, deciduous, single stem",forest/wood,,24.0,30.0,18.0,36.0,1600.0,2400.0,1000.0,4000.0,5.5,6.5,4.5,7.5,,,10.0,10.0,900.0,very bright,very bright,very bright,clear skies,deep (>>150 cm),medium (50-150 cm),"medium, light","heavy, medium, light",high,moderate,low (<4 dS/m),low (<4 dS/m),well (dry spells),"well (dry spells), excessive (dry/moderately dry)",,,short day (<12 hours),tropical wet (Ar),,,,,300.0,365.0,original_rule,edible_flag,high,Arere,1,,leafy_herb,0,,0,0
PP:4200,both,brosimum alicastrum,exact_scientific_name,high,4200.0,Plant,https://permapeople.org/plants/brosimum-alicastrum-breadnut-maya-nut,Brosimum alicastrum,Breadnut Maya nut,Moraceae,,10-12,10.0,12.0,30.0,Medium,Tall trees,1.0,"Fruit, Seed, Milk","Coffee, Drink, Gum","Animal feed, Lumber, Gum, textiles, Wind breaker, Coppice",1.0,1.0,0.0,0.0,0.0,1.0,0.0,1.0,1.0,1.0,fruit_tree,1.0,Layer contains 'Tree' and Edible parts contains 'Fruit',2469,Brosimum alicastrum,,Magnoliopsida:Dilleniidae:Urticales:Moraceae,,Breadnut tree,tree,erect,perennial,,,,18.0,25.0,12.0,35.0,600.0,4000.0,500.0,5000.0,6.0,7.0,5.5,8.0,10.0,10.0,20.0,20.0,1000.0,very bright,very bright,,,shallow (20-50 cm),very shallow (<20 cm),medium,"medium, light",moderate,low,,,,,,,,"tropical wet & dry (Aw), tropical wet (Ar)",,,,,0.0,0.0,original_rule,edible_flag,high,Breadnut Maya nut,1,,fruit_tree,0,,0,1
PP:4203,both,alisma plantago-aquatica,exact_scientific_name,high,4203.0,Plant,https://permapeople.org/plants/alisma-plantago-aquatica-great-water-plantain,Alisma plantago-aquatica,Great Water Plantain,Alismataceae,Perennial,5-9,5.0,9.0,0.9,,,1.0,"Leaves, Root",,,1.0,0.0,0.0,0.0,0.0,0.0,1.0,1.0,1.0,1.0,root_crop,1.0,Layer or Edible parts indicates Root/Tuber,12200,Alisma plantago-aquatica,L.,Liliopsida:Alismatidae:Alismatales:Alismataceae,,"common waterplantain, water plantain, padda-lepel, American waterplantain, great water-plantain, marsh drain, mad-dog weed, plantain d'eau ˆ flûteau, ratamosarpio, svalting, kranssvalting, vanlig svalting, chastukha podorojnikovaya, zabieniec babka wodna, vassgro, vejbred-skeblad, gewöhnlicher froschlöffel, waterweegbree, corr-chopag",herb,"erect, prostrate/procumbent/semi-erect",perennial,multi stem,"ornamentals/turf, medicinals & aromatic, weed",harvested from wild,8.0,18.0,6.0,24.0,500.0,1500.0,400.0,1700.0,5.0,7.0,4.5,7.5,40.0,37.0,63.0,65.0,1500.0,clear skies,very bright,clear skies,very bright,medium (50-150 cm),shallow (20-50 cm),"heavy, medium","heavy, medium",high,moderate,low (<4 dS/m),low (<4 dS/m),poorly (saturated >50% of year),poorly (saturated >50% of year),-35,0.0,,"steppe or semiarid (Bs), subtropical dry summer (Cs), temperate oceanic (Do), temperate continental (Dc), boreal (E)",flooding,drought,"poisonous to man or animals, can become a weed",,0.0,0.0,original_rule,edible_flag,high,Great Water Plantain,1,,leafy_herb,0,,0,0
PP:4208,both,borojoa patinoi,exact_scientific_name,high,4208.0,Plant,https://permapeople.org/plants/borojoa-patinoi-borojo,Borojoa patinoi,Borojo,Rubiaceae,,10-12,10.0,12.0,8.0,Medium,Trees,1.0,Fruit,Drink,,0.0,1.0,0.0,1.0,0.0,1.0,0.0,1.0,1.0,1.0,fruit_tree,1.0,Layer contains 'Tree' and Edible parts contains 'Fruit',3771,Borojoa patinoi,Cuatrec.,Magnoliopsida:Asteridae:Rubiales:Rubiaceae,,Borojó,"shrub, tree",erect,perennial,"evergreen, single stem, multi stem","fruits & nuts, medicinals & aromatic",,20.0,28.0,15.0,32.0,3000.0,6000.0,2500.0,9000.0,4.5,6.5,4.0,7.0,1.0,,9.0,10.0,700.0,cloudy skies,clear skies,light shade,very bright,deep (>>150 cm),medium (50-150 cm),"heavy, medium","heavy, medium",high,low,low (<4 dS/m),low (<4 dS/m),well (dry spells),well (dry spells),,,,"tropical wet & dry (Aw), tropical wet (Ar)",,,,,365.0,365.0,original_rule,edible_flag,high,Borojo,1,,fruit_tree,0,,0,0
PP:4229,both,samolus valerandi,exact_scientific_name,high,4229.0,Plant,https://permapeople.org/plants/samolus-valerandi-brookweed,Samolus valerandi,Brookweed,Primulaceae,Perennial,5-9,5.0,9.0,0.3,,,1.0,Leaves,,,1.0,0.0,0.0,0.0,0.0,1.0,1.0,1.0,1.0,1.0,vegetable,1.0,Edible parts contains Leaves/Stem/Flowers,16595,Samolus valerandi,L.,Magnoliopsida:Dilleniidae:Primulales:Primulaceae,,"seaside brookweed, brookweed, salzbunge, strandsamel, bunge, samel, suolapunka",herb,acaulescent (or rosette plants),perennial,deciduous,"vegetables, ornamentals/turf",grown on small scale,16.0,24.0,12.0,32.0,500.0,1300.0,300.0,1500.0,7.0,8.5,6.5,9.0,20.0,17.0,50.0,55.0,3000.0,cloudy skies,very bright,light shade,very bright,shallow (20-50 cm),shallow (20-50 cm),heavy,"heavy, medium, light, wide, organic",high,moderate,low (<4 dS/m),medium (4-10 dS/m),poorly (saturated >50% of year),poorly (saturated >50% of year),,,,"tropical wet & dry (Aw), steppe or semiarid (Bs), subtropical humid (Cf), subtropical dry summer (Cs), temperate oceanic (Do), temperate continental (Dc)",flooding,drought,,,0.0,0.0,original_rule,edible_flag,high,Brookweed; Thin-Leaf Brookweed,2,,leafy_herb,0,,0,0
PP:4236,both,solanum juzepczukii,species_binomial_inheritance,medium,4236.0,Plant,https://permapeople.org/plants/solanum-juzepczukii-rucki,Solanum juzepczukii,Rucki,Solanaceae,Perennial,,,,,,,1.0,Root,,,1.0,1.0,0.0,0.0,0.0,1.0,0.0,1.0,1.0,1.0,root_crop,1.0,Layer or Edible parts indicates Root/Tuber,9916,Solanum x juzepczukii,,Magnoliopsida:Asteridae:Solanales:Solanaceae,,"bitter potato, choquepito, ococuri, luki, ruke",herb,erect,annual,,roots/tubers,grown on small scale,6.0,14.0,3.0,18.0,600.0,1200.0,400.0,1400.0,6.0,7.0,5.5,7.5,,,15.0,20.0,4300.0,very bright,clear skies,very bright,cloudy skies,medium (50-150 cm),shallow (20-50 cm),"medium, organic","medium, light",high,moderate,low (<4 dS/m),low (<4 dS/m),well (dry spells),well (dry spells),,,short day (<12 hours),"tropical wet & dry (Aw), tropical wet (Ar)",,,,small scale (manual),150.0,195.0,original_rule,edible_flag,high,Rucki,1,,root,0,,0,0
PP:4270,both,tilia cordata,exact_scientific_name,high,4270.0,Plant,https://permapeople.org/plants/tilia-cordata-small-leaved-lime,Tilia cordata,Small Leaved Lime,Tiliaceae,,3-7,3.0,7.0,30.0,Medium,Tall trees,1.0,"Leaves, Sap","Chocolate, Tea","Fire starter, Fiber, textiles, Lumber",1.0,1.0,0.0,0.0,0.0,1.0,0.0,1.0,1.0,1.0,vegetable,1.0,Edible parts contains Leaves/Stem/Flowers,10446,Tilia cordata,Miller,Magnoliopsida:Dilleniidae:Malvales:Tiliaceae,Tilia parvifolia Ehrh,"European linden, little-leaf linden, small-leaved linden, small-leaved lime, lime tree, tilleul a petites feuilles, Linde, tiglio selvatico, tilia da Europa, tilia das folhas pequenas, tila de Europa, Carbo tiliae, Tiliae officinalis flos, Tiliae folium, Tilium cortex",tree,erect,perennial,"deciduous, single stem","medicinals & aromatic, forest/wood",grown on small scale,12.0,22.0,5.0,28.0,500.0,700.0,400.0,800.0,6.5,7.5,6.0,8.0,45.0,40.0,60.0,65.0,1500.0,clear skies,very bright,light shade,very bright,deep (>>150 cm),medium (50-150 cm),medium,"heavy, medium",high,moderate,low (<4 dS/m),low (<4 dS/m),well (dry spells),well (dry spells),,,,"subtropical dry summer (Cs), temperate oceanic (Do), temperate continental (Dc)",,,,,0.0,0.0,original_rule,edible_flag,high,Small Leaved Lime,1,,leafy_herb,0,,0,0
PP:4278,both,zizania latifolia,exact_scientific_name,high,4278.0,Plant,https://permapeople.org/plants/zizania-latifolia-manchurian-wild-rice,Zizania latifolia,Manchurian Wild Rice,Poaceae or gramineae,Perennial,,,,3.5,,,1.0,"Flowers, Root, Seed, Shoots, Stem",,Weaving material,1.0,1.0,0.0,0.0,0.0,0.0,0.0,1.0,1.0,1.0,root_crop,1.0,Layer or Edible parts indicates Root/Tuber,10994,Zizania latifolia,(Griseb.) Turcz. ex Stapf.,Liliopsida:Commelinidae:Cyperales:Gramineae,,"Machurian wild rice, cizania da Manchuria, water bamboo, coba, kuw-sun, kwo-bai, jiao-bai, makomo dake",herb,erect,perennial,"deciduous, multi stem","vegetables, materials, medicinals & aromatic",grown on small scale,22.0,32.0,14.0,35.0,600.0,2500.0,400.0,3500.0,5.5,6.0,4.5,7.0,17.0,15.0,53.0,55.0,1500.0,clear skies,very bright,clear skies,very bright,shallow (20-50 cm),shallow (20-50 cm),"heavy, organic","heavy, medium, organic",high,moderate,,,poorly (saturated >50% of year),poorly (saturated >50% of year),-10,0.0,,"tropical wet & dry (Aw), tropical wet (Ar), subtropical humid (Cf), subtropical dry winter (Cw), temperate oceanic (Do), temperate continental (Dc)",flooding,drought,,,150.0,200.0,original_rule,edible_flag,high,Manchurian Wild Rice,1,,root,0,,0,0
PP:4280,both,zostera marina,exact_scientific_name,high,4280.0,Plant,https://permapeople.org/plants/zostera-marina-eel-grass,Zostera marina,Eel Grass,Zosteraceae,Perennial,,,,1.0,,,1.0,"Leaves, Root, Seed",,"Compost, textiles",1.0,0.0,0.0,0.0,0.0,0.0,0.0,1.0,1.0,0.0,root_crop,1.0,Layer or Edible parts indicates Root/Tuber,11015,Zostera marina,L.,Liliopsida:Alismatidae:Alismatales:Zosteraceae,,"eelgrass, sea-wrack, grass-wrack, sea grass, ulva marina, limo de fita, ceba do rio, zostera marinha, zozima, cirigo",herb,prostrate/procumbent/semi-erect,,,"forage/pasture, fruits & nuts, vegetables",harvested from wild,15.0,25.0,10.0,32.0,500.0,1500.0,200.0,3000.0,6.8,7.2,6.5,7.5,,,,,,very bright,clear skies,very bright,cloudy skies,medium (50-150 cm),medium (50-150 cm),heavy,heavy,high,moderate,high (>10 dS/m)),high (>10 dS/m)),poorly (saturated >50% of year),poorly (saturated >50% of year),,,"short day (<12 hours), neutral day (12-14 hours), long day (>14 hours)","tropical wet & dry (Aw), tropical wet (Ar), desert or arid (Bw), steppe or semiarid (Bs), subtropical humid (Cf), subtropical dry summer (Cs), temperate oceanic (Do), boreal (E)",,,,,120.0,240.0,original_rule,edible_flag,high,Eel Grass,1,,leafy_herb,0,,0,0
PP:4309,both,tripsacum dactyloides,exact_scientific_name,high,4309.0,Plant,https://permapeople.org/plants/tripsacum-dactyloides-sesame-grass,Tripsacum dactyloides,Sesame Grass,Poaceae or gramineae,Perennial,7-11,7.0,11.0,2.5,Medium,,1.0,Seed,,,1.0,0.0,0.0,0.0,0.0,1.0,0.0,1.0,1.0,1.0,other_productive,1.0,"Edible == true, no more specific rule matched",10564,Tripsacum dactyloides,,,,,grass,erect,perennial,"multi stem, C4 photosynthesis","forage/pasture, ornamentals/turf, environmental","grown on large scale, grown on small scale",10.0,24.0,7.0,30.0,800.0,1300.0,600.0,1500.0,6.0,7.0,5.5,7.5,,,38.0,42.0,2100.0,cloudy skies,very bright,light shade,very bright,deep (>>150 cm),medium (50-150 cm),"heavy, medium, light, wide","heavy, medium, light, wide",high,moderate,low (<4 dS/m),low (<4 dS/m),"poorly (saturated >50% of year), well (dry spells)","poorly (saturated >50% of year), well (dry spells)",-30,-1.0,,"tropical wet & dry (Aw), tropical wet (Ar), subtropical humid (Cf), temperate continental (Dc)","fire, drought, flooding",,,large scale/commercial,140.0,300.0,original_rule,edible_flag,high,Sesame Grass,1,,other,0,,0,0
PP:4334,both,trifolium repens,exact_scientific_name,high,4334.0,Plant,https://permapeople.org/plants/trifolium-repens-white-clover,Trifolium repens,White Clover,Fabaceae or leguminosae,Perennial,4-8,4.0,8.0,0.1,Medium,,1.0,"Flowers, Leaves, Root","Condiment, Tea","Animal feed, Cover crop, Dynamic accumulator, Ground cover, Nitrogen fixer",1.0,0.0,0.0,0.0,0.0,1.0,0.0,1.0,1.0,1.0,root_crop,1.0,Layer or Edible parts indicates Root/Tuber,2105,Trifolium repens,L.,Magnoliopsida:Rosidae:Fabales:Leguminosae,,"white clover, Dutch clover, sheep's gowan, trêfle blanc, trefle rampant, Weissklee, Lammerklee, trifoglio bianco, trevo branco, trebol blanco, vitklover, Trifolii albi et rubri flos",herb,prostrate/procumbent/semi-erect,perennial,multi stem,forage/pasture,grown on large scale,14.0,22.0,4.0,26.0,700.0,1200.0,300.0,2100.0,5.5,7.0,4.5,8.2,35.0,30.0,50.0,70.0,6000.0,very bright,cloudy skies,very bright,light shade,shallow (20-50 cm),shallow (20-50 cm),"heavy, medium","heavy, medium, light",high,moderate,low (<4 dS/m),medium (4-10 dS/m),well (dry spells),well (dry spells),-2,0.0,long day (>14 hours),"steppe or semiarid (Bs), subtropical humid (Cf), subtropical dry summer (Cs), temperate oceanic (Do), temperate continental (Dc), temperate with humid winters (Df), temperate with dry winters (Dw), boreal (E)",,,,,90.0,240.0,original_rule,edible_flag,high,White Clover,1,,leafy_herb,0,,0,0
PP:4375,both,boehmeria nivea,exact_scientific_name,high,4375.0,Plant,https://permapeople.org/plants/boehmeria-nivea-ramie,Boehmeria nivea,Ramie,Urticaceae,Perennial,6-9,6.0,9.0,1.8,,,1.0,"Leaves, Root",,"Fiber, Animal feed, textiles",1.0,1.0,0.0,0.0,1.0,1.0,0.0,1.0,0.0,0.0,root_crop,1.0,Layer or Edible parts indicates Root/Tuber,3746,Boehmeria nivea,(L.) Gaudich.,Magnoliopsida:Dilleniidae:Urticales:Urticaceae,,"ramie, white ramie, China grass, ramio, rhea",herb,erect,perennial,multi stem,"forage/pasture, materials",grown on large scale,17.0,27.0,10.0,34.0,1500.0,2500.0,1000.0,4000.0,5.4,6.5,4.8,7.5,9.0,6.0,38.0,45.0,1300.0,very bright,cloudy skies,very bright,light shade,deep (>>150 cm),deep (>>150 cm),"medium, organic","heavy, medium, light",high,high,low (<4 dS/m),low (<4 dS/m),well (dry spells),well (dry spells),,,"short day (<12 hours), neutral day (12-14 hours), long day (>14 hours)","tropical wet & dry (Aw), tropical wet (Ar), subtropical humid (Cf), subtropical dry summer (Cs), subtropical dry winter (Cw), temperate oceanic (Do), temperate continental (Dc), temperate with humid winters (Df), temperate with dry winters (Dw)",,,,large scale/commercial,45.0,365.0,original_rule,edible_flag,high,Ramie,1,,leafy_herb,0,,0,0
PP:4384,both,bombax ceiba,exact_scientific_name,high,4384.0,Plant,https://permapeople.org/plants/bombax-ceiba-red-silk-cotton-tree,Bombax ceiba,Red Silk Cotton Tree,Malvaceae,,10-12,10.0,12.0,25.0,Medium,Tall trees,1.0,"Flowers, Inner bark, Leaves, Root, Seed, Seedpod","Oil, Gum, Tea","textiles, Containers, Fiber, Gum, oil, Pioneer, Soap making, Weaving material, Tannin, Waterproofing, Lumber",1.0,0.0,0.0,0.0,1.0,1.0,0.0,1.0,1.0,1.0,root_crop,1.0,Layer or Edible parts indicates Root/Tuber,3756,Bombax ceiba,L.,Magnoliopsida:Dilleniidae:Malvales:Bombacaceae,,,tree,erect,perennial,"semi evergreen, deciduous, single stem","materials, forest/wood",grown on small scale,28.0,42.0,5.0,49.0,750.0,4000.0,500.0,5000.0,5.5,6.5,4.9,7.2,5.0,5.0,25.0,25.0,1500.0,very bright,very bright,very bright,clear skies,deep (>>150 cm),medium (50-150 cm),medium,"medium, light",high,moderate,low (<4 dS/m),low (<4 dS/m),well (dry spells),"poorly (saturated >50% of year), well (dry spells), excessive (dry/moderately dry)",-3,-1.0,short day (<12 hours),"tropical wet & dry (Aw), steppe or semiarid (Bs)","fire, drought",,,,210.0,330.0,original_rule,edible_flag,high,Red Silk Cotton Tree,1,,leafy_herb,0,,0,0
PP:4393,both,borassus aethiopum,exact_scientific_name,high,4393.0,Plant,https://permapeople.org/plants/borassus-aethiopum-african-fan-palm,Borassus aethiopum,African Fan Palm,Arecaceae,,10-12,10.0,12.0,20.0,Slow,Tall trees,1.0,"Fruit, Leaves, Sap, Seed, Shoots","Oil, Drink, Sweetener","Weaving material, Crafting, Fire starter, Fencing, Fiber, Filter, Fire retardant, Lumber, oil, Potash, textiles",1.0,0.0,0.0,0.0,0.0,1.0,0.0,1.0,1.0,1.0,fruit_tree,1.0,Layer contains 'Tree' and Edible parts contains 'Fruit',32427,Borassus aethiopum,Mart.,Liliopsida:Arecidae:Arecales:Palmae,"Borassus flabellifer L. var. aethiopum Warb., Borassus flabelliformis Murr., Lontarus domestica Gaertn.","borasusspalm, zembaba, deleib, chibangalala, kakoma, kambili, African fan palm, borassus palm, palmyra palm, ron palm, rônier, dubbi, giginya, ubiri, kankoma, mukulwani, mulala, katuugo, nyalango, rhun, sibo, mvumo, abgon-eye",tree,erect,perennial,"evergreen, single stem","forage/pasture, fruits & nuts, materials, ornamentals/turf, medicinals & aromatic, forest/wood, environmental",,20.0,35.0,15.0,45.0,500.0,1000.0,400.0,1200.0,5.5,7.0,5.0,7.5,,,20.0,25.0,1200.0,very bright,very bright,clear skies,very bright,deep (>>150 cm),medium (50-150 cm),medium,"medium, light",high,low,low (<4 dS/m),low (<4 dS/m),well (dry spells),"well (dry spells), excessive (dry/moderately dry)",,,,"tropical wet & dry (Aw), steppe or semiarid (Bs)",fire,,,,365.0,365.0,original_rule,edible_flag,high,African Fan Palm,1,,fruit_tree,0,,0,0
PP:4394,both,borassus flabellifer,exact_scientific_name,high,4394.0,Plant,https://permapeople.org/plants/borassus-flabellifer-palmyra-palm,Borassus flabellifer,Palmyra Palm,Arecaceae,,10-12,10.0,12.0,20.0,Medium,Tall trees,1.0,"Flowers, Fruit, Leaves, Sap, Seed, Stem","Oil, Drink, Salt, Sweetener","Weaving material, Crafting, Fire starter, Containers, Fencing, Fiber, oil, textiles, Lumber",1.0,0.0,0.0,0.0,1.0,1.0,0.0,1.0,1.0,1.0,fruit_tree,1.0,Layer contains 'Tree' and Edible parts contains 'Fruit',3765,Borassus flabellifer,L.,Liliopsida:Arecidae:Arecales:Palmae,Borassus flabelliformis,"palmyra palm, toddy palm, African fan palm, palmira, tal, tar, tad, tamar, tadi, panam, panai, tan",tree,erect,perennial,"evergreen, single stem","materials, forest/wood",grown on small scale,24.0,32.0,16.0,36.0,1000.0,1500.0,700.0,4200.0,7.0,7.5,6.5,8.0,,,20.0,20.0,,very bright,very bright,very bright,clear skies,deep (>>150 cm),medium (50-150 cm),light,"medium, light",low,low,low (<4 dS/m),low (<4 dS/m),well (dry spells),"well (dry spells), excessive (dry/moderately dry)",,,short day (<12 hours),tropical wet & dry (Aw),,,,,150.0,365.0,original_rule,edible_flag,high,Palmyra Palm,1,,fruit_tree,0,,0,0
PP:4417,both,atriplex confertifolia,exact_scientific_name,high,4417.0,Plant,https://permapeople.org/plants/atriplex-confertifolia-shadscale,Atriplex confertifolia,Shadscale,Chenopodiaceae,,6-9,6.0,9.0,1.8,,Shrubs,1.0,"Leaves, Seed",,,1.0,0.0,0.0,0.0,1.0,1.0,0.0,1.0,1.0,0.0,vegetable,1.0,Edible parts contains Leaves/Stem/Flowers,3542,Atriplex confertifolia,(Torrey & Fremont) S. Watson,Magnoliopsida:Caryophyllidae:Caryophyllales:Chenopodiaceae,,shadscale,shrub,erect,perennial,"evergreen, semi evergreen, deciduous, C4 photosynthesis",forage/pasture,harvested from wild,12.0,30.0,5.0,50.0,150.0,250.0,100.0,300.0,7.5,8.0,7.0,8.5,25.0,20.0,35.0,40.0,2280.0,very bright,very bright,very bright,clear skies,medium (50-150 cm),shallow (20-50 cm),"heavy, medium","heavy, medium, light, wide",moderate,low,medium (4-10 dS/m),high (>10 dS/m)),well (dry spells),"poorly (saturated >50% of year), well (dry spells)",-10,-1.0,short day (<12 hours),"desert or arid (Bw), steppe or semiarid (Bs), subtropical dry summer (Cs)",,,,,60.0,90.0,original_rule,edible_flag,high,Shadscale,1,,leafy_herb,0,,0,0
PP:4425,both,atriplex halimus,exact_scientific_name,high,4425.0,Plant,https://permapeople.org/plants/atriplex-halimus-sea-orach,Atriplex halimus,Sea Orach,Chenopodiaceae,,7-10,7.0,10.0,2.0,Medium,Shrubs,1.0,"Leaves, Seed",Manna,"Hedgerow, Soap making, Soil reclamation",1.0,0.0,0.0,0.0,1.0,1.0,0.0,1.0,1.0,0.0,vegetable,1.0,Edible parts contains Leaves/Stem/Flowers,3546,Atriplex halimus,L.,Magnoliopsida:Caryophyllidae:Caryophyllales:Chenopodiaceae,,,shrub,erect,perennial,"multi stem, C4 photosynthesis",forage/pasture,,16.0,28.0,5.0,36.0,300.0,700.0,100.0,1200.0,7.2,7.8,7.0,8.0,25.0,25.0,45.0,45.0,,very bright,very bright,very bright,clear skies,medium (50-150 cm),shallow (20-50 cm),"heavy, medium","heavy, medium, light",low,low,medium (4-10 dS/m),medium (4-10 dS/m),"well (dry spells), excessive (dry/moderately dry)","poorly (saturated >50% of year), well (dry spells), excessive (dry/moderately dry)",-10,-1.0,short day (<12 hours),"tropical wet & dry (Aw), desert or arid (Bw), steppe or semiarid (Bs), subtropical dry summer (Cs)",drought,,,,60.0,120.0,original_rule,edible_flag,high,Sea Orach,1,,leafy_herb,0,,0,0
PP:4426,both,atriplex hortensis,exact_scientific_name,high,4426.0,Plant,https://permapeople.org/plants/atriplex-hortensis-orach,Atriplex hortensis,Orach,Chenopodiaceae,Annual,5-9,5.0,9.0,1.8,Fast,,1.0,"Leaves, Seed",,"Biomass, Companion, Dye",1.0,0.0,0.0,0.0,0.0,1.0,0.0,1.0,1.0,0.0,vegetable,1.0,Edible parts contains Leaves/Stem/Flowers,3549,Atriplex hortensis,L.,Magnoliopsida:Caryophyllidae:Caryophyllales:Chenopodiaceae,,,herb,erect,annual,"multi stem, C3 photosynthesis","forage/pasture, vegetables, ornamentals/turf",grown on small scale,12.0,28.0,3.0,36.0,500.0,800.0,300.0,1400.0,6.5,7.5,5.0,8.2,42.0,36.0,55.0,60.0,1000.0,very bright,very bright,very bright,clear skies,medium (50-150 cm),shallow (20-50 cm),light,light,low,low,medium (4-10 dS/m),high (>10 dS/m)),"well (dry spells), excessive (dry/moderately dry)",excessive (dry/moderately dry),,,short day (<12 hours),"desert or arid (Bw), steppe or semiarid (Bs), subtropical humid (Cf), subtropical dry summer (Cs), subtropical dry winter (Cw), temperate oceanic (Do), temperate continental (Dc), temperate with humid winters (Df), temperate with dry winters (Dw)",,,,,120.0,150.0,original_rule,edible_flag,high,Orach,1,,leafy_herb,0,,0,0
PP:4434,both,atriplex nummularia,exact_scientific_name,high,4434.0,Plant,https://permapeople.org/plants/atriplex-nummularia-giant-saltbush,Atriplex nummularia,Giant Saltbush,Chenopodiaceae,,7-10,7.0,10.0,3.5,,Shrubs,1.0,"Leaves, Shoots",,"Fire retardant, Animal feed, Hedgerow, Erosion control",1.0,0.0,0.0,0.0,1.0,1.0,0.0,1.0,1.0,0.0,vegetable,1.0,Edible parts contains Leaves/Stem/Flowers,3552,Atriplex nummularia,Lindley,Magnoliopsida:Caryophyllidae:Caryophyllales:Chenopodiaceae,,,shrub,erect,perennial,"multi stem, C4 photosynthesis",forage/pasture,,16.0,28.0,3.0,36.0,200.0,600.0,150.0,800.0,7.5,8.0,7.0,8.5,25.0,25.0,45.0,45.0,,very bright,very bright,very bright,clear skies,deep (>>150 cm),shallow (20-50 cm),"heavy, medium","heavy, medium",low,low,medium (4-10 dS/m),high (>10 dS/m)),"well (dry spells), excessive (dry/moderately dry)","poorly (saturated >50% of year), well (dry spells), excessive (dry/moderately dry)",-15,-1.0,short day (<12 hours),"tropical wet & dry (Aw), desert or arid (Bw), steppe or semiarid (Bs), subtropical humid (Cf), subtropical dry summer (Cs), subtropical dry winter (Cw)",drought,,,,90.0,150.0,original_rule,edible_flag,high,Giant Saltbush,1,,leafy_herb,0,,0,0
PP:4435,both,atriplex lentiformis,exact_scientific_name,high,4435.0,Plant,https://permapeople.org/plants/atriplex-lentiformis-quail-bush,Atriplex lentiformis,Quail Bush,Chenopodiaceae,,7-10,7.0,10.0,3.0,,Shrubs,1.0,"Leaves, Seed, Shoots",,Soap,1.0,0.0,0.0,0.0,1.0,1.0,0.0,1.0,1.0,0.0,vegetable,1.0,Edible parts contains Leaves/Stem/Flowers,3550,Atriplex lentiformis,(Tor.),Magnoliopsida:Caryophyllidae:Caryophyllales:Chenopodiaceae,,,shrub,"erect, prostrate/procumbent/semi-erect",perennial,"evergreen, deciduous, multi stem, C4 photosynthesis","forage/pasture, environmental",harvested from wild,12.0,24.0,5.0,35.0,200.0,250.0,100.0,300.0,7.0,8.0,7.0,8.3,20.0,20.0,35.0,35.0,1400.0,very bright,very bright,very bright,clear skies,deep (>>150 cm),medium (50-150 cm),heavy,"heavy, medium, light",moderate,low,medium (4-10 dS/m),high (>10 dS/m)),"poorly (saturated >50% of year), well (dry spells)","poorly (saturated >50% of year), well (dry spells)",-5,-1.0,short day (<12 hours),"desert or arid (Bw), steppe or semiarid (Bs), subtropical dry summer (Cs)",,,,,60.0,120.0,original_rule,edible_flag,high,Quail Bush,1,,leafy_herb,0,,0,0
PP:4466,both,attalea funifera,exact_scientific_name,high,4466.0,Plant,https://permapeople.org/plants/attalea-funifera-bahia-piassava,Attalea funifera,Bahia Piassava,Arecaceae,,10-12,10.0,12.0,15.0,Medium,Tall trees,1.0,Seed,Oil,"Crafting, Fire starter, Fiber, oil, Weaving material, textiles",1.0,0.0,0.0,0.0,1.0,1.0,0.0,1.0,1.0,1.0,other_productive,1.0,"Edible == true, no more specific rule matched",3561,Attalea funifera,C. Martius ex Sprengel,Liliopsida:Arecidae:Arecales:Palmae,,,tree,erect,perennial,"evergreen, single stem",materials,,22.0,25.0,18.0,30.0,1800.0,2000.0,1500.0,2400.0,5.0,5.5,4.5,6.5,13.0,13.0,17.0,17.0,400.0,very bright,clear skies,very bright,cloudy skies,deep (>>150 cm),medium (50-150 cm),"medium, light","medium, light",low,low,low (<4 dS/m),low (<4 dS/m),well (dry spells),"well (dry spells), excessive (dry/moderately dry)",5,5.0,short day (<12 hours),tropical wet (Ar),,,,,365.0,365.0,original_rule,edible_flag,high,Bahia Piassava,1,,other,0,,0,0
PP:4475,both,asclepias speciosa,exact_scientific_name,high,4475.0,Plant,https://permapeople.org/plants/asclepias-speciosa-showy-milkweed,Asclepias speciosa,Showy Milkweed,Asclepiadaceae,Perennial,3-9,3.0,9.0,0.8,,,1.0,"Flowers, Leaves, Root, Seed, Seedpod, Shoots","Oil, Gum, Sweetener","Dye, Fiber, Gum, textiles, oil, Pollution",1.0,1.0,0.0,0.0,1.0,1.0,0.0,1.0,1.0,0.0,root_crop,1.0,Layer or Edible parts indicates Root/Tuber,12493,Asclepias speciosa,Torr.,Magnoliopsida:Asteridae:Gentianales:Asclepiadaceae,,"showy milkweed, common milkweed",herb,erect,perennial,"deciduous, multi stem","vegetables, materials, medicinals & aromatic","grown on small scale, harvested from wild",12.0,24.0,8.0,30.0,450.0,800.0,400.0,1000.0,5.0,7.5,4.5,8.0,26.0,25.0,54.0,55.0,1900.0,clear skies,very bright,light shade,very bright,shallow (20-50 cm),shallow (20-50 cm),"medium, light, organic","medium, light, organic",moderate,moderate,low (<4 dS/m),low (<4 dS/m),well (dry spells),well (dry spells),-35,0.0,,"steppe or semiarid (Bs), subtropical dry summer (Cs), temperate oceanic (Do), temperate continental (Dc)",,,,,90.0,120.0,original_rule,edible_flag,high,Showy Milkweed,1,,leafy_herb,0,,0,0
PP:4545,permapeople_only,symphyotrichum cordifolium,ecocrop_only,,4545.0,Plant,https://permapeople.org/plants/symphyotrichum-cordifolium-common-blue-wood-aster,Symphyotrichum cordifolium,Common Blue Wood Aster,Asteraceae or compositae,Perennial,3-7,3.0,7.0,1.5,,,1.0,Leaves,,,1.0,0.0,0.0,0.0,0.0,1.0,0.0,1.0,1.0,1.0,vegetable,1.0,Edible parts contains Leaves/Stem/Flowers,199890,Aster cordifolius var. cordifolius,L.,Magnoliopsida:Asteridae:Asterales:Compositae,"Aster cordifolius L. subsp. cordifolius, Aster cordifolius L. var. cordifolius, Aster cordifolius L. var. moratus (Shinners) Shinners, Aster finkii Rydb. var. moratus Shinners, Symphyotrichum cordifolium (L.) G.L.Nesom","common blue wood aster, common blue heart-leaved aster, blue wood aster",herb,erect,perennial,"deciduous, multi stem","ornamentals/turf, medicinals & aromatic",,12.0,24.0,10.0,32.0,600.0,1200.0,500.0,1500.0,5.7,7.5,5.5,8.0,32.0,30.0,50.0,52.0,1000.0,cloudy skies,very bright,light shade,very bright,medium (50-150 cm),medium (50-150 cm),medium,"medium, light",high,moderate,low (<4 dS/m),low (<4 dS/m),well (dry spells),"well (dry spells), excessive (dry/moderately dry)",-35,0.0,,"subtropical humid (Cf), temperate continental (Dc), boreal (E)",,,,,0.0,0.0,original_rule,edible_flag,high,Common Blue Wood Aster; common blue wood aster,2,,leafy_herb,0,,0,0
PP:4566,both,astragalus sinicus,exact_scientific_name,high,4566.0,Plant,https://permapeople.org/plants/astragalus-sinicus-chinese-milk-vetch,Astragalus sinicus,Chinese Milk Vetch,Fabaceae or leguminosae,Biennial,,,,0.2,,,1.0,"Leaves, Seed",,"Cover crop, Nitrogen fixer",1.0,0.0,0.0,0.0,0.0,1.0,0.0,1.0,1.0,0.0,legume,1.0,Family == Fabaceae and Edible parts contains Seed/Pod,3509,Astragalus sinicus,,,,,herb,climber/scrambler/scadent,"biennial, perennial",multi stem,"forage/pasture, environmental",,15.0,25.0,10.0,28.0,500.0,1000.0,300.0,2000.0,5.0,7.0,4.5,7.5,24.0,22.0,35.0,37.0,800.0,clear skies,very bright,cloudy skies,very bright,medium (50-150 cm),shallow (20-50 cm),"heavy, medium","heavy, medium",moderate,high,,,well (dry spells),"poorly (saturated >50% of year), well (dry spells)",-1,-1.0,,"steppe or semiarid (Bs), subtropical humid (Cf), subtropical dry summer (Cs), temperate oceanic (Do)",flooding,,,,0.0,0.0,original_rule,edible_flag,high,Chinese Milk Vetch,1,,legume,0,,0,0
PP:4575,both,astrocaryum vulgare,exact_scientific_name,high,4575.0,Plant,https://permapeople.org/plants/astrocaryum-vulgare-tucuma-awarra-palm,Astrocaryum vulgare,Tucuma Awarra palm,Arecaceae,,10-12,10.0,12.0,15.0,Medium,Tall trees,1.0,"Apical bud, Fruit, Sap, Seed",Oil,oil,1.0,0.0,0.0,0.0,0.0,1.0,0.0,1.0,1.0,1.0,fruit_tree,1.0,Layer contains 'Tree' and Edible parts contains 'Fruit',3522,Astrocaryum vulgare,Mart.,Liliopsida:Arecidae:Arecales:Palmae,"Synonyms, Astrocaryum awarra de Vriese, Astrocaryum guianense Splig. ex Mart., Astrocaryum segregatum Drupe, Astrocaryum tucuma of Wallace, Astrocaryum tucumoides Drupe","adquiere, awarra, fiber palm, tucum, tucuma, hericungo, cumare, güere, acuarra, chambira, cumari, tucumai, tucum bravo, tucumã do Pará, palmier tucuman, aouara",tree,erect,perennial,"evergreen, single stem","fruits & nuts, materials, medicinals & aromatic",harvested from wild,20.0,28.0,18.0,30.0,1300.0,1800.0,1000.0,3000.0,5.0,7.0,4.0,8.0,,,9.0,10.0,150.0,cloudy skies,very bright,light shade,very bright,deep (>>150 cm),medium (50-150 cm),medium,medium,high,low,,,well (dry spells),"well (dry spells), excessive (dry/moderately dry)",2,2.0,,"tropical wet & dry (Aw), tropical wet (Ar)",,,,,0.0,0.0,original_rule,edible_flag,high,Tucuma Awarra palm,1,,fruit_tree,0,,0,0
PP:4578,both,astrebla squarrosa,exact_scientific_name,high,4578.0,Plant,https://permapeople.org/plants/astrebla-squarrosa-bull-mitchell-grass,Astrebla squarrosa,Bull Mitchell grass,Poaceae,Perennial,4-12,4.0,12.0,1.5,Fast,,1.0,Seed,,,1.0,0.0,0.0,0.0,1.0,1.0,0.0,1.0,1.0,1.0,other_productive,1.0,"Edible == true, no more specific rule matched",3513,Astrebla squarrosa,C.E. Hubb,Liliopsida:Commelinidae:Cyperales:Gramineae,,,grass,erect,perennial,multi stem,forage/pasture,,25.0,32.0,15.0,42.0,250.0,550.0,200.0,700.0,7.0,8.0,6.5,8.5,18.0,18.0,28.0,28.0,1000.0,very bright,very bright,very bright,clear skies,medium (50-150 cm),shallow (20-50 cm),heavy,"heavy, medium",moderate,moderate,low (<4 dS/m),medium (4-10 dS/m),"poorly (saturated >50% of year), well (dry spells)","poorly (saturated >50% of year), well (dry spells)",-2,0.0,"short day (<12 hours), neutral day (12-14 hours), long day (>14 hours)","desert or arid (Bw), steppe or semiarid (Bs), subtropical dry winter (Cw)",,,,,120.0,150.0,original_rule,edible_flag,high,Bull Mitchell grass,1,,other,0,,0,0
PP:4601,both,corchorus capsularis,exact_scientific_name,high,4601.0,Plant,https://permapeople.org/plants/corchorus-capsularis-jute,Corchorus capsularis,Jute,Tiliaceae,"Annual, Perennial",9-11,9.0,11.0,3.5,Fast,,1.0,"Leaves, Seed",Tea,"Fiber, textiles, Lumber",1.0,0.0,0.0,0.0,0.0,1.0,0.0,1.0,1.0,1.0,vegetable,1.0,Edible parts contains Leaves/Stem/Flowers,4849,Corchorus capsularis,L.,Magnoliopsida:Dilleniidae:Malvales:Tiliaceae,,"jute, gunny, Calcutta hemp, juta",herb,erect,annual,multi stem,materials,grown on large scale,20.0,37.0,13.0,45.0,1500.0,3000.0,900.0,3600.0,6.5,7.0,5.0,8.6,10.0,10.0,35.0,35.0,2000.0,very bright,clear skies,very bright,cloudy skies,medium (50-150 cm),shallow (20-50 cm),"heavy, medium","heavy, medium, light",high,high,low (<4 dS/m),low (<4 dS/m),well (dry spells),"poorly (saturated >50% of year), well (dry spells)",,,short day (<12 hours),"tropical wet & dry (Aw), subtropical dry summer (Cs)",,,,,80.0,150.0,original_rule,edible_flag,high,Jute,1,,leafy_herb,0,,0,0
PP:4619,both,citrofortunella microcarpa,species_binomial_inheritance,medium,4619.0,Plant,https://permapeople.org/plants/citrofortunella-microcarpa-calamondin-orange,Citrofortunella microcarpa,Calamondin Orange,Rutaceae,,,,,5.0,,Trees,1.0,Fruit,Condiment,,1.0,0.0,0.0,0.0,0.0,1.0,0.0,1.0,1.0,1.0,fruit_tree,1.0,Layer contains 'Tree' and Edible parts contains 'Fruit',4617,Citrofortunella x microcarpa,(Bunge) Wijnands,,"Citrus microcarpa Bunge (1832), Citrus mitis Blanco (1837), x Citrofortunella mitis (Blanco) J. Ingram & H.E. Moore (1975)","calamondin, China orange, golden time, jeruk peres, jeruk kasturi, jeruk potong, limau kesturi, limau chuit, kalamondin, kalamansi, limonsito, sommapit, somchit, manao-wan","shrub, tree",erect,perennial,"single stem, multi stem","fruits & nuts, ornamentals/turf, medicinals & aromatic",grown on small scale,15.0,28.0,8.0,38.0,1500.0,2000.0,1200.0,2500.0,6.0,6.5,5.5,7.0,,,,,500.0,very bright,clear skies,very bright,cloudy skies,deep (>>150 cm),medium (50-150 cm),"medium, organic","heavy, medium, light",high,moderate,low (<4 dS/m),low (<4 dS/m),well (dry spells),well (dry spells),,,"short day (<12 hours), neutral day (12-14 hours), long day (>14 hours)","tropical wet & dry (Aw), tropical wet (Ar), subtropical humid (Cf), subtropical dry summer (Cs), subtropical dry winter (Cw)",,,,"intermediate (animal drawn), large scale/commercial, protected cultivation",300.0,365.0,original_rule,edible_flag,high,Calamondin Orange,1,,fruit_tree,0,,0,0
PP:4688,both,calotropis procera,exact_scientific_name,high,4688.0,Plant,https://permapeople.org/plants/calotropis-procera-auricula-tree,Calotropis procera,Auricula Tree,Apocynaceae,,8-11,8.0,11.0,4.0,Medium,Shrubs,1.0,"Leaves, Sap, Shoots",Drink,"Fire starter, textiles, Dye, Fiber, Cover crop, Roofing, Soil conditioner, Erosion control, Weaving material, Teeth, Lumber, Coppice",1.0,1.0,0.0,0.0,1.0,1.0,0.0,1.0,1.0,1.0,vegetable,1.0,Edible parts contains Leaves/Stem/Flowers,4079,Calotropis procera,(Aiton) Aiton f.,Magnoliopsida:Asteridae:Gentianales:Asclepiadaceae,Asclepias procera Aiton,"apple of Sodom, Sodom apple, akund fibre, french cotton, marsh milkweed, Calotropis, rubber bush, mudar, yercum fibre, desert apple, Mudar Yercum, madar, king's crown, roostertree, shakr (Oman), arbre à soie, aak, desi aak, giant milkweed, tobbeya, tobia, yahara-zaf, ghinda, akalo, tomfi, gala, boha, u'sher (Sudan), ashkhar (UAE)","shrub, tree",erect,perennial,"single stem, multi stem","forage/pasture, materials, medicinals & aromatic, forest/wood, environmental, weed",,15.0,30.0,10.0,40.0,300.0,400.0,200.0,500.0,5.5,7.0,5.0,7.5,10.0,,30.0,36.0,1300.0,very bright,very bright,clear skies,very bright,medium (50-150 cm),shallow (20-50 cm),light,"medium, light",moderate,low,medium (4-10 dS/m),high (>10 dS/m)),well (dry spells),"well (dry spells), excessive (dry/moderately dry)",,,,"desert or arid (Bw), steppe or semiarid (Bs)","drought, grazing/browsing, trampling",,can become a weed,,0.0,0.0,original_rule,edible_flag,high,Auricula Tree,1,,leafy_herb,0,,0,0
PP:4708,both,argania spinosa,ecocrop_synonym_binomial,medium,4708.0,Plant,https://permapeople.org/plants/argania-spinosa-argan-tree,Argania spinosa,Argan Tree,Sapotaceae,,10-12,10.0,12.0,7.0,,Trees,1.0,"Fruit, Leaves, Seed","Oil, Chocolate","Fire starter, Fencing, Lighting, oil, Wind breaker, Soap making, Soil reclamation, Erosion control, Lumber, Coppice",1.0,0.0,0.0,0.0,0.0,1.0,0.0,1.0,1.0,1.0,fruit_tree,1.0,Layer contains 'Tree' and Edible parts contains 'Fruit',3351,Argania sideroxylon,(L). Skeels,Magnoliopsida:Dilleniidae:Sapotales:Sapotaceae,Argania spinosa,"argan, arga, argaria, arganier, arjardin, iron wood, Moroccon iron-wood tree, Eisenholzbaum",tree,erect,perennial,"evergreen, single stem","forage/pasture, materials",grown on small scale,20.0,30.0,10.0,35.0,200.0,300.0,100.0,400.0,6.5,7.5,6.0,8.0,20.0,20.0,30.0,30.0,1500.0,very bright,very bright,very bright,clear skies,medium (50-150 cm),shallow (20-50 cm),"heavy, medium, light, wide","heavy, medium, light, wide",moderate,low,low (<4 dS/m),medium (4-10 dS/m),well (dry spells),"well (dry spells), excessive (dry/moderately dry)",-2,0.0,,"desert or arid (Bw), steppe or semiarid (Bs)",drought,,,,40.0,180.0,original_rule,edible_flag,high,Argan Tree,1,,fruit_tree,0,,0,0
PP:4719,both,cajanus cajan,exact_scientific_name,high,4719.0,Plant,https://permapeople.org/plants/cajanus-cajan-pigeon-pea,Cajanus cajan,Pigeon Pea,Fabaceae,,9-12,9.0,12.0,4.0,Fast,Shrubs,1.0,"Leaves, Seed, Seedpod, Shoots",,"Weaving material, Crafting, Companion, Deodorant, Essential Oil, Animal feed, Fire starter, Cover crop, Hedgerow, Plant support, Roofing, Wind breaker, Soil reclamation, Erosion control, textiles, Lumber, Coppice, Nitrogen fixer",1.0,0.0,0.0,0.0,0.0,1.0,0.0,1.0,1.0,1.0,legume,1.0,Family == Fabaceae and Edible parts contains Seed/Pod,576,Cajanus cajan,(L.) Millsp.,Magnoliopsida:Rosidae:Fabales:Leguminosae,"Cajanus bicolor DC., Cajanus flavus DC., Cajanus indicus Sprengel, Cajanus indicus var. bicolor (DC.) Kuntze, Cajanus indicus var. flavus (DC.) Kuntze, Cajanus indicus var. maculatus Kuntze, Cajanus luteus Bello, Cytisus cajan L., Cajanus cajan forma bicolor (DC.) Baker, Cajanus cajan var. bicolor (DC.) Purseglove, Cajanus cajan var. flavus (DC.) Purseglove, Cajanus obcordifolia D.N.Singh, Cajanus pseudocajan (Jacq.) Schinz & Guillaumin","congo pea, pigeon pea, frijol de arbol, gandul, gandures, guandul, guand, guandú, kumanda yvyra'í (Paraguay), gungo pea, lenteja, pigeon pea bush, pois cajan, pois congo, pois d'angole, pois d'angolie, Pigeonerbse, pwa angole, arhar, quinchonchillo, quinchoncho, thuvarai, duiweboon",shrub,prostrate/procumbent/semi-erect,perennial,"multi stem, C3 photosynthesis",vegetables,grown on large scale,18.0,38.0,10.0,45.0,600.0,1500.0,400.0,4000.0,5.0,7.0,4.5,8.4,,,25.0,30.0,3000.0,very bright,very bright,very bright,clear skies,deep (>>150 cm),medium (50-150 cm),"medium, light","heavy, medium, light",moderate,low,low (<4 dS/m),,well (dry spells),"well (dry spells), excessive (dry/moderately dry)",,,"short day (<12 hours), neutral day (12-14 hours)","tropical wet & dry (Aw), tropical wet (Ar), steppe or semiarid (Bs), subtropical humid (Cf), subtropical dry summer (Cs), subtropical dry winter (Cw)",,,,,90.0,365.0,original_rule,edible_flag,high,Pigeon Pea,1,,legume,0,,0,0
PP:4720,both,dichrostachys cinerea,exact_scientific_name,high,4720.0,Plant,https://permapeople.org/plants/dichrostachys-cinerea-marabou-thorn,Dichrostachys cinerea,Marabou Thorn,Fabaceae,,8-12,8.0,12.0,8.0,Medium,Shrubs,1.0,"Fruit, Seed, Seedpod",Gum,"Weaving material, Biomass, Fencing, Fiber, Fire starter, Cover crop, Gum, Hedgerow, Soil conditioner, Soil reclamation, Erosion control, Lumber, Nitrogen fixer",1.0,1.0,0.0,0.0,0.0,1.0,0.0,1.0,1.0,1.0,legume,1.0,Family == Fabaceae and Edible parts contains Seed/Pod,5302,Dichrostachys cinerea,(L.) Wight & Arn,Magnoliopsida:Rosidae:Fabales:Leguminosae,,,tree,erect,,"semi evergreen, deciduous, single stem","forage/pasture, fruits & nuts, materials, ornamentals/turf, medicinals & aromatic, forest/wood, environmental",,15.0,40.0,10.0,50.0,300.0,500.0,200.0,600.0,5.0,8.0,4.5,8.5,,,25.0,30.0,2000.0,very bright,very bright,clear skies,very bright,deep (>>150 cm),medium (50-150 cm),"medium, light","heavy, medium, light, wide",moderate,low,low (<4 dS/m),low (<4 dS/m),well (dry spells),"well (dry spells), excessive (dry/moderately dry)",,,,"tropical wet & dry (Aw), desert or arid (Bw), steppe or semiarid (Bs)","fire, drought",flooding,,,365.0,365.0,original_rule,edible_flag,high,Marabou Thorn,1,,legume,0,,0,0
PP:4721,both,chrysophyllum cainito,exact_scientific_name,high,4721.0,Plant,https://permapeople.org/plants/chrysophyllum-cainito-star-apple,Chrysophyllum cainito,Star Apple,Sapotaceae,,10-12,10.0,12.0,25.0,Medium,Tall trees,1.0,"Fruit, Seed, Milk",Drink,"Fire starter, Lumber, textiles, Tannin",1.0,0.0,0.0,0.0,0.0,1.0,0.0,1.0,1.0,1.0,fruit_tree,1.0,Layer contains 'Tree' and Edible parts contains 'Fruit',689,Chrysophyllum cainito,L.,Magnoliopsida:Dilleniidae:Sapotales:Sapotaceae,,"caimito, starapple, caimite, pomme surette, sawo ijo, sawo hejo, sawo kadu, sawu duren, pepulut, sataa appoen",tree,erect,perennial,"evergreen, single stem","fruits & nuts, ornamentals/turf, medicinals & aromatic",grown on small scale,22.0,28.0,12.0,35.0,1000.0,1400.0,800.0,2200.0,5.0,5.5,4.4,7.5,,,20.0,20.0,425.0,very bright,very bright,very bright,clear skies,medium (50-150 cm),shallow (20-50 cm),"medium, organic","heavy, medium, light",high,moderate,low (<4 dS/m),low (<4 dS/m),well (dry spells),"poorly (saturated >50% of year), well (dry spells)",,,"short day (<12 hours), neutral day (12-14 hours), long day (>14 hours)","tropical wet & dry (Aw), tropical wet (Ar)",wind,,,home garden,180.0,210.0,original_rule,edible_flag,high,Star Apple,1,,fruit_tree,0,,1,0
PP:4746,both,annona muricata,exact_scientific_name,high,4746.0,Plant,https://permapeople.org/plants/annona-muricata-sour-sop,Annona muricata,Sour Sop,Annonaceae,,10-12,10.0,12.0,7.0,Fast,Trees,1.0,"Fruit, Leaves, Shoots",,"Fire starter, Pest control, Lumber",1.0,1.0,0.0,0.0,0.0,1.0,0.0,1.0,1.0,1.0,fruit_tree,1.0,Layer contains 'Tree' and Edible parts contains 'Fruit',411,Annona muricata,L.,Magnoliopsida:Magnoliidae:Magnoliales:Annonaceae,,"soursop, corossol épineux, Stachelannone, zuurzak, guanabana, sirsak, nangka belanda, nangka seberang, durian belanda, durian benggala, durian makkah, saua sap, guayabano, atti, llabanos, tiep banla, tiep barang, khan thalot, khièp thét, thurian-thet, thurian-khaek, rian-nam, mang câù xiê, seremaia, sarifa, talapo fotofoto, sasalapa, 'apeli'initia, apeli'initia, sapsap",tree,erect,perennial,"evergreen, semi evergreen, single stem","fruits & nuts, vegetables, medicinals & aromatic, environmental",grown on small scale,20.0,30.0,13.0,36.0,1200.0,2200.0,800.0,4200.0,5.5,6.5,4.5,8.0,,,20.0,30.0,1200.0,very bright,clear skies,very bright,cloudy skies,deep (>>150 cm),shallow (20-50 cm),"heavy, medium","heavy, medium, light",moderate,moderate,low (<4 dS/m),medium (4-10 dS/m),well (dry spells),"well (dry spells), excessive (dry/moderately dry)",,,"short day (<12 hours), neutral day (12-14 hours), long day (>14 hours)","tropical wet & dry (Aw), tropical wet (Ar)",,,,,180.0,365.0,original_rule,edible_flag,high,Sour Sop,1,,fruit_tree,0,,0,0
PP:4747,both,annona squamosa,exact_scientific_name,high,4747.0,Plant,https://permapeople.org/plants/annona-squamosa-sugar-apple,Annona squamosa,Sugar Apple,Annonaceae,,10-12,10.0,12.0,6.0,Slow,Trees,1.0,Fruit,,"Fire starter, Pest control, Weaving material",1.0,0.0,0.0,0.0,1.0,1.0,0.0,1.0,1.0,0.0,fruit_tree,1.0,Layer contains 'Tree' and Edible parts contains 'Fruit',414,Annona squamosa,L.,Magnoliopsida:Magnoliidae:Magnoliales:Annonaceae,,"sugar apple, sweetsop, scaly custard apple, custard apple, zuckerapfel, stachelanone, cherimoya, attier, poreroe cannelle, pomme cannelle, anon, anon de azucar, anona de castilla, fruta do conde, scopappel, kaneelappel, fan-li-chi, sirkaja, sarikaja, atis, ata, luna, meba, sharifa, sarifa, sitaphal, sita pandu, nona sri kaya, bnah nona, seri kaya, tiep baay, tiep, mang cau ta, noinah, manonah, makkhiap, lanang, mak khbieb, na, mang caua ta, qu a na","shrub, tree",erect,perennial,"evergreen, deciduous, single stem, multi stem",fruits & nuts,"grown on large scale, harvested from wild",23.0,30.0,11.0,41.0,800.0,1200.0,570.0,4000.0,7.0,8.0,4.3,8.5,,,15.0,25.0,1000.0,very bright,clear skies,very bright,cloudy skies,deep (>>150 cm),shallow (20-50 cm),"medium, light","heavy, medium, light",high,moderate,low (<4 dS/m),low (<4 dS/m),well (dry spells),well (dry spells),,,short day (<12 hours),"tropical wet & dry (Aw), tropical wet (Ar), subtropical dry summer (Cs)",,wind,,large scale/commercial,210.0,270.0,original_rule,edible_flag,high,Sugar Apple,1,,fruit_tree,0,,0,0
PP:4748,both,annona cherimola,exact_scientific_name,high,4748.0,Plant,https://permapeople.org/plants/annona-cherimola-cherimoya,Annona cherimola,Cherimoya,Annonaceae,,8-12,8.0,12.0,9.0,Fast,Trees,1.0,Fruit,,Pest control,1.0,0.0,0.0,0.0,1.0,1.0,0.0,1.0,1.0,1.0,fruit_tree,1.0,Layer contains 'Tree' and Edible parts contains 'Fruit',2194,Annona cherimola,Miller,Magnoliopsida:Magnoliidae:Magnoliales:Annonaceae,Annona X,"cherimoya, cherimoyer, soursop, sauerapfel, cherimolier, graveola, noina ostrelia","shrub, tree",erect,perennial,"deciduous, single stem, multi stem","fruits & nuts, medicinals & aromatic",grown on large scale,17.0,25.0,7.0,32.0,800.0,1200.0,600.0,2200.0,6.0,7.5,5.5,8.0,,,10.0,40.0,2500.0,very bright,clear skies,very bright,light shade,deep (>>150 cm),medium (50-150 cm),"medium, light","heavy, medium, light",high,moderate,low (<4 dS/m),low (<4 dS/m),well (dry spells),well (dry spells),-1,0.0,"short day (<12 hours), neutral day (12-14 hours), long day (>14 hours)","tropical wet & dry (Aw), tropical wet (Ar), steppe or semiarid (Bs), subtropical humid (Cf), subtropical dry summer (Cs)",,,,large scale/commercial,240.0,270.0,original_rule,edible_flag,high,Cherimoya; atemoya,2,,fruit_tree,0,,0,0
PP:4753,both,annona atemoya,exact_scientific_name,high,4753.0,Plant,https://permapeople.org/plants/annona-atemoya-atemoya,Annona atemoya,Atemoya,Annonaceae,,10-12,10.0,12.0,8.0,Fast,Trees,1.0,Fruit,,"Pest control, Rootstock",1.0,0.0,0.0,0.0,1.0,0.0,0.0,1.0,1.0,1.0,fruit_tree,1.0,Layer contains 'Tree' and Edible parts contains 'Fruit',3236,Annona atemoya,Hort,Magnoliopsida:Magnoliidae:Magnoliales:Annonaceae,,,tree,erect,perennial,"deciduous, single stem",fruits & nuts,grown on large scale,24.0,28.0,12.0,32.0,2000.0,3000.0,600.0,4200.0,5.5,6.5,5.0,7.0,,,20.0,30.0,1500.0,very bright,very bright,very bright,clear skies,medium (50-150 cm),shallow (20-50 cm),"medium, light","medium, light",moderate,low,low (<4 dS/m),medium (4-10 dS/m),well (dry spells),"well (dry spells), excessive (dry/moderately dry)",-6,-1.0,"short day (<12 hours), neutral day (12-14 hours), long day (>14 hours)","tropical wet & dry (Aw), tropical wet (Ar), subtropical humid (Cf), subtropical dry summer (Cs), subtropical dry winter (Cw)",,,,,210.0,270.0,original_rule,edible_flag,high,Atemoya,1,,fruit_tree,0,,0,0
PP:4820,both,zingiber officinale,exact_scientific_name,high,4820.0,Plant,https://permapeople.org/plants/zingiber-officinale-common-ginger,Zingiber officinale,Common Ginger,Zingiberaceae,Perennial,8-12,8.0,12.0,1.5,Fast,,1.0,"Flowers, Leaves, Root, Shoots","Oil, Condiment, Drink, Tea","Cosmetic, Essential Oil, oil",1.0,1.0,0.0,0.0,0.0,1.0,0.0,1.0,1.0,1.0,root_crop,1.0,Layer or Edible parts indicates Root/Tuber,2177,Zingiber officinale,Rosc.,Liliopsida:Zingiberidae:Zingiberales:Zingiberaceae,"Amomon zingiber L., Zingiber blancoi Massk.","ginger, true ginger, stem ginger, Canton ginger, gingembre, gember, ingwer, zenzero, gengibre, beladi, mangarataia, jengibre, ingefaera, ingefær, zanjabil, imbir', shoga, chiang, kopakai (Cook I), cagolaya ni vavalagi, poloi (Niue), 'ava pui, papasa (Simbo), pasapasa (Roviana), zingibil, dendabil",herb,erect,"annual, perennial",multi stem,medicinals & aromatic,grown on large scale,19.0,29.0,13.0,35.0,1400.0,3000.0,700.0,4000.0,6.0,7.0,4.3,7.5,,,15.0,20.0,1900.0,very bright,clear skies,very bright,light shade,medium (50-150 cm),shallow (20-50 cm),"medium, organic","heavy, medium, light",high,moderate,low (<4 dS/m),low (<4 dS/m),well (dry spells),"well (dry spells), excessive (dry/moderately dry)",,,"short day (<12 hours), neutral day (12-14 hours), long day (>14 hours)","tropical wet & dry (Aw), tropical wet (Ar), subtropical humid (Cf)",,,,,270.0,365.0,original_rule,edible_flag,high,Common Ginger,1,,leafy_herb,0,,0,0
PP:4824,both,amorphophallus paeoniifolius,exact_scientific_name,high,4824.0,Plant,https://permapeople.org/plants/amorphophallus-paeoniifolius-elephant-yam,Amorphophallus paeoniifolius,Elephant Yam,Araceae,Perennial,11-12,11.0,12.0,0.8,,,1.0,"Leaves, Root",,Fragrance,1.0,1.0,0.0,0.0,0.0,1.0,0.0,1.0,1.0,0.0,root_crop,1.0,Layer or Edible parts indicates Root/Tuber,400,Amorphophallus paeoniifolius,(Dennst.) Nicolson,Liliopsida:Arecidae:Arecales:Palmae,Amorphophallus campanulatus Blume,"elephant foot yam, elephant yam, yam",herb,erect,perennial,single stem,vegetables,grown on small scale,28.0,35.0,25.0,40.0,1000.0,1500.0,900.0,1800.0,5.5,6.2,5.0,7.5,,,20.0,20.0,1000.0,clear skies,clear skies,cloudy skies,very bright,deep (>>150 cm),medium (50-150 cm),"medium, organic","medium, organic",moderate,low,low (<4 dS/m),low (<4 dS/m),well (dry spells),"well (dry spells), excessive (dry/moderately dry)",5,0.0,short day (<12 hours),"tropical wet & dry (Aw), tropical wet (Ar)",,,,,220.0,350.0,original_rule,edible_flag,high,Elephant Yam,1,,leafy_herb,0,,0,0
PP:4835,both,ammophila arenaria,exact_scientific_name,high,4835.0,Plant,https://permapeople.org/plants/ammophila-arenaria-marram-grass,Ammophila arenaria,Marram Grass,Poaceae or gramineae,Perennial,4-8,4.0,8.0,1.2,,,1.0,Root,,"Weaving material, Crafting, Fiber, textiles, Erosion control",1.0,0.0,0.0,0.0,1.0,1.0,0.0,1.0,1.0,0.0,root_crop,1.0,Layer or Edible parts indicates Root/Tuber,3131,Ammophila arenaria,(L.) Link,Liliopsida:Commelinidae:Cyperales:Gramineae,,,grass,prostrate/procumbent/semi-erect,perennial,multi stem,"forage/pasture, environmental",,9.0,20.0,2.0,25.0,700.0,900.0,500.0,1200.0,5.0,6.0,4.5,6.5,35.0,35.0,60.0,60.0,,very bright,clear skies,very bright,cloudy skies,medium (50-150 cm),shallow (20-50 cm),light,light,moderate,low,low (<4 dS/m),medium (4-10 dS/m),excessive (dry/moderately dry),"well (dry spells), excessive (dry/moderately dry)",-5,-1.0,long day (>14 hours),"subtropical dry summer (Cs), temperate oceanic (Do)",,,,,90.0,180.0,original_rule,edible_flag,high,Marram Grass,1,,root,0,,0,0
PP:4839,both,catharanthus roseus,exact_scientific_name,high,4839.0,Plant,https://permapeople.org/plants/catharanthus-roseus-madagascar-periwinkle,Catharanthus roseus,Madagascar Periwinkle,Apocynaceae,Perennial,9-12,9.0,12.0,0.7,Fast,,1.0,Leaves,Tea,Animal feed,1.0,1.0,0.0,0.0,0.0,1.0,0.0,1.0,1.0,1.0,vegetable,1.0,Edible parts contains Leaves/Stem/Flowers,652,Catharanthus roseus,(L.) G. Don.,Magnoliopsida:Asteridae:Gentianales:Apocynaceae,"Vinca rosea L., Lochnera rosea Reichb","periwinkle, Madagascar periwinkle, Cape periwinkle, red periwinkle, vinca","herb, sub-shrub",erect,"annual, perennial",multi stem,"ornamentals/turf, medicinals & aromatic","grown on large scale, grown on small scale",20.0,30.0,10.0,34.0,1000.0,1200.0,800.0,1400.0,6.0,7.0,5.5,7.5,,,45.0,60.0,,very bright,very bright,very bright,clear skies,medium (50-150 cm),shallow (20-50 cm),medium,"medium, light",high,moderate,low (<4 dS/m),low (<4 dS/m),well (dry spells),well (dry spells),,,"short day (<12 hours), neutral day (12-14 hours), long day (>14 hours)","tropical wet & dry (Aw), tropical wet (Ar), subtropical humid (Cf), subtropical dry summer (Cs), subtropical dry winter (Cw), temperate oceanic (Do), temperate continental (Dc), temperate with humid winters (Df), temperate with dry winters (Dw)",,,,"home garden, large scale/commercial",180.0,365.0,original_rule,edible_flag,high,Madagascar Periwinkle,1,,leafy_herb,0,,1,0
PP:4862,both,angelica archangelica,exact_scientific_name,high,4862.0,Plant,https://permapeople.org/plants/angelica-archangelica-angelica,Angelica archangelica,Angelica,Apiaceae or umbelliferae,Biennial,4-8,4.0,8.0,1.5,,,1.0,"Leaves, Root, Seed, Shoots, Stem",Condiment,"Essential Oil, Fragrance",1.0,1.0,0.0,0.0,0.0,1.0,0.0,1.0,1.0,1.0,root_crop,1.0,Layer or Edible parts indicates Root/Tuber,3218,Angelica archangelica,L.,Magnoliopsida:Rosidae:Apiales:Umbelliferae,Angelica officinalis Hoff.,"angelica, garden angelica, archangel, aunt Jericho, plante angelique, Angelikapflanze, European angelica, arcangelica, raiz do Espirito Santo, Angelicae radix, Angelicae folium, Angelicae fructus, Aetheroleum angelicae",herb,erect,"biennial, perennial",,medicinals & aromatic,grown on small scale,5.0,19.0,2.0,22.0,700.0,1100.0,500.0,1300.0,5.5,6.5,4.5,7.3,60.0,50.0,70.0,75.0,1700.0,very bright,clear skies,very bright,cloudy skies,medium (50-150 cm),shallow (20-50 cm),"medium, organic","heavy, medium, light",high,moderate,low (<4 dS/m),low (<4 dS/m),well (dry spells),"poorly (saturated >50% of year), well (dry spells)",-10,0.0,long day (>14 hours),"steppe or semiarid (Bs), temperate oceanic (Do), temperate continental (Dc), temperate with humid winters (Df), temperate with dry winters (Dw), boreal (E)",,,,,120.0,180.0,original_rule,edible_flag,high,Angelica,1,,leafy_herb,0,,0,0
PP:4865,both,angelica atropurpurea,exact_scientific_name,high,4865.0,Plant,https://permapeople.org/plants/angelica-atropurpurea-purplestem-angelica,Angelica atropurpurea,Purplestem Angelica,Apiaceae or umbelliferae,Perennial,4-8,4.0,8.0,3.0,,,1.0,"Leaves, Root, Shoots, Stem",,,1.0,1.0,0.0,0.0,0.0,1.0,0.0,1.0,1.0,1.0,root_crop,1.0,Layer or Edible parts indicates Root/Tuber,12347,Angelica atropurpurea,L.,Magnoliopsida:Rosidae:Apiales:Umbelliferae,Archangelica atropurpurea Hoffm.,"great angelica, purplestem angelica, alexanders, American angelica, high angelica, purple angelica, masterwort, angelica roxa",herb,erect,perennial,"single stem, multi stem",medicinals & aromatic,,10.0,18.0,6.0,26.0,700.0,1300.0,500.0,1500.0,5.0,7.5,5.5,8.0,40.0,37.0,48.0,50.0,1000.0,clear skies,very bright,light shade,very bright,medium (50-150 cm),medium (50-150 cm),"heavy, medium, light, wide, organic","heavy, medium, light, wide, organic",high,moderate,low (<4 dS/m),low (<4 dS/m),"poorly (saturated >50% of year), well (dry spells)","poorly (saturated >50% of year), well (dry spells)",-30,0.0,,"temperate oceanic (Do), temperate continental (Dc), boreal (E)",flooding,,,,0.0,0.0,original_rule,edible_flag,high,Purplestem Angelica,1,,leafy_herb,0,,0,0
PP:4874,both,blighia sapida,exact_scientific_name,high,4874.0,Plant,https://permapeople.org/plants/blighia-sapida-akee,Blighia sapida,Akee,Sapindaceae,,10-12,10.0,12.0,20.0,Fast,Tall trees,1.0,Fruit,Oil,"Fire starter, Containers, Lumber, Ink, Mordant, oil, Pest control, Potash, Soap, Soap making, Soil conditioner, Erosion control",1.0,0.0,0.0,0.0,0.0,1.0,0.0,0.0,1.0,1.0,fruit_tree,1.0,Layer contains 'Tree' and Edible parts contains 'Fruit',2214,Blighia sapida,K. König,Magnoliopsida:Rosidae:Sapindales:Sapindaceae,"Cupania sapida Voigt., Cuprona edulis","akee, ackee, akee apple, vegetable brain, arbre fricassé, arbre a fricasser, yeux de crabe, ris de veau, seso vegetal, arbol de seso, palo de seso, huevo vegetal, fruto de huevo, arbor del huevo, pera roja, merey del diablo, bien me sabe, pan y quesito, akí, castanha, castanheiro de Africa, finza, akie, kaka, finzan, akye, akyen, ishin",tree,erect,perennial,"evergreen, deciduous",fruits & nuts,grown on small scale,24.0,27.0,20.0,34.0,2000.0,4000.0,700.0,6000.0,5.5,6.5,4.3,8.0,5.0,,20.0,30.0,900.0,clear skies,clear skies,clear skies,cloudy skies,deep (>>150 cm),deep (>>150 cm),"heavy, medium, light, organic","heavy, medium, light",high,moderate,low (<4 dS/m),low (<4 dS/m),well (dry spells),well (dry spells),-3,-1.0,short day (<12 hours),"tropical wet & dry (Aw), tropical wet (Ar), subtropical humid (Cf), subtropical dry summer (Cs), subtropical dry winter (Cw)",,,,,150.0,365.0,original_rule,edible_flag,high,Akee,1,,fruit_tree,0,,0,0
PP:4894,both,amelanchier pallida,exact_scientific_name,high,4894.0,Plant,https://permapeople.org/plants/amelanchier-pallida-pale-serviceberry,Amelanchier pallida,Pale Serviceberry,Rosaceae,,,,,4.0,,Shrubs,1.0,Fruit,,,1.0,1.0,0.0,0.0,0.0,1.0,0.0,1.0,1.0,1.0,berry,1.0,Common name contains 'berry' and Edible parts contains 'Fruit',198033,Amelanchier pallida,Greene,Magnoliopsida:Rosidae:Rosales:Rosaceae,"Amelanchier florida var. gracilis (Heller) M.E. Peck, Amelanchier gracilis Heller, Amelanchier alnifolia var. pallida (Greene) Jepson","pale serviceberry, pallid serviceberry, Utah serviceberry, western serviceberry, saskatoon serviceberry",shrub,erect,perennial,"deciduous, multi stem",fruits & nuts,harvested from wild,14.0,25.0,10.0,30.0,800.0,1200.0,650.0,1800.0,5.5,6.5,5.0,7.0,32.0,30.0,48.0,50.0,3300.0,cloudy skies,clear skies,light shade,very bright,medium (50-150 cm),shallow (20-50 cm),light,"medium, light",moderate,low,low (<4 dS/m),low (<4 dS/m),"well (dry spells), excessive (dry/moderately dry)","well (dry spells), excessive (dry/moderately dry)",-35,-1.0,,"subtropical dry summer (Cs), temperate oceanic (Do)",,,,,0.0,0.0,original_rule,edible_flag,high,Pale Serviceberry,1,,fruit_tree,0,,0,0
PP:4901,both,afzelia africana,exact_scientific_name,high,4901.0,Plant,https://permapeople.org/plants/afzelia-africana-african-mahogany,Afzelia africana,African Mahogany,Fabaceae,,10-12,10.0,12.0,8.0,Medium,Trees,1.0,"Fruit, Leaves, Seed",Oil,"Fire starter, Lumber, Crafting, oil, Potash, Resin, Soap making, Nitrogen fixer",1.0,0.0,0.0,0.0,0.0,1.0,1.0,1.0,1.0,1.0,fruit_tree,1.0,Layer contains 'Tree' and Edible parts contains 'Fruit',2877,Afzelia africana,Smith ex Pers,Magnoliopsida:Rosidae:Fabales:Leguminosae,,"African mahogany, doussie, mogno africano",tree,erect,perennial,"deciduous, single stem","forage/pasture, materials, medicinals & aromatic, forest/wood, environmental",harvested from wild,20.0,32.0,10.0,40.0,1200.0,1800.0,1000.0,2500.0,5.5,6.5,5.0,7.0,,,15.0,15.0,900.0,very bright,clear skies,very bright,cloudy skies,deep (>>150 cm),medium (50-150 cm),"heavy, medium","heavy, medium, light",high,moderate,low (<4 dS/m),low (<4 dS/m),well (dry spells),"poorly (saturated >50% of year), well (dry spells)",,,short day (<12 hours),"tropical wet & dry (Aw), tropical wet (Ar)",fire,,,,240.0,300.0,original_rule,edible_flag,high,African Mahogany,1,,fruit_tree,0,,0,0
PP:4902,both,sesbania bispinosa,exact_scientific_name,high,4902.0,Plant,https://permapeople.org/plants/sesbania-bispinosa-prickly-sesban,Sesbania bispinosa,Prickly Sesban,Fabaceae,"Annual, Biennial",10-12,10.0,12.0,2.0,Fast,,1.0,Seed,Gum,"Fertilizer, Fiber, Fire starter, Cover crop, Gum, Hedgerow, Mulch, textiles, Pest control, Wind breaker, Soil conditioner, Soil reclamation, Weaving material, Nitrogen fixer",1.0,0.0,0.0,0.0,0.0,1.0,1.0,1.0,1.0,1.0,legume,1.0,Family == Fabaceae and Edible parts contains Seed/Pod,9712,Sesbania bispinosa,(Jacq.) W.F. Wight,Magnoliopsida:Rosidae:Fabales:Leguminosae,,,"herb, sub-shrub",erect,annual,"single stem, multi stem","forage/pasture, materials, forest/wood, environmental, weed",,18.0,30.0,10.0,34.0,700.0,1200.0,500.0,2900.0,5.5,7.0,4.3,9.9,,,35.0,40.0,1200.0,very bright,clear skies,very bright,clear skies,medium (50-150 cm),shallow (20-50 cm),"heavy, medium","heavy, medium, light",moderate,low,low (<4 dS/m),medium (4-10 dS/m),"poorly (saturated >50% of year), well (dry spells)","poorly (saturated >50% of year), well (dry spells)",,,short day (<12 hours),"tropical wet & dry (Aw), subtropical dry summer (Cs)",,,can become a weed,,60.0,170.0,original_rule,edible_flag,high,Prickly Sesban,1,,legume,0,,0,0
PP:4907,both,enterolobium cyclocarpum,exact_scientific_name,high,4907.0,Plant,https://permapeople.org/plants/enterolobium-cyclocarpum-guanacaste-tree,Enterolobium cyclocarpum,Guanacaste tree,Fabaceae,,10-12,10.0,12.0,30.0,Fast,Tall trees,1.0,"Seed, Seedpod","Coffee, Gum","Animal feed, Fire starter, Gum, Hedgerow, textiles, Soap, Tannin, Lumber, Coppice, Nitrogen fixer",1.0,0.0,0.0,0.0,0.0,1.0,0.0,1.0,1.0,1.0,legume,1.0,Family == Fabaceae and Edible parts contains Seed/Pod,5706,Enterolobium cyclocarpum,(Jacq.) Griesb.,Magnoliopsida:Rosidae:Fabales:Leguminosae,,,tree,erect,perennial,"deciduous, single stem","forage/pasture, materials, ornamentals/turf, medicinals & aromatic, forest/wood, environmental",,23.0,28.0,18.0,36.0,750.0,2500.0,600.0,3000.0,4.5,8.0,4.0,8.5,,,20.0,25.0,1200.0,very bright,very bright,clear skies,very bright,deep (>>150 cm),medium (50-150 cm),medium,"heavy, medium",high,moderate,low (<4 dS/m),low (<4 dS/m),well (dry spells),well (dry spells),,,,tropical wet & dry (Aw),,,,,180.0,365.0,original_rule,edible_flag,high,Guanacaste tree,1,,legume,0,,0,0
PP:4908,both,archidendron jiringa,exact_scientific_name,high,4908.0,Plant,https://permapeople.org/plants/archidendron-jiringa-jengkol,Archidendron jiringa,Jengkol,Fabaceae,,10-12,10.0,12.0,20.0,Medium,Tall trees,1.0,"Flowers, Fruit, Leaves, Seed, Seedpod, Shoots",,"Dye, Fire starter, Lumber, Hair, Pest control, Soap making, Nitrogen fixer",1.0,1.0,0.0,0.0,0.0,1.0,0.0,1.0,1.0,1.0,fruit_tree,1.0,Layer contains 'Tree' and Edible parts contains 'Fruit',3327,Archidendron jiringa,(Jack) Nielsen,Magnoliopsida:Rosidae:Fabales:Leguminosae,"Albizzia jiringa (Jack) Kurz, Inga jiringa (Jack) Jack, Mimosa jiringa Jack, Pithecellobium jiringa (Jack) Prain, Pithecellobium lobatum Benth., Zygia jiringa (Jack) Kosterm.",,tree,erect,perennial,single stem,"fruits & nuts, vegetables, materials, medicinals & aromatic, forest/wood",,20.0,30.0,12.0,40.0,2000.0,3000.0,1000.0,4000.0,5.5,6.5,4.5,7.0,,,20.0,25.0,1600.0,very bright,clear skies,very bright,cloudy skies,deep (>>150 cm),medium (50-150 cm),"medium, light","medium, light",moderate,low,low (<4 dS/m),low (<4 dS/m),well (dry spells),well (dry spells),,,short day (<12 hours),tropical wet (Ar),,,,,365.0,365.0,original_rule,edible_flag,high,Jengkol,1,,fruit_tree,0,,0,0
PP:4932,both,pennisetum purpureum,exact_scientific_name,high,4932.0,Plant,https://permapeople.org/plants/pennisetum-purpureum-napier-grass-elephant-grass,Pennisetum purpureum,Napier grass Elephant grass,Poaceae,Perennial,8-11,8.0,11.0,4.0,Fast,,1.0,"Flowers, Leaves, Shoots, Stem",,Animal feed,1.0,1.0,0.0,0.0,0.0,1.0,0.0,1.0,1.0,1.0,vegetable,1.0,Edible parts contains Leaves/Stem/Flowers,1651,Pennisetum purpureum,Schumach.,Liliopsida:Commelinidae:Cyperales:Gramineae,,"elephant grass, napier grass, capim elefante, marianga, gigante, mabingobingo, mfufu",grass,erect,perennial,multi stem,"forage/pasture, environmental","grown on large scale, grown on small scale",21.0,40.0,15.0,45.0,1500.0,2500.0,850.0,4000.0,5.0,6.5,4.5,8.2,,,30.0,40.0,2000.0,very bright,cloudy skies,very bright,light shade,deep (>>150 cm),shallow (20-50 cm),medium,"heavy, medium, light",high,low,low (<4 dS/m),high (>10 dS/m)),well (dry spells),"poorly (saturated >50% of year), well (dry spells), excessive (dry/moderately dry)",-1,0.0,short day (<12 hours),"tropical wet & dry (Aw), tropical wet (Ar), subtropical humid (Cf), subtropical dry summer (Cs), temperate oceanic (Do)",fire,flooding,,large scale/commercial,120.0,210.0,original_rule,edible_flag,high,Napier grass Elephant grass,1,,leafy_herb,0,,0,0
PP:4953,both,ceiba pentandra,exact_scientific_name,high,4953.0,Plant,https://permapeople.org/plants/ceiba-pentandra-kapok-tree,Ceiba pentandra,Kapok Tree,Malvaceae,,10-12,10.0,12.0,50.0,Fast,Tall trees,1.0,"Flowers, Fruit, Leaves, Seed","Oil, Drink, Salt","textiles, Containers, Dye, Fiber, Lumber, oil, Pioneer, Plant support, Potash, Soap making, Erosion control, Coppice",1.0,0.0,0.0,0.0,1.0,1.0,0.0,0.0,1.0,1.0,fruit_tree,1.0,Layer contains 'Tree' and Edible parts contains 'Fruit',658,Ceiba pentandra,(L.) Gaertn.,Magnoliopsida:Dilleniidae:Malvales:Bombacaceae,"Bombax pentandrum L., Eriodendron anfractuosum DC.","kapok, kapok tree, silk-cotton tree, Java cotton, god tree, ceiba, vavau ni lokoloko, vavae, white silk-cottontree, capoc, fromager, kapokier, Kapokbaum, sumauma, sumauma da varzea, poilao da sumauma, poilao forro, mafuma, mafumeira, paina lisa, ceba, oca', arbol capoc",tree,erect,perennial,"deciduous, single stem","forage/pasture, fruits & nuts, materials, forest/wood, environmental",grown on small scale,17.0,38.0,12.0,40.0,1500.0,2500.0,750.0,3000.0,5.5,6.5,5.0,7.5,,,15.0,30.0,900.0,very bright,very bright,very bright,clear skies,deep (>>150 cm),medium (50-150 cm),medium,"medium, light",high,moderate,low (<4 dS/m),medium (4-10 dS/m),well (dry spells),well (dry spells),-1,-1.0,"short day (<12 hours), neutral day (12-14 hours), long day (>14 hours)","tropical wet & dry (Aw), tropical wet (Ar)",,,,,270.0,330.0,original_rule,edible_flag,high,Kapok Tree,1,,fruit_tree,0,,0,0
PP:4971,both,bixa orellana,exact_scientific_name,high,4971.0,Plant,https://permapeople.org/plants/bixa-orellana-annatto-lipstick-plant,Bixa orellana,Annatto (Lipstick Plant,Bixaceae,,10-12,10.0,12.0,5.0,Fast,Trees,1.0,Seed,"Colouring, Condiment, Gum, Tea","Dye, Essential Oil, Fencing, Fire starter, Gum, Hair, Hedgerow, Houseplant, Pest control, Plant support, Wind breaker, Soap making, Weaving material, Lumber",1.0,1.0,0.0,0.0,0.0,1.0,0.0,1.0,1.0,0.0,other_productive,1.0,"Edible == true, no more specific rule matched",520,Bixa orellana,L.,,,"annatto, lipstick tree, achiote, urucum, anato, arnato, bija, bijol, bixa, roucou, bixin","shrub, tree",erect,perennial,"evergreen, single stem, multi stem","materials, ornamentals/turf, medicinals & aromatic, forest/wood",grown on small scale,20.0,28.0,15.0,36.0,1500.0,2000.0,1250.0,2500.0,5.5,7.5,4.5,8.5,,,20.0,25.0,2000.0,very bright,clear skies,very bright,cloudy skies,deep (>>150 cm),medium (50-150 cm),"medium, organic","heavy, medium, light, wide, organic",moderate,low,low (<4 dS/m),low (<4 dS/m),well (dry spells),well (dry spells),,,short day (<12 hours),"tropical wet & dry (Aw), tropical wet (Ar), subtropical humid (Cf), subtropical dry summer (Cs), subtropical dry winter (Cw)",,,,,150.0,365.0,original_rule,edible_flag,high,Annatto (Lipstick Plant,1,,other,0,,0,0
PP:4972,both,bidens pilosa,exact_scientific_name,high,4972.0,Plant,https://permapeople.org/plants/bidens-pilosa-beggar-s-ticks,Bidens pilosa,Beggar's Ticks,Asteraceae or compositae,Annual,,,,1.0,,,1.0,"Leaves, Shoots",Tea,,1.0,0.0,0.0,0.0,0.0,1.0,0.0,1.0,1.0,1.0,vegetable,1.0,Edible parts contains Leaves/Stem/Flowers,517,Bidens pilosa,Linnaeus,Magnoliopsida:Asteridae:Asterales:Compositae,"Bidens alba (L.) DC., Bidens pilosus var. albus, Bidens abortiva Schum. & Thonn. (1827), Bidens leucantha Willd., Bidens sundaica Blume (1826), Bidens quadrangularis DC., Kerneria dubia Cass., Kerneria tetragona Moench., Bidens odorata","beggar's tick, cobbler's pegs, common blackjack, black jack, Spanish needle, farmer's friend, pitchforks, shepherd's needles, butterfly needles, needleandthread, piquants noirs, amor seco, picao preto, cuamba, xian feng cao, chegogit, fisi'uli, kofe tonga, kofetoga, batimadramadra, mbatimandramandra, mbatikalawau, matakaro, matua kamate, ki, ki nehe, ki pipili, ko'oko'olau, ki nahelehele, nehe, gewone knap-se-kêrel, knapsakkerwel, umhlabangubo, amalenjane, isikhathula, ugamfe, ucucuza, umesisi, uqadolo, piripiri (Cook Islands), tae puaka (Futuna)",herb,erect,"annual, perennial",multi stem,"vegetables, ornamentals/turf, medicinals & aromatic, weed","grown on small scale, harvested from wild",17.0,32.0,10.0,38.0,800.0,2500.0,500.0,3500.0,4.5,8.0,3.5,8.5,,,25.0,40.0,2000.0,clear skies,very bright,light shade,very bright,medium (50-150 cm),shallow (20-50 cm),"medium, light, organic","medium, light, organic",high,moderate,low (<4 dS/m),low (<4 dS/m),well (dry spells),well (dry spells),-15,0.0,short day (<12 hours),"tropical wet & dry (Aw), tropical wet (Ar), subtropical humid (Cf), subtropical dry summer (Cs)",fire,,,home garden,0.0,0.0,original_rule,edible_flag,high,Beggar's Ticks,1,,leafy_herb,0,,1,0
PP:4996,both,passiflora laurifolia,exact_scientific_name,high,4996.0,Plant,https://permapeople.org/plants/passiflora-laurifolia-yellow-granadilla,Passiflora laurifolia,Yellow Granadilla,Passifloraceae,,10-12,10.0,12.0,15.0,Fast,Vines,1.0,Fruit,"Drink, Sweetener",Rootstock,1.0,1.0,0.0,0.0,0.0,1.0,0.0,0.0,1.0,1.0,edible_vine,1.0,Layer contains 'Vine(s)' and Edible == true,1637,Passiflora laurifolia,L.,Magnoliopsida:Dilleniidae:Violales:Passifloraceae,,"yellow granadilla, belle apple, Jamaican honeysuckle, vinegar pear, yellow water lemon, marie-tambour, maritambou, pomme d'or, pomme-liane, pomme de liane, saibey, parcha, parcha de culebra, maracujá, maracujá laranja, wasserlimone, wassermelone",vine,climber/scrambler/scadent,perennial,multi stem,fruits & nuts,grown on small scale,22.0,30.0,12.0,36.0,2000.0,3000.0,1000.0,4000.0,5.5,6.5,5.0,7.0,,,20.0,20.0,500.0,very bright,clear skies,very bright,cloudy skies,deep (>>150 cm),medium (50-150 cm),"heavy, medium, light","heavy, medium, light",high,moderate,low (<4 dS/m),low (<4 dS/m),well (dry spells),well (dry spells),,,short day (<12 hours),"tropical wet & dry (Aw), tropical wet (Ar)",,,,,180.0,365.0,original_rule,edible_flag,high,Yellow Granadilla,1,,fruiting,0,,0,0
PP:5005,both,guazuma ulmifolia,exact_scientific_name,high,5005.0,Plant,https://permapeople.org/plants/guazuma-ulmifolia-bastard-cedar-west-indian-elm,Guazuma ulmifolia,Bastard Cedar West Indian elm,Malvaceae,,10-12,10.0,12.0,30.0,Fast,Tall trees,1.0,"Fruit, Seed",,Animal feed,1.0,0.0,0.0,0.0,0.0,1.0,0.0,1.0,1.0,1.0,fruit_tree,1.0,Layer contains 'Tree' and Edible parts contains 'Fruit',6562,Guazuma ulmifolia,Lam.,Magnoliopsida:Dilleniidae:Malvales:Sterculiaceae,,,tree,erect,perennial,"evergreen, semi evergreen, single stem","forage/pasture, fruits & nuts, materials, ornamentals/turf, medicinals & aromatic, forest/wood, environmental, weed",,22.0,32.0,10.0,36.0,700.0,1500.0,500.0,1700.0,6.0,7.0,5.5,7.5,,,25.0,25.0,1200.0,very bright,very bright,very bright,clear skies,medium (50-150 cm),shallow (20-50 cm),"heavy, medium, light","heavy, medium, light",moderate,low,low (<4 dS/m),low (<4 dS/m),well (dry spells),well (dry spells),,,short day (<12 hours),"tropical wet & dry (Aw), tropical wet (Ar)",,,can become a weed,,150.0,240.0,original_rule,edible_flag,high,Bastard Cedar West Indian elm,1,,fruit_tree,0,,0,0
PP:5030,both,asclepias lanceolata,exact_scientific_name,high,5030.0,Plant,https://permapeople.org/plants/asclepias-lanceolata-few-flower-milkweed,Asclepias lanceolata,Few flower milkweed,Asclepiadaceae,Perennial,4-8,4.0,8.0,1.2,,,1.0,"Flowers, Leaves, Seedpod, Shoots","Gum, Sweetener","Fiber, Gum, textiles",1.0,1.0,0.0,0.0,1.0,1.0,0.0,1.0,1.0,0.0,vegetable,1.0,Edible parts contains Leaves/Stem/Flowers,199708,Asclepias lanceolata,Walt.,Magnoliopsida:Asteridae:Gentianales:Asclepiadaceae,Asclepias lanceolata var. paupercula (Michx.) Fern.,"fewflower milkweed, purple silkweed",herb,erect,perennial,"evergreen, multi stem","materials, ornamentals/turf, medicinals & aromatic",,12.0,30.0,8.0,35.0,600.0,1400.0,500.0,1500.0,5.0,7.0,4.5,7.5,22.0,20.0,40.0,42.0,1500.0,cloudy skies,very bright,light shade,very bright,shallow (20-50 cm),shallow (20-50 cm),"medium, light, organic","heavy, medium, light, wide, organic",moderate,low,low (<4 dS/m),medium (4-10 dS/m),"poorly (saturated >50% of year), well (dry spells)","poorly (saturated >50% of year), well (dry spells)",-25,0.0,,"subtropical humid (Cf), temperate continental (Dc)",,,poisonous to man or animals,,0.0,0.0,original_rule,edible_flag,high,Few flower milkweed,1,,leafy_herb,0,,0,0
PP:5037,both,bromus carinatus,exact_scientific_name,high,5037.0,Plant,https://permapeople.org/plants/bromus-carinatus-californian-brome,Bromus carinatus,Californian Brome,Poaceae or gramineae,"Annual, Biennial",4-8,4.0,8.0,0.8,,,1.0,Seed,,,1.0,1.0,0.0,0.0,1.0,1.0,0.0,1.0,1.0,1.0,other_productive,1.0,"Edible == true, no more specific rule matched",3912,Bromus carinatus,Hook. & Arn.,Liliopsida:Commelinidae:Cyperales:Gramineae,,,grass,erect,"annual, biennial, perennial",multi stem,forage/pasture,,10.0,18.0,2.0,22.0,500.0,900.0,350.0,1100.0,6.0,7.0,5.5,7.5,30.0,30.0,45.0,45.0,1500.0,very bright,cloudy skies,very bright,light shade,medium (50-150 cm),shallow (20-50 cm),medium,medium,high,moderate,low (<4 dS/m),low (<4 dS/m),well (dry spells),well (dry spells),-5,-1.0,"short day (<12 hours), neutral day (12-14 hours), long day (>14 hours)","steppe or semiarid (Bs), subtropical humid (Cf), subtropical dry summer (Cs), subtropical dry winter (Cw), temperate oceanic (Do), temperate continental (Dc), temperate with humid winters (Df), temperate with dry winters (Dw)",,,,,90.0,180.0,original_rule,edible_flag,high,Californian Brome,1,,other,0,,0,0
PP:5040,both,bromus marginatus,exact_scientific_name,high,5040.0,Plant,https://permapeople.org/plants/bromus-marginatus-mountain-brome,Bromus marginatus,Mountain Brome,Poaceae or gramineae,Perennial,,,,1.0,,,1.0,Seed,,Crafting,1.0,1.0,0.0,0.0,1.0,1.0,0.0,1.0,1.0,1.0,other_productive,1.0,"Edible == true, no more specific rule matched",3922,Bromus marginatus,Nees ex Steudel,Liliopsida:Commelinidae:Cyperales:Gramineae,,,grass,erect,perennial,,forage/pasture,,10.0,21.0,2.0,26.0,400.0,800.0,210.0,1200.0,6.0,6.6,5.5,7.5,20.0,20.0,50.0,50.0,2900.0,very bright,clear skies,very bright,cloudy skies,medium (50-150 cm),shallow (20-50 cm),medium,medium,moderate,low,low (<4 dS/m),medium (4-10 dS/m),well (dry spells),"poorly (saturated >50% of year), well (dry spells)",-5,-1.0,"short day (<12 hours), neutral day (12-14 hours), long day (>14 hours)","tropical wet & dry (Aw), tropical wet (Ar), desert or arid (Bw), steppe or semiarid (Bs), subtropical humid (Cf), subtropical dry summer (Cs), subtropical dry winter (Cw), temperate oceanic (Do), temperate continental (Dc), temperate with humid winters (Df), temperate with dry winters (Dw)",,,,,90.0,180.0,original_rule,edible_flag,high,Mountain Brome,1,,other,0,,0,0
PP:5043,both,broussonetia papyrifera,exact_scientific_name,high,5043.0,Plant,https://permapeople.org/plants/broussonetia-papyrifera-paper-mulberry,Broussonetia papyrifera,Paper Mulberry,Moraceae,,6-11,6.0,11.0,9.0,Medium,Trees,1.0,"Flowers, Fruit, Leaves",,"Fiber, Animal feed, Leather, textiles, Lumber",1.0,0.0,0.0,0.0,1.0,1.0,0.0,1.0,1.0,1.0,fruit_tree,1.0,Layer contains 'Tree' and Edible parts contains 'Fruit',565,Broussonetia papyrifera,(L.) Vent.,Magnoliopsida:Dilleniidae:Urticales:Moraceae,,"paper mulberry, tapa, masi, ai masi, malo, u'a, hiapo, Polynesian mulberry, Tapa plant",tree,erect,perennial,"deciduous, single stem","fruits & nuts, materials, ornamentals/turf, medicinals & aromatic",grown on small scale,15.0,28.0,12.0,38.0,800.0,2500.0,500.0,3000.0,5.0,7.5,4.5,8.0,,,41.0,43.0,2000.0,clear skies,very bright,cloudy skies,very bright,deep (>>150 cm),medium (50-150 cm),"heavy, medium, light, wide","heavy, medium, light, wide",moderate,low,,,well (dry spells),well (dry spells),-10,0.0,,"tropical wet & dry (Aw), tropical wet (Ar), subtropical humid (Cf), subtropical dry summer (Cs), subtropical dry winter (Cw)",drought,,can become a weed,,0.0,0.0,original_rule,edible_flag,high,Paper Mulberry,1,,fruit_tree,0,,0,0
PP:5111,both,artocarpus heterophyllus,exact_scientific_name,high,5111.0,Plant,https://permapeople.org/plants/artocarpus-heterophyllus-jackfruit,Artocarpus heterophyllus,Jackfruit,Moraceae,,10-12,10.0,12.0,15.0,Fast,Tall trees,1.0,"Flowers, Fruit, Leaves, Seed, Shoots","Gelatine, Gum","Adhesive, Dye, Animal feed, Fire starter, Gum, Houseplant, textiles, Resin, Erosion control, Weaving material, Tannin, Varnish, Lumber",1.0,1.0,0.0,0.0,0.0,1.0,0.0,1.0,1.0,1.0,fruit_tree,1.0,Layer contains 'Tree' and Edible parts contains 'Fruit',459,Artocarpus heterophyllus,Lam.,Magnoliopsida:Dilleniidae:Urticales:Moraceae,"Artocarpus philippensis Lamk (1789), Artocarpus brasiliensis Gomez (1812), Artocarpus maxima Blanco (1837)., Artocarpus integer (Thunb.) Merrill, Artocarpus integrifolia auct., Artocarpus integrifolia L.F & A. integra Merr., Artocarpus integrifolia L.F, Artocarpus integra Merr.","jack fruit, jackfruit, jacquiet, nangka, nongko, kapiak, langka, peignai, khnadr, miiz, miiz hnang, khanun, makmi, banun, mít, Mfenesi",tree,erect,perennial,"evergreen, single stem","fruits & nuts, medicinals & aromatic, forest/wood",grown on large scale,20.0,30.0,16.0,34.0,1500.0,3000.0,700.0,4200.0,5.5,7.5,4.3,8.0,,,25.0,30.0,1600.0,very bright,clear skies,very bright,cloudy skies,deep (>>150 cm),shallow (20-50 cm),medium,"heavy, medium, light",moderate,low,low (<4 dS/m),low (<4 dS/m),well (dry spells),well (dry spells),,,long day (>14 hours),"tropical wet & dry (Aw), tropical wet (Ar), subtropical humid (Cf), subtropical dry summer (Cs), subtropical dry winter (Cw)",,"drought, flooding",,,210.0,365.0,original_rule,edible_flag,high,Jackfruit,1,,fruit_tree,0,,0,0
PP:5113,both,avena byzantina,exact_scientific_name,high,5113.0,Plant,https://permapeople.org/plants/avena-byzantina-red-oat,Avena byzantina,Red Oat,Poaceae or gramineae,Annual,,,,,,,1.0,Seed,Coffee,"Fiber, Mulch, textiles",1.0,0.0,0.0,0.0,1.0,1.0,0.0,1.0,1.0,1.0,other_productive,1.0,"Edible == true, no more specific rule matched",3568,Avena byzantina,C. Koch,Liliopsida:Commelinidae:Cyperales:Gramineae,Avena algeriensis,"Algerian oat, red oat, Mediterranean oat, avena amarilla",grass,erect,annual,,"cereals & pseudocereals, forage/pasture",grown on small scale,18.0,24.0,2.0,36.0,600.0,900.0,400.0,1100.0,5.5,7.0,5.0,8.2,20.0,20.0,40.0,40.0,,very bright,very bright,very bright,cloudy skies,medium (50-150 cm),shallow (20-50 cm),"heavy, medium, light","heavy, medium, light",moderate,moderate,low (<4 dS/m),low (<4 dS/m),well (dry spells),well (dry spells),-10,-1.0,long day (>14 hours),"tropical wet & dry (Aw), tropical wet (Ar), steppe or semiarid (Bs), subtropical humid (Cf), subtropical dry summer (Cs), subtropical dry winter (Cw), temperate oceanic (Do), temperate continental (Dc), temperate with humid winters (Df), temperate with dry winters (Dw)",,,,,110.0,270.0,original_rule,edible_flag,high,Red Oat,1,,other,0,,0,0
PP:5118,both,avena sativa,exact_scientific_name,high,5118.0,Plant,https://permapeople.org/plants/avena-sativa-oats,Avena sativa,Oats,Poaceae or gramineae,Annual,,,,0.9,,,1.0,Seed,"Oil, Coffee","Biomass, Cosmetic, Fiber, Mulch, oil, textiles",1.0,0.0,0.0,0.0,1.0,1.0,0.0,1.0,1.0,1.0,other_productive,1.0,"Edible == true, no more specific rule matched",481,Avena sativa,L.,Liliopsida:Commelinidae:Cyperales:Gramineae,,"oat, oats, hawer, hafer, avena, avoine, avoine farine, vanlig havre, havre, almindelig havre, peltokaura, kaura, akurhafrar, saat-hafer",grass,erect,annual,,"cereals & pseudocereals, cover crop",grown on large scale,16.0,20.0,5.0,30.0,600.0,1000.0,250.0,1500.0,5.0,6.0,4.5,7.5,45.0,40.0,60.0,60.0,,very bright,very bright,very bright,cloudy skies,medium (50-150 cm),shallow (20-50 cm),"heavy, medium, light","heavy, medium, light",high,moderate,low (<4 dS/m),low (<4 dS/m),well (dry spells),well (dry spells),-15,-1.0,"neutral day (12-14 hours), long day (>14 hours)","tropical wet & dry (Aw), tropical wet (Ar), desert or arid (Bw), steppe or semiarid (Bs), subtropical humid (Cf), subtropical dry summer (Cs), subtropical dry winter (Cw), temperate oceanic (Do), temperate continental (Dc), temperate with humid winters (Df), temperate with dry winters (Dw)",,,,,110.0,270.0,original_rule,edible_flag,high,Oats,1,,other,0,,0,0
PP:5120,both,averrhoa carambola,exact_scientific_name,high,5120.0,Plant,https://permapeople.org/plants/averrhoa-carambola-carambola,Averrhoa carambola,Carambola,Oxalidaceae,,10-12,10.0,12.0,8.0,Slow,Trees,1.0,"Flowers, Fruit, Leaves",Condiment,"Dye, Fire starter, Mordant, Rust, Lumber",1.0,0.0,0.0,0.0,0.0,1.0,0.0,1.0,1.0,0.0,fruit_tree,1.0,Layer contains 'Tree' and Edible parts contains 'Fruit',483,Averrhoa carambola,L.,Magnoliopsida:Rosidae:Geraniales:Oxalidaceae,,"five corner, carambola, carambole, wi ni jaina, wi ni idia, kamrakh, star fruit, Faiv kona, karmara, belimbing pessegi, belimbing saji, belimbing batu, belembing pessegi, belembing sayur, kambola, balimbin, galangan, garahan, sirinato, wou-lien, caykhe (Indochina), vinagrillo (Dominican Rep.), mamoncillo chino (Panama), ziblime (Haiti), carnico, Indian cucumber, turiguno, cayenne lime, Chinese tamarind, sweet tamarind","shrub, tree",erect,perennial,"single stem, multi stem","fruits & nuts, materials, medicinals & aromatic",grown on small scale,24.0,30.0,5.0,39.0,1200.0,2000.0,600.0,3000.0,5.5,6.5,5.0,8.5,,,30.0,32.0,1200.0,light shade,light shade,cloudy skies,light shade,deep (>>150 cm),medium (50-150 cm),"heavy, medium, light, organic","heavy, medium, light, wide, organic",moderate,moderate,low (<4 dS/m),low (<4 dS/m),well (dry spells),well (dry spells),-2,-1.0,"short day (<12 hours), neutral day (12-14 hours), long day (>14 hours)","tropical wet & dry (Aw), tropical wet (Ar)",wind,flooding,,,240.0,365.0,original_rule,edible_flag,high,Carambola,1,,fruit_tree,0,,0,0
PP:5121,both,benincasa hispida,exact_scientific_name,high,5121.0,Plant,https://permapeople.org/plants/benincasa-hispida-wax-gourd,Benincasa hispida,Wax Gourd,Cucurbitaceae,Annual,9-11,9.0,11.0,6.0,,,1.0,"Flowers, Fruit, Leaves, Seed",,Rootstock,1.0,0.0,0.0,0.0,0.0,1.0,0.0,1.0,1.0,1.0,fruit,1.0,Edible parts contains 'Fruit' (non-tree layer),513,Benincasa hispida,(Thunb.) Cogn.,Magnoliopsida:Dilleniidae:Violales:Cucurbitaceae,Benincasa cerifera Savi,"wax gourd, winter gourd, fuzzy melon, hairy melon, Chinese squash, Chinese moqua, Chinese preserving melon, Chinese vegetable marrow, Chinese winter melon, moqua, zit-kwa",herb,climber/scrambler/scadent,annual,"multi stem, C3 photosynthesis",fruits & nuts,grown on small scale,24.0,30.0,12.0,37.0,400.0,800.0,300.0,2800.0,5.6,6.8,5.0,7.5,,,20.0,25.0,1500.0,very bright,cloudy skies,very bright,light shade,medium (50-150 cm),shallow (20-50 cm),"light, organic","heavy, medium, light",high,,low (<4 dS/m),low (<4 dS/m),well (dry spells),well (dry spells),2,0.0,"short day (<12 hours), neutral day (12-14 hours), long day (>14 hours)","tropical wet & dry (Aw), tropical wet (Ar)",,,,,80.0,160.0,original_rule,edible_flag,high,Fuzzy melon; Wax Gourd,2,,fruiting,0,,0,0
PP:5122,both,avena sterilis,exact_scientific_name,high,5122.0,Plant,https://permapeople.org/plants/avena-sterilis-sterile-oats,Avena sterilis,Sterile Oats,Poaceae or gramineae,Annual,,,,1.0,,,1.0,Seed,Coffee,"Fiber, Mulch, textiles",1.0,0.0,0.0,0.0,1.0,1.0,0.0,0.0,1.0,1.0,other_productive,1.0,"Edible == true, no more specific rule matched",3572,Avena sterilis,L.,Liliopsida:Commelinidae:Cyperales:Gramineae,,,grass,erect,annual,,"cereals & pseudocereals, forage/pasture, weed",grown on small scale,12.0,32.0,2.0,36.0,500.0,800.0,290.0,1200.0,6.5,7.5,4.5,8.0,,,34.0,55.0,2000.0,very bright,clear skies,very bright,cloudy skies,medium (50-150 cm),shallow (20-50 cm),"heavy, medium, light","heavy, medium, light",high,low,low (<4 dS/m),low (<4 dS/m),"poorly (saturated >50% of year), well (dry spells), excessive (dry/moderately dry)","poorly (saturated >50% of year), well (dry spells), excessive (dry/moderately dry)",-10,-1.0,"short day (<12 hours), neutral day (12-14 hours), long day (>14 hours)","tropical wet & dry (Aw), tropical wet (Ar), steppe or semiarid (Bs), subtropical humid (Cf), subtropical dry summer (Cs), subtropical dry winter (Cw), temperate oceanic (Do), temperate continental (Dc), temperate with humid winters (Df), temperate with dry winters (Dw)",,,can become a weed,,90.0,180.0,original_rule,edible_flag,high,Sterile Oats,1,,other,0,,0,0
PP:5138,both,beckmannia eruciformis,exact_scientific_name,high,5138.0,Plant,https://permapeople.org/plants/beckmannia-eruciformis-sloughgrass,Beckmannia eruciformis,Sloughgrass,Poaceae or gramineae,Perennial,,,,1.5,,,1.0,Seed,,textiles,1.0,1.0,0.0,0.0,0.0,1.0,1.0,1.0,1.0,1.0,other_productive,1.0,"Edible == true, no more specific rule matched",3673,Beckmannia eruciformis,(L.) Host,Liliopsida:Commelinidae:Cyperales:Gramineae,Phalaris eruciformis (L.),"slough grass, American slough grass, American sloughgrass",grass,prostrate/procumbent/semi-erect,"annual, perennial",multi stem,"cereals & pseudocereals, materials",harvested from wild,11.0,20.0,7.0,34.0,500.0,1300.0,350.0,1500.0,5.8,7.2,5.5,7.5,32.0,30.0,62.0,65.0,2000.0,cloudy skies,very bright,light shade,very bright,shallow (20-50 cm),shallow (20-50 cm),"medium, light","medium, light",moderate,moderate,low (<4 dS/m),medium (4-10 dS/m),poorly (saturated >50% of year),poorly (saturated >50% of year),-30,0.0,,"steppe or semiarid (Bs), temperate oceanic (Do), temperate continental (Dc), boreal (E)",flooding,drought,,,100.0,180.0,original_rule,edible_flag,high,Sloughgrass,1,,other,0,,0,0
PP:5147,both,lotus corniculatus,exact_scientific_name,high,5147.0,Plant,https://permapeople.org/plants/lotus-corniculatus-bird-s-foot-trefoil,Lotus corniculatus,Bird's Foot Trefoil,Fabaceae or leguminosae,Perennial,3-8,3.0,8.0,0.3,Medium,,1.0,Seedpod,,"Dye, Cover crop, Nitrogen fixer, Fragrance",1.0,0.0,0.0,0.0,1.0,1.0,0.0,1.0,1.0,1.0,other_productive,1.0,"Edible == true, no more specific rule matched",7410,Lotus corniculatus,L.,Magnoliopsida:Rosidae:Fabales:Leguminosae,,"bird's-foot trefoil, birdsfoot trefoil, bloom-fell, crow toe, sheep foot, shoes-and-stockings, babies'-slippers, cat-clover, geelblom lusern, hoenderspoor klawer, serradela, cornilhao",herb,"erect, prostrate/procumbent/semi-erect",perennial,multi stem,"forage/pasture, medicinals & aromatic",grown on small scale,15.0,25.0,3.0,30.0,600.0,1000.0,350.0,1900.0,6.0,7.0,4.5,8.2,42.0,40.0,58.0,60.0,2400.0,very bright,cloudy skies,very bright,light shade,medium (50-150 cm),shallow (20-50 cm),"heavy, medium","heavy, medium, light",high,low,low (<4 dS/m),medium (4-10 dS/m),well (dry spells),"poorly (saturated >50% of year), well (dry spells), excessive (dry/moderately dry)",-6,-1.0,"neutral day (12-14 hours), long day (>14 hours)","tropical wet & dry (Aw), tropical wet (Ar), steppe or semiarid (Bs), subtropical dry summer (Cs), temperate oceanic (Do), temperate continental (Dc), temperate with humid winters (Df), temperate with dry winters (Dw), boreal (E)",flooding,,,,90.0,270.0,original_rule,edible_flag,high,Bird's Foot Trefoil,1,,other,0,,0,0
PP:5149,both,lotus halophilus,exact_scientific_name,high,5149.0,Plant,https://permapeople.org/plants/lotus-halophilus-greater-bird-s-foot-trefoil,Lotus halophilus,Greater Bird's Foot Trefoil,Fabaceae or leguminosae,Perennial,,,,0.6,,,1.0,Seed,,Nitrogen fixer,1.0,0.0,0.0,0.0,1.0,1.0,0.0,1.0,1.0,1.0,legume,1.0,Family == Fabaceae and Edible parts contains Seed/Pod,7413,Lotus halophilus,Boiss.,Magnoliopsida:Rosidae:Fabales:Leguminosae,,,herb,,annual,multi stem,forage/pasture,,15.0,24.0,4.0,28.0,250.0,500.0,100.0,700.0,6.5,7.5,6.0,8.0,28.0,25.0,42.0,45.0,,very bright,clear skies,very bright,cloudy skies,shallow (20-50 cm),shallow (20-50 cm),light,"heavy, medium, light",moderate,low,low (<4 dS/m),low (<4 dS/m),well (dry spells),"well (dry spells), excessive (dry/moderately dry)",,,long day (>14 hours),"desert or arid (Bw), steppe or semiarid (Bs)",,,,,40.0,120.0,original_rule,edible_flag,high,Greater Bird's Foot Trefoil,1,,legume,0,,0,0
PP:5151,both,lotus edulis,exact_scientific_name,high,5151.0,Plant,https://permapeople.org/plants/lotus-edulis,Lotus edulis,Lotus edulis,Fabaceae or leguminosae,Annual,,,,0.1,,,1.0,Seedpod,,Nitrogen fixer,1.0,0.0,0.0,0.0,1.0,1.0,0.0,1.0,1.0,0.0,other_productive,1.0,"Edible == true, no more specific rule matched",7412,Lotus edulis,L.,Magnoliopsida:Rosidae:Fabales:Leguminosae,,,herb,prostrate/procumbent/semi-erect,annual,multi stem,"pulses (grain legumes), forage/pasture",,15.0,24.0,4.0,28.0,500.0,700.0,300.0,900.0,6.5,7.5,6.0,8.0,32.0,30.0,43.0,45.0,,very bright,clear skies,very bright,cloudy skies,shallow (20-50 cm),shallow (20-50 cm),light,"heavy, medium, light",moderate,low,low (<4 dS/m),low (<4 dS/m),well (dry spells),"well (dry spells), excessive (dry/moderately dry)",-2,0.0,long day (>14 hours),"steppe or semiarid (Bs), subtropical dry summer (Cs)",,,,,120.0,180.0,original_rule,edible_flag,high,Lotus edulis,1,,other,0,,0,0
PP:5199,both,girardinia diversifolia,exact_scientific_name,high,5199.0,Plant,https://permapeople.org/plants/girardinia-diversifolia-himalayan-nettle,Girardinia diversifolia,Himalayan Nettle,Urticaceae,"Annual, Perennial",,,,3.0,,,1.0,Leaves,,Fiber,1.0,1.0,0.0,0.0,0.0,1.0,0.0,1.0,1.0,1.0,vegetable,1.0,Edible parts contains Leaves/Stem/Flowers,38133,Girardinia diversifolia,,,,,herb,erect,"annual, perennial",multi stem,"materials, medicinals & aromatic","grown on small scale, harvested from wild",12.0,18.0,8.0,28.0,1500.0,3500.0,1300.0,4000.0,6.5,7.5,6.0,8.0,5.0,,35.0,40.0,3000.0,cloudy skies,very bright,light shade,very bright,medium (50-150 cm),medium (50-150 cm),"heavy, medium, light, wide","heavy, medium, light, wide",high,moderate,,,well (dry spells),well (dry spells),,,,"subtropical humid (Cf), temperate continental (Dc)",,,,,120.0,240.0,original_rule,edible_flag,high,Himalayan Nettle,1,,leafy_herb,0,,0,0
PP:5212,both,lathyrus cicera,exact_scientific_name,high,5212.0,Plant,https://permapeople.org/plants/lathyrus-cicera-chickling-vetch,Lathyrus cicera,Chickling Vetch,Fabaceae or leguminosae,Annual,,,,,,,1.0,"Seed, Seedpod",,Nitrogen fixer,1.0,0.0,0.0,0.0,0.0,1.0,0.0,1.0,1.0,1.0,legume,1.0,Family == Fabaceae and Edible parts contains Seed/Pod,7156,Lathyrus cicera,L.,Magnoliopsida:Rosidae:Fabales:Leguminosae,,"chickling vetch, falcon pea, vetchling, pea - falcon, fodder peas, chícaro menudo",herb,prostrate/procumbent/semi-erect,annual,multi stem,forage/pasture,,10.0,18.0,4.0,22.0,400.0,600.0,300.0,700.0,6.5,7.5,6.0,8.0,30.0,30.0,45.0,45.0,1000.0,very bright,very bright,very bright,clear skies,shallow (20-50 cm),shallow (20-50 cm),heavy,"heavy, medium, light",moderate,low,low (<4 dS/m),low (<4 dS/m),well (dry spells),well (dry spells),,,"short day (<12 hours), neutral day (12-14 hours), long day (>14 hours)","steppe or semiarid (Bs), subtropical dry summer (Cs)",,,,,150.0,180.0,original_rule,edible_flag,high,Chickling Vetch,1,,legume,0,,0,0
PP:5229,both,thymus serpyllum,exact_scientific_name,high,5229.0,Plant,https://permapeople.org/plants/thymus-serpyllum-wild-thyme,Thymus serpyllum,Wild Thyme,Lamiaceae or labiatae,,5-9,5.0,9.0,0.1,Medium,Shrubs,1.0,Leaves,Tea,"Deodorant, Disinfectant, Essential Oil, antifungal, Ground cover, Fragrance",1.0,0.0,0.0,0.0,1.0,1.0,0.0,1.0,1.0,0.0,vegetable,1.0,Edible parts contains Leaves/Stem/Flowers,10432,Thymus serpyllum,L.,Magnoliopsida:Asteridae:Lamiales:Labiatae,,"thyme, wild thyme, mother of thyme, serpolet, thym sauvage, Thymian, wilder Thymian, timian, Serpylli herba, Aetheroleum serpylli",shrub,"erect, prostrate/procumbent/semi-erect",perennial,,medicinals & aromatic,harvested from wild,11.0,22.0,4.0,26.0,700.0,900.0,500.0,1200.0,5.0,6.0,4.5,7.8,,,,,,very bright,very bright,very bright,clear skies,medium (50-150 cm),shallow (20-50 cm),light,"medium, light",low,low,low (<4 dS/m),low (<4 dS/m),well (dry spells),"well (dry spells), excessive (dry/moderately dry)",-5,0.0,long day (>14 hours),"steppe or semiarid (Bs), subtropical dry summer (Cs), temperate oceanic (Do), temperate continental (Dc)",,,,,120.0,180.0,original_rule,edible_flag,high,Wild Thyme,1,,leafy_herb,0,,0,0
PP:5233,both,vateria indica,exact_scientific_name,high,5233.0,Plant,https://permapeople.org/plants/vateria-indica-white-dammar,Vateria indica,White Dammar,Dipterocarpaceae,,10-12,10.0,12.0,40.0,Slow,Tall trees,1.0,"Inner bark, Seed","Oil, Condiment","Crafting, Lighting, oil, Resin, Tannin, Varnish, Lumber",1.0,1.0,0.0,1.0,0.0,1.0,0.0,1.0,1.0,0.0,other_productive,1.0,"Edible == true, no more specific rule matched",10741,Vateria indica,L.,Magnoliopsida:Dilleniidae:Malvales:Dipterocarpaceae,,"Indian copal/eng, piney tree/eng, white dammar/eng, dhupa/eng, Malabar tallow tree/eng, goma copal/pot, goma da India/por",tree,erect,perennial,"evergreen, single stem",forest/wood,,24.0,33.0,17.0,38.0,2500.0,3000.0,2000.0,3500.0,5.0,6.0,4.5,6.9,5.0,5.0,20.0,20.0,760.0,very bright,cloudy skies,very bright,heavy shade,deep (>>150 cm),deep (>>150 cm),"light, organic",light,high,moderate,low (<4 dS/m),low (<4 dS/m),well (dry spells),well (dry spells),14,14.0,short day (<12 hours),tropical wet & dry (Aw),,,,,300.0,330.0,original_rule,edible_flag,high,White Dammar,1,,other,0,,0,0
PP:5243,both,tetragonia tetragonioides,exact_scientific_name,high,5243.0,Plant,https://permapeople.org/plants/tetragonia-tetragonioides-new-zealand-spinach,Tetragonia tetragonioides,New Zealand Spinach,Aizoaceae,Perennial,8-11,8.0,11.0,0.2,Fast,,1.0,Shoots,,,1.0,0.0,0.0,0.0,1.0,1.0,0.0,1.0,1.0,0.0,other_productive,1.0,"Edible == true, no more specific rule matched",10370,Tetragonia tetragonioides,(Pallas) O. Kuntze,Magnoliopsida:Caryophyllidae:Caryophyllales:Aizoaceae,,,herb,prostrate/procumbent/semi-erect,"annual, biennial",multi stem,vegetables,grown on small scale,19.0,28.0,10.0,36.0,900.0,1200.0,700.0,3000.0,6.5,7.0,6.0,7.5,20.0,,40.0,40.0,1700.0,very bright,very bright,very bright,cloudy skies,medium (50-150 cm),shallow (20-50 cm),"light, organic","medium, light",moderate,low,low (<4 dS/m),medium (4-10 dS/m),well (dry spells),"well (dry spells), excessive (dry/moderately dry)",,,long day (>14 hours),"subtropical humid (Cf), subtropical dry summer (Cs), subtropical dry winter (Cw), temperate oceanic (Do), temperate continental (Dc), temperate with humid winters (Df), temperate with dry winters (Dw)",drought,,,"home garden, small scale (manual)",120.0,270.0,original_rule,edible_flag,high,New Zealand Spinach; Warrigal Greens,2,,other,0,,1,0
PP:5281,both,dioscorea trifida,exact_scientific_name,high,5281.0,Plant,https://permapeople.org/plants/dioscorea-trifida-cush-cush-yam,Dioscorea trifida,Cush Cush Yam,Dioscoreaceae,Perennial,10-12,10.0,12.0,3.0,Fast,Vines,1.0,Root,,,1.0,1.0,0.0,0.0,0.0,1.0,0.0,1.0,1.0,1.0,root_crop,1.0,Layer or Edible parts indicates Root/Tuber,5429,Dioscorea trifida,L.,Liliopsida:Liliidae:Dioscoreales:Dioscoreaceae,,"cush-cush, yampee, Indian yam, cara' mimoso, cara' doce, nambu",vine,climber/scrambler/scadent,perennial,multi stem,roots/tubers,grown on small scale,18.0,26.0,10.0,36.0,1200.0,2600.0,1000.0,4000.0,6.0,6.7,5.3,8.0,,,,,,very bright,clear skies,very bright,cloudy skies,deep (>>150 cm),medium (50-150 cm),"heavy, medium, light","heavy, medium, light",high,moderate,low (<4 dS/m),,well (dry spells),well (dry spells),7,7.0,short day (<12 hours),"tropical wet & dry (Aw), tropical wet (Ar), subtropical humid (Cf), subtropical dry summer (Cs), subtropical dry winter (Cw)",,,,,280.0,330.0,original_rule,edible_flag,high,Cush Cush Yam,1,,root,0,,0,0
PP:5288,both,erythrina edulis,exact_scientific_name,high,5288.0,Plant,https://permapeople.org/plants/erythrina-edulis-balu-andean-tree-bean,Erythrina edulis,Balu Andean tree bean,Fabaceae,,10-12,10.0,12.0,10.0,Fast,Trees,1.0,Seed,,"Fencing, Animal feed, Fire starter, Mulch, Pioneer, Lumber, Nitrogen fixer",1.0,0.0,0.0,0.0,1.0,1.0,0.0,1.0,1.0,1.0,legume,1.0,Family == Fabaceae and Edible parts contains Seed/Pod,5805,Erythrina edulis,Triana ex M. Micheli,Magnoliopsida:Rosidae:Fabales:Leguminosae,Erythrina esculenta,"basul, balù, antipurutu, baluy, chachafruto, chafruto, sachafruto, sachapuruto, calù, frisol ca1ù, nopas, pajuro, sachaporoto, sacha purutu",tree,erect,perennial,"deciduous, single stem","pulses (grain legumes), forage/pasture, medicinals & aromatic, forest/wood, environmental",grown on small scale,15.0,22.0,5.0,25.0,600.0,1500.0,450.0,1800.0,5.5,7.0,4.5,8.0,,,,,3200.0,clear skies,very bright,light shade,very bright,deep (>>150 cm),deep (>>150 cm),"heavy, medium, light, wide","heavy, medium, light, wide",moderate,low,low (<4 dS/m),low (<4 dS/m),well (dry spells),well (dry spells),,,short day (<12 hours),"tropical wet & dry (Aw), steppe or semiarid (Bs), subtropical dry summer (Cs)",,,,,365.0,365.0,original_rule,edible_flag,high,Balu Andean tree bean,1,,legume,0,,0,0
PP:5299,permapeople_only,milicia excelsa,ecocrop_only,,5299.0,Plant,https://permapeople.org/plants/milicia-excelsa-african-teak,Milicia excelsa,African Teak,Moraceae,,10-12,10.0,12.0,50.0,Medium,Tall trees,1.0,"Fruit, Leaves",Condiment,"Fire starter, Dye, Lumber, Hair, Mulch, Pioneer, Roofing, Sandpaper, Soil conditioner",1.0,0.0,0.0,0.0,1.0,1.0,0.0,1.0,1.0,1.0,fruit_tree,1.0,Layer contains 'Tree' and Edible parts contains 'Fruit',4510,Chlorophora excelsa,(Welw.) Benth.,,"Milicia africana Sim., Milicia excelsa (Welw.) C. Berg","iroko tree, African teak, Nigerian teak, odoom tree, rock elm, counter wood, muvule, mvule, loko, oji, iroko, iroco, moreira, intule, pau bicho-amarelo, mukamba-kamba, mecuco, mucuco, mucoco, mucumba'-vleme', mugunda",tree,erect,perennial,"deciduous, single stem","medicinals & aromatic, forest/wood",,18.0,33.0,12.0,36.0,1000.0,1800.0,700.0,2500.0,5.0,6.5,4.5,7.5,,,10.0,18.0,2200.0,very bright,very bright,very bright,clear skies,deep (>>150 cm),deep (>>150 cm),medium,"heavy, medium",high,moderate,low (<4 dS/m),low (<4 dS/m),well (dry spells),well (dry spells),,,short day (<12 hours),"tropical wet & dry (Aw), tropical wet (Ar)",,,,,270.0,365.0,original_rule,edible_flag,high,African Teak; iroko tree,2,,fruit_tree,0,,0,0
PP:5316,both,cyperus rotundus,exact_scientific_name,high,5316.0,Plant,https://permapeople.org/plants/cyperus-rotundus-nut-grass,Cyperus rotundus,Nut Grass,Cyperaceae,Perennial,,,,0.6,,,1.0,"Root, Seed",,"Essential Oil, Weaving material, Fragrance",1.0,0.0,0.0,0.0,0.0,1.0,1.0,1.0,1.0,0.0,root_crop,1.0,Layer or Edible parts indicates Root/Tuber,856,Cyperus rotundus,L.,Liliopsida:Commelinidae:Cyperales:Cyperaceae,,"purple nut grass, round cyperus, sweet cyperus, nutsedge, purple nutsedge, souchet rond, teki, mota, karelawai, kyang-boo-ja, rumput, haliya hitan, mothe, s'ad, s'ad kufi, nagar-motha, dela ghea, deela, mutha, balangot, baga-as, tikog, ya sam liam, haeo mu, ya haeo mu, co gau, cu gau, co cu, huong phu, sa thao, nha khuon mu, tung ghay",grass,erect,perennial,,"forage/pasture, medicinals & aromatic",grown on small scale,24.0,32.0,10.0,45.0,500.0,3000.0,300.0,4200.0,5.5,7.0,3.5,8.0,,,30.0,35.0,1800.0,very bright,clear skies,very bright,light shade,shallow (20-50 cm),shallow (20-50 cm),"heavy, medium","heavy, medium, light",moderate,low,low (<4 dS/m),low (<4 dS/m),"poorly (saturated >50% of year), well (dry spells)","poorly (saturated >50% of year), well (dry spells), excessive (dry/moderately dry)",-5,0.0,short day (<12 hours),"tropical wet & dry (Aw), tropical wet (Ar), steppe or semiarid (Bs), subtropical humid (Cf), subtropical dry summer (Cs), subtropical dry winter (Cw)",,,,,120.0,180.0,original_rule,edible_flag,high,Nut Grass,1,,root,0,,0,0
PP:5318,both,cyperus longus,exact_scientific_name,high,5318.0,Plant,https://permapeople.org/plants/cyperus-longus-galingale,Cyperus longus,Galingale,Cyperaceae,Perennial,6-9,6.0,9.0,1.2,Fast,,1.0,Root,Condiment,"Weaving material, Essential Oil, textiles, Fragrance",1.0,0.0,0.0,0.0,0.0,1.0,1.0,1.0,1.0,1.0,root_crop,1.0,Layer or Edible parts indicates Root/Tuber,5163,Cyperus longus,L.,Liliopsida:Commelinidae:Cyperales:Cyperaceae,Cyperus fenzelianus Steud.,"galingale, cyperus, English galingale, sweet cyperus, sweet galingale, souchet odorant, hohes Zypergras, langes Zypergras, fladaks, zigolo commune",herb,erect,perennial,"evergreen, multi stem","vegetables, materials, ornamentals/turf, medicinals & aromatic",,14.0,32.0,10.0,45.0,300.0,900.0,100.0,1000.0,5.5,7.5,5.0,8.0,20.0,,40.0,55.0,500.0,clear skies,very bright,light shade,very bright,shallow (20-50 cm),shallow (20-50 cm),medium,"heavy, medium, light, wide, organic",moderate,low,low (<4 dS/m),medium (4-10 dS/m),"poorly (saturated >50% of year), well (dry spells)","poorly (saturated >50% of year), well (dry spells)",-15,0.0,,"tropical wet & dry (Aw), desert or arid (Bw), steppe or semiarid (Bs), subtropical humid (Cf), subtropical dry summer (Cs)",flooding,,,,0.0,0.0,original_rule,edible_flag,high,Galingale,1,,root,0,,0,0
PP:5319,both,cyphomandra betacea,exact_scientific_name,high,5319.0,Plant,https://permapeople.org/plants/cyphomandra-betacea-tree-tomato,Cyphomandra betacea,Tree Tomato,Solanaceae,,8-11,8.0,11.0,5.0,Fast,Trees,1.0,Fruit,,Fragrance,1.0,0.0,0.0,0.0,0.0,1.0,0.0,1.0,1.0,1.0,fruit_tree,1.0,Layer contains 'Tree' and Edible parts contains 'Fruit',859,Cyphomandra betacea,(Cav.) Sendtner,Magnoliopsida:Asteridae:Solanales:Solanaceae,"Cyphomandra hartwegi Sendt., Solanum betaceum Cav.","tree tomato, tamarillo, yellow tree tomato, tomate d'arbre, tamarille, tomate de palo, tomate de árbol, palo de tomate, tomate granadillo, pix, caxlan pix, tomate dulce, tomate francés, sachatomate, yuncatomate, limatomate, tomate de monte, tomate de La Paz","herb, shrub, tree",erect,perennial,"single stem, multi stem","fruits & nuts, materials, medicinals & aromatic","grown on large scale, grown on small scale",16.0,22.0,10.0,30.0,2000.0,2600.0,600.0,4000.0,6.3,7.0,5.8,7.5,,,10.0,40.0,2800.0,very bright,very bright,very bright,cloudy skies,shallow (20-50 cm),shallow (20-50 cm),"medium, light","heavy, medium, light, organic",high,moderate,low (<4 dS/m),low (<4 dS/m),well (dry spells),well (dry spells),-2,-2.0,"short day (<12 hours), neutral day (12-14 hours)","tropical wet & dry (Aw), tropical wet (Ar), subtropical humid (Cf)",,,,"home garden, large scale/commercial",270.0,330.0,original_rule,edible_flag,high,Tree Tomato,1,,fruit_tree,0,,1,0
PP:5321,both,coronilla varia,exact_scientific_name,high,5321.0,Plant,https://permapeople.org/plants/coronilla-varia-crown-vetch,Coronilla varia,Crown Vetch,Fabaceae or leguminosae,Perennial,4-9,4.0,9.0,0.3,Fast,,1.0,,Oil,"Pest control, oil, Erosion control, Ground cover, Nitrogen fixer",1.0,0.0,0.0,0.0,1.0,1.0,0.0,1.0,1.0,1.0,other_productive,1.0,"Edible == true, no more specific rule matched",4884,Coronilla varia,L.,,,"crown vetch, coronilha",herb,prostrate/procumbent/semi-erect,perennial,multi stem,"forage/pasture, cover crop, environmental, weed",grown on large scale,15.0,28.0,10.0,40.0,600.0,800.0,300.0,1000.0,6.0,7.0,5.0,8.0,30.0,25.0,65.0,70.0,900.0,clear skies,very bright,light shade,very bright,medium (50-150 cm),shallow (20-50 cm),"heavy, medium","heavy, medium",high,low,low (<4 dS/m),medium (4-10 dS/m),well (dry spells),well (dry spells),-5,-1.0,"short day (<12 hours), neutral day (12-14 hours), long day (>14 hours)","steppe or semiarid (Bs), subtropical humid (Cf), subtropical dry summer (Cs), temperate oceanic (Do), temperate continental (Dc)",drought,,can become a weed,,180.0,300.0,original_rule,edible_flag,high,Crown Vetch,1,,other,0,,0,0
PP:5330,both,prosopis africana,exact_scientific_name,high,5330.0,Plant,https://permapeople.org/plants/prosopis-africana-pau-carvao-mesquite-iron-tree,Prosopis africana,Pau Carvão Mesquite Iron tree,Fabaceae,,10-12,10.0,12.0,10.0,Slow,Trees,1.0,Seed,,Animal feed,1.0,0.0,0.0,0.0,0.0,1.0,0.0,1.0,1.0,1.0,legume,1.0,Family == Fabaceae and Edible parts contains Seed/Pod,8944,Prosopis africana,(Guill. & Perr.) Taubert,Magnoliopsida:Rosidae:Fabales:Leguminosae,,,tree,erect,perennial,"deciduous, single stem","forage/pasture, materials, ornamentals/turf, medicinals & aromatic, forest/wood, environmental",,22.0,35.0,18.0,40.0,300.0,500.0,200.0,700.0,5.5,7.0,5.0,7.5,5.0,5.0,20.0,30.0,1000.0,very bright,very bright,very bright,very bright,medium (50-150 cm),shallow (20-50 cm),"heavy, medium, light, wide","heavy, medium, light, wide",moderate,low,low (<4 dS/m),low (<4 dS/m),well (dry spells),well (dry spells),,,,"tropical wet & dry (Aw), steppe or semiarid (Bs)",,,,,365.0,365.0,original_rule,edible_flag,high,Pau Carvão Mesquite Iron tree,1,,legume,0,,0,0
PP:5333,both,dipteryx odorata,exact_scientific_name,high,5333.0,Plant,https://permapeople.org/plants/dipteryx-odorata-tonka-bean,Dipteryx odorata,Tonka Bean,Fabaceae,,10-12,10.0,12.0,30.0,Medium,Tall trees,1.0,"Seed, Seedpod",,"Cosmetic, Fencing, Hair, Fragrance, Lumber, Nitrogen fixer",1.0,1.0,0.0,0.0,0.0,1.0,0.0,1.0,1.0,1.0,legume,1.0,Family == Fabaceae and Edible parts contains Seed/Pod,5505,Dipteryx odorata,(Aublet) Willd.,Magnoliopsida:Rosidae:Fabales:Leguminosae,"Coumarouna odorata Aubl., Coumarouna micrantha (Harms) Ducke","tonka bean, Dutch tonka bean, coumara nut, fava-tonca, feijao baru, feijao coco, cumaru verdadeiro, sarrapia'",tree,erect,perennial,single stem,materials,,22.0,30.0,16.0,34.0,2000.0,2500.0,1300.0,4000.0,5.5,6.5,5.0,8.5,,,10.0,10.0,,clear skies,light shade,clear skies,light shade,deep (>>150 cm),medium (50-150 cm),"heavy, medium, light, organic","heavy, medium, light",moderate,low,low (<4 dS/m),low (<4 dS/m),"poorly (saturated >50% of year), well (dry spells)","poorly (saturated >50% of year), well (dry spells)",,,short day (<12 hours),"tropical wet & dry (Aw), tropical wet (Ar)",,,,,240.0,300.0,original_rule,edible_flag,high,Tonka Bean,1,,legume,0,,0,0
PP:5335,both,coula edulis,exact_scientific_name,high,5335.0,Plant,https://permapeople.org/plants/coula-edulis-african-walnut,Coula edulis,African Walnut,Olacaceae,,10-12,10.0,12.0,20.0,Medium,Tall trees,1.0,Seed,"Oil, Condiment","Fire starter, Lumber, oil",1.0,1.0,0.0,0.0,0.0,1.0,0.0,1.0,1.0,1.0,nut,1.0,Common name contains 'nut' or Edible uses contains 'Nut',4916,Coula edulis,Baill.,Magnoliopsida:Rosidae:Santalales:Olacaceae,,African walnut,tree,erect,perennial,"evergreen, single stem","fruits & nuts, forest/wood",,25.0,35.0,20.0,40.0,1000.0,2000.0,800.0,2500.0,5.0,6.5,4.5,7.0,,,15.0,20.0,,clear skies,very bright,light shade,very bright,deep (>>150 cm),deep (>>150 cm),"heavy, medium, light, wide, organic","heavy, medium, light, wide, organic",moderate,moderate,low (<4 dS/m),low (<4 dS/m),well (dry spells),well (dry spells),,,,"tropical wet & dry (Aw), tropical wet (Ar)",,,,,365.0,365.0,original_rule,edible_flag,high,African Walnut,1,,fruit_tree,0,,0,0
PP:5338,both,cyamopsis tetragonoloba,exact_scientific_name,high,5338.0,Plant,https://permapeople.org/plants/cyamopsis-tetragonoloba-guar,Cyamopsis tetragonoloba,Guar,Fabaceae,Perennial,10-12,10.0,12.0,2.0,Fast,,1.0,"Leaves, Seed, Seedpod","Gum, Stabilizer","Filter, Cover crop, Gum, Nitrogen fixer",1.0,0.0,0.0,0.0,1.0,1.0,0.0,1.0,1.0,0.0,legume,1.0,Family == Fabaceae and Edible parts contains Seed/Pod,830,Cyamopsis tetragonoloba,(L.) Taub.,Magnoliopsida:Rosidae:Fabales:Leguminosae,C. psoralioides DC.,"guar bean, cluster bean, cyamopse a quatre ailes, guar, guaerdou, cottaveraykai, kothaverai, babachi, bavachi, capparadavari, gawarkai, goreekaye, guvarphalli, goor-chikurkai, gorechikudi, guanra chhuim, jhar sim, kotha-marakka, kothavara, kotaranga, walee-pe, kottavarai, mgwaru, gavar, gawar, goor, gowaree, gouree, govar, guara, gunwar",herb,erect,annual,,"forage/pasture, fruits & nuts, vegetables, materials, medicinals & aromatic",grown on large scale,25.0,35.0,10.0,45.0,500.0,800.0,400.0,2700.0,7.5,8.0,5.5,8.5,,,30.0,30.0,1000.0,very bright,very bright,very bright,clear skies,medium (50-150 cm),shallow (20-50 cm),"medium, light","heavy, medium, light",moderate,low,low (<4 dS/m),medium (4-10 dS/m),well (dry spells),"well (dry spells), excessive (dry/moderately dry)",,,"short day (<12 hours), neutral day (12-14 hours)","tropical wet & dry (Aw), tropical wet (Ar), steppe or semiarid (Bs), subtropical humid (Cf), subtropical dry summer (Cs), subtropical dry winter (Cw), temperate oceanic (Do), temperate continental (Dc), temperate with humid winters (Df), temperate with dry winters (Dw)",,humidity,,large scale/commercial,90.0,160.0,original_rule,edible_flag,high,Guar,1,,legume,0,,0,0
PP:5356,both,erythrina poeppigiana,exact_scientific_name,high,5356.0,Plant,https://permapeople.org/plants/erythrina-poeppigiana-mountain-immortelle-madre-de-cacao,Erythrina poeppigiana,Mountain Immortelle Madre de Cacao,Fabaceae,,10-12,10.0,12.0,25.0,Fast,Tall trees,1.0,Flowers,,Animal feed,1.0,0.0,0.0,0.0,1.0,1.0,0.0,1.0,1.0,1.0,vegetable,1.0,Edible parts contains Leaves/Stem/Flowers,5809,Erythrina poeppigiana,(Walp.) Cook,Magnoliopsida:Rosidae:Fabales:Leguminosae,,,tree,erect,perennial,"evergreen, deciduous, single stem","forage/pasture, forest/wood, environmental",,22.0,28.0,16.0,36.0,1000.0,4000.0,800.0,4500.0,5.0,7.0,4.3,7.5,,,15.0,20.0,2000.0,clear skies,very bright,clear skies,very bright,deep (>>150 cm),deep (>>150 cm),medium,medium,moderate,low,low (<4 dS/m),low (<4 dS/m),well (dry spells),well (dry spells),,,,"tropical wet & dry (Aw), tropical wet (Ar)",,,,,365.0,365.0,original_rule,edible_flag,high,Mountain Immortelle Madre de Cacao,1,,leafy_herb,0,,0,0
PP:5365,both,chlorogalum pomeridianum,exact_scientific_name,high,5365.0,Plant,https://permapeople.org/plants/chlorogalum-pomeridianum-soap-lily,Chlorogalum pomeridianum,Soap Lily,Hyacinthaceae,,7-10,7.0,10.0,2.0,,Herbs,1.0,"Leaves, Root",,"Adhesive, Fiber, Soap",1.0,1.0,0.0,0.0,0.0,1.0,0.0,1.0,1.0,1.0,root_crop,1.0,Layer or Edible parts indicates Root/Tuber,4509,Chlorogalum pomeridianum,(DC.) Kunth,Liliopsida:Liliidae:Asparagales:Hyacinthaceae,,"amole, soap plant, soap bulb, soap apple, California soap root",herb,acaulescent (or rosette plants),perennial,single stem,"roots/tubers, vegetables, materials, medicinals & aromatic",,14.0,28.0,12.0,32.0,300.0,700.0,260.0,760.0,6.5,7.5,6.0,8.0,30.0,28.0,40.0,42.0,1500.0,cloudy skies,very bright,light shade,very bright,medium (50-150 cm),shallow (20-50 cm),"heavy, medium, light, wide, organic","heavy, medium, light, wide, organic",high,moderate,,,well (dry spells),well (dry spells),-20,0.0,,subtropical dry summer (Cs),drought,,,,0.0,0.0,original_rule,edible_flag,high,Soap Lily,1,,root,0,,0,0
PP:5375,both,crambe maritima,exact_scientific_name,high,5375.0,Plant,https://permapeople.org/plants/crambe-maritima-sea-kale,Crambe maritima,Sea Kale,Brassicaceae or cruciferae,Perennial,4-8,4.0,8.0,0.6,,,1.0,"Flowers, Leaves, Root, Shoots",,Ground cover,1.0,1.0,0.0,0.0,1.0,1.0,0.0,1.0,1.0,1.0,root_crop,1.0,Layer or Edible parts indicates Root/Tuber,4926,Crambe maritima,L.,Magnoliopsida:Dilleniidae:Capparales:Cruciferae,,sea kale,herb,erect,perennial,multi stem,"vegetables, medicinals & aromatic","grown on small scale, harvested from wild",14.0,24.0,4.0,28.0,600.0,1000.0,400.0,1300.0,6.5,7.5,6.0,8.0,40.0,40.0,60.0,60.0,200.0,very bright,very bright,very bright,clear skies,deep (>>150 cm),medium (50-150 cm),light,"medium, light",moderate,moderate,low (<4 dS/m),medium (4-10 dS/m),"well (dry spells), excessive (dry/moderately dry)","well (dry spells), excessive (dry/moderately dry)",-5,-1.0,"short day (<12 hours), neutral day (12-14 hours), long day (>14 hours)","subtropical dry summer (Cs), temperate oceanic (Do)",,,,,120.0,180.0,original_rule,edible_flag,high,Sea Kale,1,,leafy_herb,0,,0,0
PP:5376,both,crambe abyssinica,exact_scientific_name,high,5376.0,Plant,https://permapeople.org/plants/crambe-abyssinica-abyssinian-kale,Crambe abyssinica,Abyssinian Kale,Brassicaceae or cruciferae,Annual,10-12,10.0,12.0,1.0,,Herbs,1.0,,Oil,"Biomass, oil",1.0,1.0,0.0,0.0,0.0,1.0,0.0,1.0,1.0,1.0,other_productive,1.0,"Edible == true, no more specific rule matched",4922,Crambe abyssinica,Hochst. ex R.E. Fries,Magnoliopsida:Dilleniidae:Capparales:Cruciferae,"Crambe hispanica A. Rich., non L.","crambe, Abyssinian kale, chou de Abyssinie, colewort, Eurasian oilseed",herb,erect,annual,,"forage/pasture, materials",,15.0,25.0,10.0,35.0,800.0,1500.0,700.0,2500.0,6.0,7.5,5.0,8.0,30.0,,50.0,65.0,2500.0,very bright,very bright,very bright,cloudy skies,medium (50-150 cm),shallow (20-50 cm),medium,medium,moderate,moderate,low (<4 dS/m),low (<4 dS/m),well (dry spells),"poorly (saturated >50% of year), well (dry spells)",-5,-1.0,"short day (<12 hours), neutral day (12-14 hours), long day (>14 hours)","tropical wet & dry (Aw), subtropical dry summer (Cs), temperate oceanic (Do), boreal (E)",,hail,,,90.0,100.0,original_rule,edible_flag,high,Abyssinian Kale,1,,other,0,,0,0
PP:5377,both,crambe cordifolia,exact_scientific_name,high,5377.0,Plant,https://permapeople.org/plants/crambe-cordifolia-flowering-sea-kale,Crambe cordifolia,Flowering sea kale,Brassicaceae or cruciferae,Perennial,5-9,5.0,9.0,2.0,,,1.0,"Leaves, Root",,"Ground cover, Fragrance",1.0,1.0,0.0,0.0,1.0,1.0,0.0,1.0,1.0,1.0,root_crop,1.0,Layer or Edible parts indicates Root/Tuber,4923,Crambe cordifolia,Steven,Magnoliopsida:Dilleniidae:Capparales:Cruciferae,,"crambe, colewort, ornamental sea kale",herb,erect,perennial,multi stem,ornamentals/turf,grown on small scale,15.0,24.0,12.0,36.0,500.0,800.0,400.0,1000.0,6.5,8.0,6.0,8.5,,,,,,clear skies,very bright,light shade,very bright,deep (>>150 cm),medium (50-150 cm),"heavy, medium, organic","heavy, medium, organic",high,moderate,,,well (dry spells),well (dry spells),-30,0.0,,"subtropical humid (Cf), subtropical dry summer (Cs), subtropical dry winter (Cw), temperate oceanic (Do), temperate continental (Dc), temperate with humid winters (Df), temperate with dry winters (Dw)",,,,home garden,150.0,365.0,original_rule,edible_flag,high,Flowering sea kale,1,,leafy_herb,0,,1,0
PP:5405,both,erythroxylum coca,exact_scientific_name,high,5405.0,Plant,https://permapeople.org/plants/erythroxylum-coca-coca,Erythroxylum coca,Coca,Erythroxylaceae,,10-12,10.0,12.0,1.5,Medium,Shrubs,1.0,"Leaves, Seed","Drink, Tea",,1.0,0.0,0.0,0.0,0.0,1.0,0.0,1.0,1.0,1.0,vegetable,1.0,Edible parts contains Leaves/Stem/Flowers,14047,Erythroxylum coca,,Magnoliopsida:Rosidae:Linales:Erythroxylaceae,,"coca leaf, coca, Peru coca","shrub, tree",erect,perennial,"single stem, multi stem",medicinals & aromatic,grown on small scale,17.0,23.0,14.0,27.0,1000.0,2100.0,700.0,4000.0,5.5,6.5,4.3,8.0,,,40.0,40.0,,very bright,very bright,very bright,clear skies,deep (>>150 cm),medium (50-150 cm),medium,"heavy, medium, light",high,moderate,low (<4 dS/m),low (<4 dS/m),well (dry spells),well (dry spells),-5,-1.0,short day (<12 hours),"tropical wet & dry (Aw), tropical wet (Ar), subtropical humid (Cf), subtropical dry summer (Cs), subtropical dry winter (Cw)",,,,,150.0,180.0,original_rule,edible_flag,high,Coca,1,,leafy_herb,0,,0,0
PP:5406,both,sclerocarya birrea,species_binomial_inheritance,medium,5406.0,Plant,https://permapeople.org/plants/sclerocarya-birrea-marula,Sclerocarya birrea,Marula,Anacardiaceae,,10-12,10.0,12.0,13.0,Fast,Trees,1.0,"Fruit, Seed",Oil,oil,1.0,0.0,0.0,0.0,1.0,1.0,0.0,1.0,1.0,1.0,fruit_tree,1.0,Layer contains 'Tree' and Edible parts contains 'Fruit',45894,Sclerocarya birrea ssp. caffra,(Sond.) J.O. Kokwaro.,Magnoliopsida:Rosidae:Sapindales:Anacardiaceae,"Sclerocarya caffra (A. Rich.) Hochst., Spondias birrea A. Rich.","marula, morula, caffra, jelly plum, maroola nut, cat thorn, cider tree, maroola plum, maroela, dania, mng' ong'o, muua, ol-mangwai, iganu, ikanyi, umganu, umkano, canhoeiro, ncanhi, mutsomo, mukwakwa, mushomo, muganu, mupfura, pfura, mufura, mafuna, mngongo, tsua, tsula, amaganu, tololokwo, nkanyi, didissa, katetalum, ufuongo, mura, umgana, mufula",tree,erect,perennial,"deciduous, single stem","forage/pasture, fruits & nuts, materials, ornamentals/turf, medicinals & aromatic, forest/wood, environmental",grown on small scale,20.0,40.0,14.0,45.0,400.0,1200.0,200.0,1500.0,6.0,7.0,5.0,8.0,,,20.0,35.0,800.0,very bright,very bright,clear skies,very bright,deep (>>150 cm),deep (>>150 cm),"heavy, medium, light, wide","heavy, medium, light, wide",moderate,low,low (<4 dS/m),medium (4-10 dS/m),well (dry spells),well (dry spells),-1,0.0,,"tropical wet & dry (Aw), tropical wet (Ar), steppe or semiarid (Bs), subtropical dry summer (Cs)",,,,small scale (manual),365.0,365.0,original_rule,edible_flag,high,Marula,1,,fruit_tree,0,,0,0
PP:5409,both,cnicus benedictus,exact_scientific_name,high,5409.0,Plant,https://permapeople.org/plants/cnicus-benedictus-blessed-thistle,Cnicus benedictus,Blessed Thistle,Asteraceae or compositae,Annual,7-10,7.0,10.0,0.6,,,1.0,"Flowers, Leaves, Root","Oil, Condiment",oil,1.0,0.0,0.0,0.0,1.0,1.0,0.0,1.0,1.0,1.0,root_crop,1.0,Layer or Edible parts indicates Root/Tuber,4700,Cnicus benedictus,L.,,"Carbenia benedicta (L.) Arcang., Carduus benedictus Blak., Benedicta officials Bern h., Centaurea benedicta L., Caicitrapa lanuginosa lem.","blessed thistle, holy thistle, St. Benedict thistle, karmedic, chardon benit, Benediktendistel, Cardui benedicti herba, Cnici benedicti herba",herb,erect,annual,,"materials, medicinals & aromatic",grown on large scale,18.0,26.0,7.0,32.0,600.0,800.0,400.0,1000.0,6.0,7.0,5.5,7.5,40.0,40.0,50.0,50.0,,very bright,very bright,very bright,clear skies,shallow (20-50 cm),shallow (20-50 cm),"medium, light","heavy, medium, light",high,low,low (<4 dS/m),low (<4 dS/m),well (dry spells),well (dry spells),,,"short day (<12 hours), neutral day (12-14 hours), long day (>14 hours)","subtropical dry summer (Cs), temperate oceanic (Do), temperate continental (Dc), temperate with humid winters (Df), temperate with dry winters (Dw)",,,,,70.0,210.0,original_rule,edible_flag,high,Blessed Thistle,1,,leafy_herb,0,,0,0
PP:5412,both,sauropus androgynus,exact_scientific_name,high,5412.0,Plant,https://permapeople.org/plants/sauropus-androgynus-sweet-leaf,Sauropus androgynus,Sweet Leaf,Phyllanthaceae,,10-12,10.0,12.0,3.0,Medium,Shrubs,1.0,"Fruit, Leaves, Shoots",Colouring,"Fencing, Hedgerow",1.0,1.0,0.0,0.0,1.0,1.0,0.0,1.0,1.0,1.0,fruit,1.0,Edible parts contains 'Fruit' (non-tree layer),9593,Sauropus androgynus,(L.) Merr.,Magnoliopsida:Dilleniidae:Euphorbiales:Euphorbiaceae,,,shrub,erect,perennial,multi stem,"forage/pasture, fruits & nuts, vegetables, medicinals & aromatic, environmental",grown on small scale,26.0,35.0,5.0,38.0,900.0,1200.0,600.0,4000.0,6.0,7.0,5.5,7.5,,,25.0,25.0,1300.0,very bright,clear skies,very bright,light shade,medium (50-150 cm),shallow (20-50 cm),"heavy, medium","heavy, medium",high,low,low (<4 dS/m),low (<4 dS/m),well (dry spells),"well (dry spells), excessive (dry/moderately dry)",,,"short day (<12 hours), neutral day (12-14 hours), long day (>14 hours)","tropical wet & dry (Aw), tropical wet (Ar), subtropical humid (Cf), subtropical dry summer (Cs), subtropical dry winter (Cw)",,,,,270.0,365.0,original_rule,edible_flag,high,Sweet Leaf,1,,fruit_tree,0,,0,0
PP:5429,both,nypa fruticans,exact_scientific_name,high,5429.0,Plant,https://permapeople.org/plants/nypa-fruticans-nipa-palm,Nypa fruticans,Nipa Palm,Arecaceae,,11-12,11.0,12.0,5.0,Medium,Shrubs,1.0,"Flowers, Sap, Seed","Drink, Sweetener","Weaving material, Crafting, Fiber, Roofing, Wind breaker, Erosion control, Tannin, Teeth, textiles",1.0,0.0,0.0,0.0,0.0,1.0,1.0,1.0,1.0,1.0,vegetable,1.0,Edible parts contains Leaves/Stem/Flowers,1543,Nypa fruticans,Steck,Liliopsida:Arecidae:Arecales:Palmae,,"nypa palm, nipa palm, mangrove palm, palmeira nipa, spelt nipa, mangrove, Nipapalme, Attapalme, Mangrovenpalme",tree,prostrate/procumbent/semi-erect,perennial,"evergreen, single stem","fruits & nuts, environmental",,23.0,27.0,20.0,35.0,2000.0,2800.0,1500.0,3500.0,6.5,7.5,5.5,8.5,,,,,,very bright,very bright,very bright,clear skies,medium (50-150 cm),shallow (20-50 cm),"heavy, medium","heavy, medium",low,low,high (>10 dS/m)),low (<4 dS/m),poorly (saturated >50% of year),poorly (saturated >50% of year),,,"short day (<12 hours), neutral day (12-14 hours), long day (>14 hours)","tropical wet & dry (Aw), tropical wet (Ar)",,,,,365.0,365.0,original_rule,edible_flag,high,Nipa Palm,1,,leafy_herb,0,,0,0
PP:5448,both,schleichera oleosa,exact_scientific_name,high,5448.0,Plant,https://permapeople.org/plants/schleichera-oleosa-malay-lac-tree-lac-tree,Schleichera oleosa,Malay Lac Tree Lac tree,Sapindaceae,,10-12,10.0,12.0,30.0,Slow,Tall trees,1.0,"Fruit, Leaves, Shoots",Oil,"Fire starter, Dye, Animal feed, Hair, Lighting, oil, Tannin, Lumber",1.0,1.0,0.0,0.0,1.0,1.0,0.0,1.0,1.0,1.0,fruit_tree,1.0,Layer contains 'Tree' and Edible parts contains 'Fruit',9621,Schleichera oleosa,(Lour.) Oken,Magnoliopsida:Rosidae:Sapindales:Sapindaceae,"Cussambium glabrum Ham., Cussambium spinosum Ham., Pistachia oleosa Lour., Schleichera trijuga Willd.","Indian lac tree, kosum, kusuma, kesambi",tree,erect,perennial,"semi evergreen, deciduous, single stem","fruits & nuts, vegetables, materials, forest/wood",,30.0,42.0,10.0,47.0,1200.0,2300.0,750.0,2800.0,5.5,6.5,5.0,7.8,5.0,,20.0,35.0,900.0,very bright,cloudy skies,very bright,light shade,medium (50-150 cm),medium (50-150 cm),"medium, light","heavy, medium, light",moderate,low,low (<4 dS/m),low (<4 dS/m),well (dry spells),"well (dry spells), excessive (dry/moderately dry)",-4,-1.0,short day (<12 hours),"tropical wet & dry (Aw), subtropical dry winter (Cw)",,,,,270.0,330.0,original_rule,edible_flag,high,Malay Lac Tree Lac tree,1,,fruit_tree,0,,0,0
PP:5450,both,luffa aegyptiaca,ecocrop_synonym_binomial,medium,5450.0,Plant,https://permapeople.org/plants/luffa-aegyptiaca-loofah,Luffa aegyptiaca,Loofah,Cucurbitaceae,Annual,10-12,10.0,12.0,15.0,Fast,Vines,1.0,"Flowers, Fruit, Leaves, Seed, Shoots",Oil,"oil, Scourer",1.0,0.0,0.0,0.0,0.0,1.0,0.0,1.0,1.0,1.0,edible_vine,1.0,Layer contains 'Vine(s)' and Edible == true,2475,Luffa cylindrica,(L)M.Roemd.,Magnoliopsida:Dilleniidae:Violales:Cucurbitaceae,Luffa aegyptiaca Roxb.,"smooth loofah, loofa (Micronesia), sel lap (Pohnpei/Micronesia), patola, vegetable sponge, edible luffa, sponge gourd","herb, vine",climber/scrambler/scadent,annual,,"vegetables, materials",grown on small scale,23.0,27.0,10.0,38.0,1200.0,2000.0,300.0,3000.0,5.5,6.5,4.3,8.3,10.0,,25.0,,1000.0,clear skies,clear skies,very bright,cloudy skies,medium (50-150 cm),shallow (20-50 cm),"medium, organic","heavy, medium, light",moderate,low,low (<4 dS/m),low (<4 dS/m),well (dry spells),well (dry spells),,,"short day (<12 hours), neutral day (12-14 hours)","tropical wet & dry (Aw), tropical wet (Ar), steppe or semiarid (Bs), subtropical humid (Cf), subtropical dry summer (Cs), subtropical dry winter (Cw), temperate oceanic (Do)",,,,,70.0,120.0,original_rule,edible_flag,high,Loofah,1,,fruiting,0,,0,0
PP:5476,both,lablab purpureus,exact_scientific_name,high,5476.0,Plant,https://permapeople.org/plants/lablab-purpureus-hyacinth-bean,Lablab purpureus,Hyacinth Bean,Fabaceae or leguminosae,Perennial,9-11,9.0,11.0,2.0,Fast,Vines,1.0,"Flowers, Leaves, Root, Seed, Seedpod",,"Animal feed, Cover crop, Nitrogen fixer",1.0,0.0,0.0,0.0,0.0,1.0,0.0,1.0,1.0,1.0,root_crop,1.0,Layer or Edible parts indicates Root/Tuber,1311,Lablab purpureus,(L.) Sweet,Magnoliopsida:Rosidae:Fabales:Leguminosae,"Dolichos lablab L., Lablab niger Medik, Dolichos lablab L. and others","hyacinth bean, lablab bean, field bean, pig-ears, rongai dolichos, lab-lab bean, poor man's bean, Tonga bean, dolique lab-lab, dolique d'Egypte, frijol jacinto, quiquaqua, caroata chwata, poroto de Egipto, chicarros, frijol caballo, gallinita, frijol de adorno, Faselbohne, Helmbohne, Schlangenbohne, batao, wal, sem, lubia (the Sudan)","herb, vine",climber/scrambler/scadent,"annual, perennial","multi stem, C3 photosynthesis","forage/pasture, vegetables, ornamentals/turf, cover crop, environmental",grown on large scale,18.0,32.0,3.0,38.0,600.0,1000.0,200.0,2500.0,5.0,7.5,4.5,8.0,,,28.0,30.0,2100.0,very bright,very bright,very bright,clear skies,medium (50-150 cm),shallow (20-50 cm),"heavy, medium, light, organic","heavy, medium, light",moderate,low,low (<4 dS/m),low (<4 dS/m),well (dry spells),"well (dry spells), excessive (dry/moderately dry)",,,"short day (<12 hours), neutral day (12-14 hours), long day (>14 hours)","tropical wet & dry (Aw), tropical wet (Ar), desert or arid (Bw), steppe or semiarid (Bs), subtropical humid (Cf), subtropical dry summer (Cs), subtropical dry winter (Cw), temperate oceanic (Do), temperate continental (Dc), temperate with humid winters (Df), temperate with dry winters (Dw)",,,,"home garden, large scale/commercial",70.0,300.0,original_rule,edible_flag,high,Hyacinth Bean,1,,leafy_herb,0,,1,0
PP:5484,both,pinus strobus,species_binomial_inheritance,medium,5484.0,Plant,https://permapeople.org/plants/pinus-strobus-white-pine,Pinus strobus,White Pine,Pinaceae,,3-7,3.0,7.0,20.0,Fast,Tall trees,1.0,"Flowers, Inner bark, Seed, Shoots","Condiment, Drink, Gum, Tea","Dye, Gum, Herbicide, Pitch, Waterproofing, Lumber",1.0,0.0,0.0,0.0,1.0,1.0,0.0,1.0,1.0,0.0,vegetable,1.0,Edible parts contains Leaves/Stem/Flowers,8657,Pinus strobus var. chiapensis,(L./ Buch.-Ham.) Thunb.,Pinopsida:Pinaceae,,,tree,erect,perennial,"evergreen, single stem",forest/wood,,18.0,30.0,12.0,38.0,1200.0,1700.0,1000.0,2500.0,5.0,6.5,4.5,7.0,15.0,15.0,20.0,20.0,2800.0,very bright,very bright,very bright,clear skies,deep (>>150 cm),medium (50-150 cm),"heavy, medium, light","heavy, medium, light",high,,low (<4 dS/m),low (<4 dS/m),well (dry spells),"well (dry spells), excessive (dry/moderately dry)",-3,0.0,short day (<12 hours),"tropical wet & dry (Aw), subtropical dry summer (Cs)",drought,,,,150.0,240.0,original_rule,edible_flag,high,White Pine,1,,leafy_herb,0,,0,0
PP:5513,both,syzygium aromaticum,ecocrop_synonym_binomial,medium,5513.0,Plant,https://permapeople.org/plants/syzygium-aromaticum-clove,Syzygium aromaticum,Clove,Myrtaceae,,11-12,11.0,12.0,20.0,Slow,Tall trees,1.0,"Flowers, Fruit","Oil, Condiment, Tea","Cosmetic, Essential Oil, Pest control, oil, Fragrance, Teeth",1.0,1.0,0.0,0.0,0.0,1.0,0.0,1.0,1.0,0.0,fruit_tree,1.0,Layer contains 'Tree' and Edible parts contains 'Fruit',2462,Eugenia aromatica,(L.) Baill.,Magnoliopsida:Rosidae:Myrtales:Myrtaceae,"Syzygium aromaticum (L.) Merrill & Perry, Eugenia caryophyllata Thunb., Eugenia caryophyllus (Sprengel) Bullock & Harr.","cloves, clove, tropical myrtle, clavo, girofle, clous de giroffle, clou de girofle, giroffles, giroflier, clavos de especial, clavero, cenkeh, lay-hnyin, khan phluu, kaanz phuu, kan phlu, dinh huong, Gewürznelke, Gewürznägelein, Kreidenelke, Nelke, Nägelein, kryddnejlika, krydder nelliker, qaranful, kruidnagel, garofano, chiodi di garofano, cravo, cvozdika, choji, ting-hsiang, karanfil",tree,erect,perennial,"evergreen, single stem, multi stem","materials, medicinals & aromatic",grown on large scale,24.0,34.0,20.0,38.0,1500.0,3600.0,1200.0,4000.0,5.0,6.0,4.5,7.0,,,30.0,40.0,900.0,very bright,light shade,very bright,light shade,deep (>>150 cm),medium (50-150 cm),"medium, organic","heavy, medium, light, wide, organic",moderate,low,low (<4 dS/m),low (<4 dS/m),well (dry spells),well (dry spells),5,0.0,short day (<12 hours),"tropical wet & dry (Aw), tropical wet (Ar), subtropical dry summer (Cs)",,,,,300.0,365.0,original_rule,edible_flag,high,Clove,1,,fruit_tree,0,,0,0
PP:5539,both,castanea dentata,exact_scientific_name,high,5539.0,Plant,https://permapeople.org/plants/castanea-dentata-american-sweet-chestnut,Castanea dentata,American Sweet Chestnut,Fagaceae,,4-8,4.0,8.0,30.0,,Tall trees,1.0,Seed,"Oil, Chocolate, Coffee","Dye, oil, Tannin, Lumber",1.0,1.0,0.0,0.0,1.0,1.0,0.0,1.0,1.0,1.0,nut,1.0,Common name contains 'nut' or Edible uses contains 'Nut',4313,Castanea dentata,(Marshall) Borkh.,Magnoliopsida:Hamamelidae:Fagales:Fagaceae,,"American chestnut, prickly bur, chataignier de l'Amerique, castanheiro da America",tree,erect,perennial,"deciduous, single stem","fruits & nuts, materials, forest/wood",grown on small scale,15.0,19.0,10.0,30.0,1000.0,1100.0,500.0,1500.0,6.0,7.0,5.5,7.5,25.0,25.0,45.0,45.0,,very bright,very bright,very bright,cloudy skies,deep (>>150 cm),deep (>>150 cm),"medium, light","heavy, medium, light",moderate,moderate,low (<4 dS/m),low (<4 dS/m),well (dry spells),well (dry spells),,,long day (>14 hours),"steppe or semiarid (Bs), subtropical humid (Cf), subtropical dry summer (Cs), subtropical dry winter (Cw), temperate oceanic (Do), temperate continental (Dc), temperate with humid winters (Df), temperate with dry winters (Dw)",,,,"home garden, small scale (manual)",150.0,210.0,original_rule,edible_flag,high,American Sweet Chestnut,1,,fruit_tree,0,,1,0
PP:5540,both,castanea pumila,exact_scientific_name,high,5540.0,Plant,https://permapeople.org/plants/castanea-pumila-chinquapin,Castanea pumila,Chinquapin,Fagaceae,,4-8,4.0,8.0,4.0,Slow,Shrubs,1.0,Seed,,"Tannin, Lumber",1.0,0.0,0.0,0.0,1.0,1.0,0.0,1.0,1.0,1.0,other_productive,1.0,"Edible == true, no more specific rule matched",4315,Castanea pumila,(L.) Miller,Magnoliopsida:Hamamelidae:Fagales:Fagaceae,,"chinquapin, dwarf chestnut, Alleghany chestnut, castanheiro anao","shrub, tree",erect,perennial,"evergreen, deciduous, single stem, multi stem","fruits & nuts, medicinals & aromatic, environmental",grown on small scale,15.0,25.0,12.0,30.0,1100.0,1300.0,900.0,1800.0,5.5,6.0,5.0,7.0,25.0,20.0,35.0,35.0,1500.0,very bright,very bright,very bright,cloudy skies,deep (>>150 cm),medium (50-150 cm),"medium, light","heavy, medium, light",moderate,moderate,low (<4 dS/m),low (<4 dS/m),well (dry spells),"well (dry spells), excessive (dry/moderately dry)",,,long day (>14 hours),"subtropical dry summer (Cs), temperate oceanic (Do), temperate continental (Dc), temperate with humid winters (Df), temperate with dry winters (Dw)",,,,"home garden, small scale (manual)",150.0,210.0,original_rule,edible_flag,high,Chinquapin,2,,other,0,,1,0
PP:5541,both,castanea crenata,exact_scientific_name,high,5541.0,Plant,https://permapeople.org/plants/castanea-crenata-japanese-chestnut,Castanea crenata,Japanese Chestnut,Fagaceae,,4-8,4.0,8.0,9.0,,Trees,1.0,Seed,,"Tannin, Lumber",1.0,1.0,0.0,0.0,1.0,1.0,0.0,1.0,1.0,1.0,nut,1.0,Common name contains 'nut' or Edible uses contains 'Nut',4312,Castanea crenata,Siebold & Zucc.,Magnoliopsida:Hamamelidae:Fagales:Fagaceae,,"Japanese chestnut, chataignier du Japon, castanheiro do Japao","shrub, tree",erect,perennial,"deciduous, single stem, multi stem","fruits & nuts, ornamentals/turf, forest/wood",grown on small scale,17.0,28.0,12.0,30.0,1100.0,1500.0,900.0,2300.0,5.5,6.0,5.0,7.0,30.0,30.0,45.0,50.0,1000.0,very bright,very bright,very bright,clear skies,deep (>>150 cm),deep (>>150 cm),"medium, light","heavy, medium, light",moderate,moderate,low (<4 dS/m),low (<4 dS/m),well (dry spells),well (dry spells),,,long day (>14 hours),"temperate oceanic (Do), temperate continental (Dc), temperate with humid winters (Df), temperate with dry winters (Dw)",,,,,150.0,180.0,original_rule,edible_flag,high,Japanese Chestnut,1,,fruit_tree,0,,0,0
PP:5643,both,cynara cardunculus,exact_scientific_name,high,5643.0,Plant,https://permapeople.org/plants/cynara-cardunculus-artichoke,Cynara cardunculus,Artichoke,Asteraceae or compositae,Perennial,5-9,5.0,9.0,2.0,,Herbs,1.0,"Flowers, Leaves, Root, Stem",Curdling agent,Dye,1.0,0.0,0.0,0.0,1.0,1.0,0.0,1.0,1.0,1.0,root_crop,1.0,Layer or Edible parts indicates Root/Tuber,5138,Cynara cardunculus,L.,Magnoliopsida:Asteridae:Asterales:Compositae,,"cardoon, artichoke thistle, wild artichoke, desert artichoke, Artischocke",herb,erect,perennial,multi stem,"forage/pasture, vegetables, ornamentals/turf, medicinals & aromatic, weed",grown on small scale,14.0,28.0,7.0,38.0,550.0,800.0,450.0,1000.0,5.5,7.0,5.0,7.5,28.0,26.0,52.0,54.0,500.0,clear skies,very bright,light shade,very bright,deep (>>150 cm),medium (50-150 cm),"heavy, medium, organic","heavy, medium, light, wide, organic",high,moderate,low (<4 dS/m),medium (4-10 dS/m),well (dry spells),"well (dry spells), excessive (dry/moderately dry)",-10,-2.0,"neutral day (12-14 hours), long day (>14 hours)","subtropical humid (Cf), subtropical dry summer (Cs), subtropical dry winter (Cw), temperate oceanic (Do), temperate continental (Dc), temperate with humid winters (Df), temperate with dry winters (Dw)","fire, coastal salt spray",,can become a weed,"home garden, small scale (manual)",,300.0,original_rule,edible_flag,high,Artichoke; Globe Artichoke; Green Globe,3,,leafy_herb,0,,1,0
PP:5651,both,diospyros mespiliformis,exact_scientific_name,high,5651.0,Plant,https://permapeople.org/plants/diospyros-mespiliformis-west-african-ebony,Diospyros mespiliformis,West African Ebony,Ebenaceae,,10-12,10.0,12.0,20.0,Medium,Tall trees,1.0,"Fruit, Leaves","Drink, Gum","Adhesive, Fire starter, Containers, Dye, Fencing, Lumber, Gum, Teeth, Varnish, Coppice",1.0,0.0,0.0,0.0,0.0,1.0,0.0,1.0,1.0,1.0,fruit_tree,1.0,Layer contains 'Tree' and Edible parts contains 'Fruit',5466,Diospyros mespiliformis,Hochst ex A. DC.,Magnoliopsida:Dilleniidae:Theales:Ebenaceae,Diospyros senegalensis Perrot. ex A. DC.,"African ebony, jackal-berry, West African ebony, abu seleba, gugham, jokhan, jughan, mgiriti, mjoho mpweke",tree,erect,perennial,"evergreen, single stem","fruits & nuts, ornamentals/turf, medicinals & aromatic, forest/wood","grown on small scale, harvested from wild",16.0,27.0,12.0,34.0,500.0,1300.0,400.0,1500.0,5.5,6.5,5.0,7.0,,,20.0,20.0,1300.0,clear skies,very bright,cloudy skies,very bright,deep (>>150 cm),deep (>>150 cm),"medium, light","medium, light",high,moderate,low (<4 dS/m),low (<4 dS/m),"poorly (saturated >50% of year), well (dry spells)","poorly (saturated >50% of year), well (dry spells)",,,,"tropical wet & dry (Aw), tropical wet (Ar)",,,,"home garden, small scale (manual)",365.0,365.0,original_rule,edible_flag,high,West African Ebony,1,,fruit_tree,0,,1,0
PP:5660,both,duboisia myoporoides,exact_scientific_name,high,5660.0,Plant,https://permapeople.org/plants/duboisia-myoporoides-corkwood,Duboisia myoporoides,Corkwood,Solanaceae,,10-12,10.0,12.0,10.0,Fast,Trees,1.0,Leaves,,,1.0,0.0,0.0,0.0,0.0,1.0,0.0,1.0,1.0,0.0,vegetable,1.0,Edible parts contains Leaves/Stem/Flowers,5571,Duboisia myoporoides,R. Ba.,Magnoliopsida:Asteridae:Solanales:Solanaceae,,ngmoo,tree,erect,perennial,single stem,"medicinals & aromatic, weed",,20.0,30.0,10.0,36.0,1000.0,2000.0,600.0,2500.0,5.0,6.5,4.5,7.0,,,25.0,25.0,200.0,very bright,clear skies,very bright,cloudy skies,deep (>>150 cm),medium (50-150 cm),heavy,"heavy, medium, light",moderate,moderate,low (<4 dS/m),low (<4 dS/m),well (dry spells),well (dry spells),,,short day (<12 hours),"tropical wet & dry (Aw), tropical wet (Ar)",,,can become a weed,,270.0,330.0,original_rule,edible_flag,high,Corkwood,1,,leafy_herb,0,,0,0
PP:5726,both,trigonella foenum-graecum,exact_scientific_name,high,5726.0,Plant,https://permapeople.org/plants/trigonella-foenum-graecum-fenugreek,Trigonella foenum-graecum,Fenugreek,Fabaceae or leguminosae,Annual,5-9,5.0,9.0,0.6,Fast,,1.0,"Leaves, Seed, Seedpod","Coffee, Condiment, Tea","Cosmetic, Dye, Essential Oil, Cover crop, Hair, Pest control, Nitrogen fixer, Fragrance",1.0,0.0,0.0,0.0,1.0,1.0,0.0,1.0,1.0,1.0,legume,1.0,Family == Fabaceae and Edible parts contains Seed/Pod,10554,Trigonella foenum-graecum,L.,Magnoliopsida:Rosidae:Fabales:Leguminosae,,"fenugreek, abacha, abakte, abish, alholva, heno griego, fenugrec, Bockshornklee, bockhornskloever, hulba, fenegriek, fieno greco, alforva, pazhitnik, koroha, k'u-tou, Trigonellae foeni-graeci semen, sunko (Galinya), abacheh, abacham",herb,erect,annual,multi stem,medicinals & aromatic,grown on large scale,13.0,27.0,5.0,32.0,600.0,800.0,380.0,1550.0,7.0,7.5,5.3,8.2,30.0,,50.0,,,very bright,clear skies,very bright,cloudy skies,medium (50-150 cm),medium (50-150 cm),"medium, light","medium, light",moderate,low,low (<4 dS/m),medium (4-10 dS/m),well (dry spells),"well (dry spells), excessive (dry/moderately dry)",-15,0.0,short day (<12 hours),"tropical wet & dry (Aw), steppe or semiarid (Bs), subtropical dry summer (Cs), temperate oceanic (Do)",,,,,60.0,120.0,original_rule,edible_flag,high,Fenugreek,1,,leafy_herb,1,حلبة,0,0
PP:5728,both,hordeum vulgare,exact_scientific_name,high,5728.0,Plant,https://permapeople.org/plants/hordeum-vulgare-barley,Hordeum vulgare,Barley,Poaceae or Gramineae,Annual,4-8,4.0,8.0,1.0,,,1.0,Seed,,,1.0,0.0,0.0,0.0,0.0,1.0,0.0,1.0,1.0,1.0,other_productive,1.0,"Edible == true, no more specific rule matched",1232,Hordeum vulgare,L.,Liliopsida:Commelinidae:Cyperales:Gramineae,See Notes,"barley, cebada, orge, damai, cevada, gebs, Gerste",grass,erect,annual,,"cereals & pseudocereals, medicinals & aromatic",grown on large scale,15.0,20.0,2.0,40.0,500.0,1000.0,200.0,2000.0,6.5,7.5,6.0,8.0,30.0,,55.0,70.0,4400.0,very bright,very bright,very bright,cloudy skies,deep (>>150 cm),medium (50-150 cm),medium,"heavy, medium, light",moderate,low,low (<4 dS/m),high (>10 dS/m)),well (dry spells),well (dry spells),-4,0.0,"neutral day (12-14 hours), long day (>14 hours)","tropical wet & dry (Aw), tropical wet (Ar), desert or arid (Bw), steppe or semiarid (Bs), subtropical humid (Cf), subtropical dry summer (Cs), subtropical dry winter (Cw), temperate oceanic (Do), temperate continental (Dc), temperate with humid winters (Df), temperate with dry winters (Dw)",drought,fire,,large scale/commercial,90.0,240.0,original_rule,edible_flag,high,Barley,1,,other,0,,0,0
PP:5734,both,macadamia ternifolia,ecocrop_synonym_binomial,medium,5734.0,Plant,https://permapeople.org/plants/macadamia-ternifolia-macadamia-nut,Macadamia ternifolia,Macadamia Nut,Proteaceae,,10-12,10.0,12.0,8.0,Medium,Trees,1.0,"Seed, Milk",Oil,"Cosmetic, Fire starter, oil, Tannin",1.0,0.0,0.0,0.0,0.0,1.0,0.0,1.0,1.0,1.0,nut,1.0,Common name contains 'nut' or Edible uses contains 'Nut',1384,Macadamia tetraphylla,L.John.,Magnoliopsida:Rosidae:Proteales:Proteaceae,"Macadamia ternifolia F.Muell., Macadamia integrifolia Maid & Betc.","Queensland macadamia, macadamia nut, mekatemia, Queensland nut",tree,erect,perennial,"evergreen, single stem",materials,,14.0,28.0,8.0,38.0,1250.0,2000.0,850.0,3000.0,5.5,7.0,4.5,8.0,18.0,,22.0,,2000.0,very bright,clear skies,very bright,light shade,deep (>>150 cm),shallow (20-50 cm),medium,"heavy, medium, light",high,moderate,low (<4 dS/m),low (<4 dS/m),well (dry spells),well (dry spells),-2,-1.0,"short day (<12 hours), neutral day (12-14 hours), long day (>14 hours)","tropical wet & dry (Aw), subtropical humid (Cf), subtropical dry summer (Cs)",,wind,,,180.0,365.0,original_rule,edible_flag,high,Macadamia Nut,1,,fruit_tree,0,,0,0
PP:5745,both,hordeum bulbosum,exact_scientific_name,high,5745.0,Plant,https://permapeople.org/plants/hordeum-bulbosum-bulbous-barley,Hordeum bulbosum,Bulbous Barley,Poaceae or gramineae,Perennial,,,,1.2,,,1.0,"Root, Seed",,"Biomass, Fiber, Mulch, textiles",1.0,0.0,0.0,0.0,1.0,1.0,0.0,1.0,1.0,1.0,root_crop,1.0,Layer or Edible parts indicates Root/Tuber,6754,Hordeum bulbosum,L.,Liliopsida:Commelinidae:Cyperales:Gramineae,"Critesion bulbosum (L.) Á. Löve 1984, Hordeum bulbosum subsp. nodosum (L.) B.R. Baum, Hordeum nodosum L.",bulbous barley,grass,erect,perennial,multi stem,cereals & pseudocereals,harvested from wild,13.0,23.0,3.0,35.0,400.0,600.0,300.0,1200.0,5.5,7.0,4.8,8.2,30.0,30.0,50.0,50.0,,very bright,very bright,very bright,clear skies,deep (>>150 cm),medium (50-150 cm),"heavy, medium","heavy, medium, light",moderate,moderate,low (<4 dS/m),low (<4 dS/m),well (dry spells),"well (dry spells), excessive (dry/moderately dry)",-5,0.0,"short day (<12 hours), neutral day (12-14 hours), long day (>14 hours)","tropical wet & dry (Aw), tropical wet (Ar), steppe or semiarid (Bs), subtropical dry summer (Cs), temperate oceanic (Do), temperate continental (Dc), temperate with humid winters (Df), temperate with dry winters (Dw)",,,,,120.0,150.0,original_rule,edible_flag,high,Bulbous Barley,1,,root,0,,0,0
PP:5751,both,garcinia mangostana,exact_scientific_name,high,5751.0,Plant,https://permapeople.org/plants/garcinia-mangostana-mangosteen,Garcinia mangostana,Mangosteen,Clusiaceae,,11-12,11.0,12.0,12.0,Slow,Trees,1.0,"Fruit, Seed",Condiment,"Dye, Lumber, Tannin, Teeth",1.0,1.0,0.0,0.0,0.0,1.0,0.0,0.0,1.0,1.0,fruit_tree,1.0,Layer contains 'Tree' and Edible parts contains 'Fruit',1122,Garcinia mangostana,L.,Magnoliopsida:Dilleniidae:Guttiferales:Guttiferae,Mangostana garcinia Gaertner,"mangosteen, dodol, king's-fruit, mangoustanier, mangostan, mangostao, mangusto, mangostane, mangoestan, manggis, settorr, mesetor, semetah, sementah, manggustan, mongkhut, kadiis, kanabla, mangkhud, mang khut, mahng-koot, mangustai, cay mang cut, mang cut",tree,erect,perennial,"evergreen, single stem","fruits & nuts, medicinals & aromatic, forest/wood",grown on large scale,20.0,30.0,15.0,40.0,1600.0,2000.0,1100.0,2800.0,5.0,6.0,4.3,7.5,,,10.0,18.0,1000.0,clear skies,cloudy skies,clear skies,light shade,deep (>>150 cm),deep (>>150 cm),"heavy, medium","heavy, medium, light, organic",high,moderate,low (<4 dS/m),low (<4 dS/m),well (dry spells),well (dry spells),4,4.0,"short day (<12 hours), neutral day (12-14 hours), long day (>14 hours)",tropical wet (Ar),,,,,365.0,365.0,original_rule,edible_flag,high,Mangosteen,1,,fruit_tree,0,,0,0
PP:5786,both,hibiscus sabdariffa,exact_scientific_name,high,5786.0,Plant,https://permapeople.org/plants/hibiscus-sabdariffa-roselle,Hibiscus sabdariffa,Roselle,Malvaceae,Annual,8-12,8.0,12.0,6.0,,,1.0,"Flowers, Leaves, Root, Seed","Oil, Coffee, Condiment, Drink, Pectin, Tea","Dye, Fiber, oil, Pectin, Weaving material",1.0,0.0,0.0,0.0,0.0,1.0,0.0,1.0,1.0,1.0,root_crop,1.0,Layer or Edible parts indicates Root/Tuber,1216,Hibiscus sabdariffa,L.,Magnoliopsida:Dilleniidae:Malvales:Malvaceae,,"roselle, rozelle, sorrel, red sorrel, Jamaica sorrel, Indian sorrel, Guinea sorrel, sour-sour, Queensland jelly plant, jelly okra, lemon bush, Florida cranberry, oseille rouge, oseille de Guinée, quimbombó chino, sereni, rosa de Jamaica, flor de Jamaica, agrio de Guinea, quetmia ácida, viña, viñuela, vinagreira, azeda de Guiné, cururú azédo, quiabeiro azédo, zuring, karkadé, carcadé",herb,erect,annual,"single stem, multi stem, C3 photosynthesis","forage/pasture, fruits & nuts, vegetables, materials, medicinals & aromatic","grown on large scale, grown on small scale",16.0,32.0,10.0,36.0,1000.0,3000.0,500.0,3500.0,5.5,7.5,4.5,8.5,,,25.0,35.0,900.0,cloudy skies,very bright,clear skies,very bright,deep (>>150 cm),medium (50-150 cm),"medium, organic","heavy, medium, light, wide, organic",moderate,low,low (<4 dS/m),low (<4 dS/m),well (dry spells),"well (dry spells), excessive (dry/moderately dry)",,,short day (<12 hours),"tropical wet & dry (Aw), tropical wet (Ar), steppe or semiarid (Bs)",,,,"home garden, small scale (manual), large scale/commercial",0.0,0.0,original_rule,edible_flag,high,Roselle; roselle,3,,leafy_herb,0,,1,0
PP:5788,both,hibiscus cannabinus,exact_scientific_name,high,5788.0,Plant,https://permapeople.org/plants/hibiscus-cannabinus-kenaf,Hibiscus cannabinus,Kenaf,Malvaceae,"Annual, Perennial",6-12,6.0,12.0,1.8,Fast,,1.0,"Flowers, Leaves, Root, Seed","Oil, Condiment","Dye, Fiber, Fire starter, oil, textiles, Plant support, Soap making, Soil reclamation, Weaving material",1.0,0.0,0.0,0.0,0.0,1.0,0.0,1.0,1.0,1.0,root_crop,1.0,Layer or Edible parts indicates Root/Tuber,1213,Hibiscus cannabinus,L.,Magnoliopsida:Dilleniidae:Malvales:Malvaceae,"Abelmoschus verrucosus (Guill. & Perr.) Walp., Furcaria cavanillesii Kostel, Hibiscus unidens Lindl., Hibiscus verrucosus Guill. & Perr., Ketmia glandulosa Moench","kenaf, ambary, ambary hemp, brown Indian hemp, mesta hemp, bastard jute, bimli jute, bimlipatum jute, bimlipatam tree, hemp-mallow, mesta, palungi, deccan hemp, ambari, til, teel, teal, Java jute, umbaru, linho de gombo, canhamo brasileiro, papoula de Sao Francisco, stokroos, dah (West Africa), gambo (West Africa), rama (West Africa), Guinea hemp (Africa)","herb, sub-shrub",erect,annual,multi stem,materials,"grown on large scale, grown on small scale",15.0,28.0,10.0,35.0,600.0,2000.0,450.0,3000.0,6.0,7.5,4.3,8.2,,,35.0,40.0,1000.0,very bright,very bright,very bright,cloudy skies,deep (>>150 cm),medium (50-150 cm),"medium, organic","heavy, medium, light",high,moderate,low (<4 dS/m),low (<4 dS/m),well (dry spells),"well (dry spells), excessive (dry/moderately dry)",,,short day (<12 hours),"tropical wet & dry (Aw), tropical wet (Ar), steppe or semiarid (Bs), subtropical humid (Cf), subtropical dry summer (Cs), subtropical dry winter (Cw), temperate oceanic (Do), temperate continental (Dc), temperate with humid winters (Df), temperate with dry winters (Dw)",,,,,100.0,240.0,original_rule,edible_flag,high,Kenaf,1,,leafy_herb,0,,0,0
PP:5789,both,hibiscus mutabilis,ecocrop_synonym_binomial,medium,5789.0,Plant,https://permapeople.org/plants/hibiscus-mutabilis-cotton-rose,Hibiscus mutabilis,Cotton Rose,Malvaceae,,7-10,7.0,10.0,3.0,,Shrubs,1.0,"Leaves, Root",Rutin,Fiber,1.0,0.0,0.0,0.0,0.0,1.0,0.0,1.0,1.0,1.0,root_crop,1.0,Layer or Edible parts indicates Root/Tuber,1220,Hibiscus syriacus,L.,Magnoliopsida:Dilleniidae:Malvales:Malvaceae,Hibiscus mutabilis L.,"rose-of-Sharon, shrub mallow, shrubby althaea, rosa de Charao, alteia",shrub,erect,perennial,"deciduous, multi stem","vegetables, materials, ornamentals/turf, medicinals & aromatic",grown on small scale,15.0,28.0,11.0,41.0,600.0,1400.0,500.0,1500.0,5.5,7.5,5.0,8.0,27.0,25.0,48.0,50.0,1500.0,cloudy skies,very bright,light shade,very bright,medium (50-150 cm),shallow (20-50 cm),"medium, light, organic","heavy, medium, light, wide, organic",high,moderate,medium (4-10 dS/m),low (<4 dS/m),well (dry spells),well (dry spells),-20,0.0,,"tropical wet & dry (Aw), subtropical humid (Cf), subtropical dry summer (Cs), subtropical dry winter (Cw), temperate oceanic (Do), temperate continental (Dc)",drought,,,,0.0,0.0,original_rule,edible_flag,high,Cotton Rose,1,,leafy_herb,0,,0,0
PP:5811,both,hymenaea courbaril,exact_scientific_name,high,5811.0,Plant,https://permapeople.org/plants/hymenaea-courbaril-west-indian-locust,Hymenaea courbaril,West Indian Locust,Fabaceae,,10-12,10.0,12.0,30.0,Slow,Tall trees,1.0,"Fruit, Inner bark","Drink, Gum, Tea","Fire starter, Lumber, Gum, Resin, Tannin, Varnish",1.0,0.0,0.0,0.0,1.0,1.0,0.0,0.0,1.0,1.0,fruit_tree,1.0,Layer contains 'Tree' and Edible parts contains 'Fruit',6809,Hymenaea courbaril,L.,Magnoliopsida:Rosidae:Fabales:Leguminosae,,jatobá,tree,erect,perennial,single stem,"fruits & nuts, materials, ornamentals/turf, medicinals & aromatic, forest/wood, environmental",,20.0,30.0,16.0,36.0,1500.0,3000.0,1200.0,3500.0,4.8,6.8,4.5,7.5,,,25.0,30.0,900.0,clear skies,very bright,clear skies,very bright,deep (>>150 cm),medium (50-150 cm),light,"heavy, medium, light, wide, organic",high,low,low (<4 dS/m),low (<4 dS/m),well (dry spells),"poorly (saturated >50% of year), well (dry spells), excessive (dry/moderately dry)",,,,"tropical wet & dry (Aw), tropical wet (Ar), subtropical humid (Cf)","drought, flooding",,,,240.0,365.0,original_rule,edible_flag,high,West Indian Locust,1,,fruit_tree,0,,0,0
PP:5838,both,fraxinus excelsior,exact_scientific_name,high,5838.0,Plant,https://permapeople.org/plants/fraxinus-excelsior-ash,Fraxinus excelsior,Ash,Oleaceae,,5-8,5.0,8.0,30.0,Fast,Tall trees,1.0,Seed,"Manna, Oil, Tea","Dye, Fire starter, oil, Wind breaker, Weaving material, Tannin, Lumber",1.0,0.0,0.0,0.0,0.0,1.0,1.0,1.0,1.0,1.0,other_productive,1.0,"Edible == true, no more specific rule matched",6271,Fraxinus excelsior,L.,Magnoliopsida:Asteridae:Scrophulariales:Oleaceae,,"ash, European ash, frassino, gewöhnliche Esche, Esche, frêne, freixo da Europa, quina da Europa, fresno, ask, almindelig ask, vanlig ask, Lehtosaarni, Saarni, common ash, Fraxini folium",tree,erect,perennial,"deciduous, single stem","materials, medicinals & aromatic, forest/wood","grown on large scale, harvested from wild",8.0,20.0,5.0,33.0,500.0,1000.0,300.0,1500.0,6.5,8.0,6.0,8.5,42.0,39.0,60.0,63.0,1500.0,clear skies,very bright,cloudy skies,very bright,deep (>>150 cm),deep (>>150 cm),,,high,moderate,low (<4 dS/m),low (<4 dS/m),well (dry spells),"poorly (saturated >50% of year), well (dry spells)",-25,-1.0,long day (>14 hours),"subtropical dry summer (Cs), temperate oceanic (Do), temperate continental (Dc)",,,,large scale/commercial,0.0,0.0,original_rule,edible_flag,high,Ash,1,,other,0,,0,0
PP:5860,both,lupinus mutabilis,exact_scientific_name,high,5860.0,Plant,https://permapeople.org/plants/lupinus-mutabilis-pearl-lupin,Lupinus mutabilis,Pearl Lupin,Fabaceae or leguminosae,Annual,8-11,8.0,11.0,1.5,,,1.0,Seed,Oil,"Cover crop, oil, Dynamic accumulator, Nitrogen fixer",1.0,0.0,0.0,0.0,0.0,1.0,0.0,1.0,1.0,1.0,legume,1.0,Family == Fabaceae and Edible parts contains Seed/Pod,7435,Lupinus mutabilis,Sweet,Magnoliopsida:Rosidae:Fabales:Leguminosae,Lupinus tauris,"Andean lupin, South American lupin, sweet Bolivian lupine, pearl lupin, altramuz, chocho, lupino, raewi (Peru, Bolivia), tauri (Bolivia), chocho (Ecuador, Peru), chochito (Ecuador, Peru), cequela (Peru), chuchus (Bolivia), tarwi, tauri",herb,erect,annual,single stem,"pulses (grain legumes), forage/pasture, ornamentals/turf, medicinals & aromatic",grown on small scale,18.0,24.0,6.0,30.0,500.0,1000.0,350.0,1700.0,5.0,6.5,4.5,7.0,,,22.0,50.0,4000.0,very bright,clear skies,very bright,cloudy skies,shallow (20-50 cm),shallow (20-50 cm),"medium, light","heavy, medium, light",moderate,low,low (<4 dS/m),medium (4-10 dS/m),well (dry spells),"well (dry spells), excessive (dry/moderately dry)",-5,-5.0,"short day (<12 hours), neutral day (12-14 hours), long day (>14 hours)","tropical wet & dry (Aw), steppe or semiarid (Bs), subtropical humid (Cf), subtropical dry summer (Cs), subtropical dry winter (Cw), temperate oceanic (Do), temperate continental (Dc), temperate with humid winters (Df), temperate with dry winters (Dw)",,,,,150.0,330.0,original_rule,edible_flag,high,Pearl Lupin,1,,legume,0,,0,0
PP:5864,both,lupinus angustifolius,exact_scientific_name,high,5864.0,Plant,https://permapeople.org/plants/lupinus-angustifolius-blue-lupin,Lupinus angustifolius,Blue Lupin,Fabaceae,Annual,7-9,7.0,9.0,1.0,,Herbs,1.0,Seed,,"Cover crop, Dynamic accumulator, Nitrogen fixer",1.0,0.0,0.0,0.0,0.0,1.0,0.0,1.0,1.0,0.0,legume,1.0,Family == Fabaceae and Edible parts contains Seed/Pod,2519,Lupinus angustifolius,L.,Magnoliopsida:Rosidae:Fabales:Leguminosae,,"blue lupine, narrow-leaved lupine, European blue lupine, blaue Lupine, schmalblättrige Lupine, lupin, lupino azul, lupino, sinilupiini, kapealehdykkäinen lupiini, blålupin",herb,erect,annual,single stem,"pulses (grain legumes), forage/pasture, medicinals & aromatic",grown on small scale,12.0,18.0,4.0,26.0,400.0,1000.0,350.0,1700.0,5.5,7.0,4.9,8.2,,,,,2500.0,very bright,cloudy skies,very bright,cloudy skies,deep (>>150 cm),medium (50-150 cm),"medium, light","heavy, medium, light",high,moderate,low (<4 dS/m),low (<4 dS/m),well (dry spells),well (dry spells),-6,-6.0,long day (>14 hours),"steppe or semiarid (Bs), subtropical dry summer (Cs), temperate oceanic (Do), temperate continental (Dc), temperate with humid winters (Df), temperate with dry winters (Dw)",,,,large scale/commercial,100.0,180.0,original_rule,edible_flag,high,Blue Lupin,1,,legume,0,,0,0
PP:5865,both,lupinus luteus,exact_scientific_name,high,5865.0,Plant,https://permapeople.org/plants/lupinus-luteus-yellow-lupin,Lupinus luteus,Yellow Lupin,Fabaceae or leguminosae,Annual,5-9,5.0,9.0,0.6,,,1.0,Seed,Coffee,"Cover crop, Dynamic accumulator, Nitrogen fixer, Fragrance",1.0,0.0,0.0,0.0,0.0,1.0,0.0,1.0,1.0,0.0,legume,1.0,Family == Fabaceae and Edible parts contains Seed/Pod,7434,Lupinus luteus,L.,Magnoliopsida:Rosidae:Fabales:Leguminosae,,"yellow lupin, yellow lupine, golden lupine, lupin jaune, gelbe lupine, hansenklee, lupino giallo, tremoco amarelo, tremoco de flor amarela, lupino amarillo, altramuz amarillo",herb,erect,annual,single stem,cover crop,grown on large scale,18.0,24.0,6.0,30.0,450.0,1000.0,350.0,2100.0,5.5,7.0,4.5,8.0,30.0,,45.0,,3300.0,very bright,clear skies,very bright,cloudy skies,medium (50-150 cm),shallow (20-50 cm),light,"medium, light",moderate,low,low (<4 dS/m),low (<4 dS/m),well (dry spells),"poorly (saturated >50% of year), well (dry spells)",-3,0.0,long day (>14 hours),"tropical wet & dry (Aw), tropical wet (Ar), steppe or semiarid (Bs), subtropical dry summer (Cs), temperate oceanic (Do), temperate continental (Dc), temperate with humid winters (Df), temperate with dry winters (Dw)",,,,,100.0,180.0,original_rule,edible_flag,high,Yellow Lupin,1,,legume,0,,0,0
PP:5868,both,lupinus hirsutus,ecocrop_synonym_binomial,medium,5868.0,Plant,https://permapeople.org/plants/lupinus-hirsutus,Lupinus hirsutus,Lupinus hirsutus,Fabaceae or leguminosae,Annual,,,,,,,1.0,Seed,,"Dynamic accumulator, Nitrogen fixer",1.0,0.0,0.0,0.0,0.0,1.0,0.0,1.0,1.0,1.0,legume,1.0,Family == Fabaceae and Edible parts contains Seed/Pod,7437,Lupinus pilosus,Murr.,Magnoliopsida:Rosidae:Fabales:Leguminosae,Lupinus hirsutus L.,,herb,erect,annual,multi stem,"forage/pasture, ornamentals/turf",,12.0,18.0,6.0,26.0,450.0,1000.0,350.0,2000.0,6.5,7.4,6.0,8.0,20.0,,40.0,40.0,800.0,very bright,clear skies,very bright,cloudy skies,medium (50-150 cm),shallow (20-50 cm),light,"medium, light",moderate,low,low (<4 dS/m),low (<4 dS/m),well (dry spells),well (dry spells),,,long day (>14 hours),"steppe or semiarid (Bs), subtropical dry summer (Cs)",,,,,100.0,180.0,original_rule,edible_flag,high,Lupinus hirsutus,1,,legume,0,,0,0
PP:5869,both,monstera deliciosa,exact_scientific_name,high,5869.0,Plant,https://permapeople.org/plants/monstera-deliciosa-ceriman,Monstera deliciosa,Ceriman,Araceae,,10-12,10.0,12.0,20.0,Fast,Vines,1.0,Fruit,Drink,"Weaving material, Lumber",1.0,1.0,0.0,1.0,0.0,1.0,1.0,1.0,1.0,1.0,edible_vine,1.0,Layer contains 'Vine(s)' and Edible == true,7813,Monstera deliciosa,Liebm.,Liliopsida:Arecidae:Arales:Araceae,Philodendron pertusum,"costela de Adão, Adam‚s rib, fruit salad plant, Swiss cheese plant, ceriman, Mexican Breadfruit, Monstera, split-leaf Philodendron, breadfruit vine, hurricane plant, cut-leaf Philodendron",vine,climber/scrambler/scadent,perennial,,"fruits & nuts, ornamentals/turf",grown on small scale,28.0,34.0,18.0,38.0,1300.0,2000.0,1000.0,2500.0,5.5,6.0,5.0,7.5,15.0,15.0,20.0,20.0,,light shade,heavy shade,clear skies,heavy shade,deep (>>150 cm),medium (50-150 cm),"medium, light","heavy, medium, light",high,moderate,low (<4 dS/m),low (<4 dS/m),well (dry spells),well (dry spells),-3,-1.0,"short day (<12 hours), neutral day (12-14 hours), long day (>14 hours)",tropical wet (Ar),,,,,365.0,365.0,original_rule,edible_flag,high,Ceriman,1,,fruiting,0,,0,0
PP:5878,both,khaya senegalensis,exact_scientific_name,high,5878.0,Plant,https://permapeople.org/plants/khaya-senegalensis-dryzone-mahogany,Khaya senegalensis,Dryzone Mahogany,Meliaceae,,10-12,10.0,12.0,25.0,Fast,Tall trees,1.0,Seed,Oil,"Fire starter, Disinfectant, oil, Tannin, Lumber, Coppice",1.0,1.0,0.0,0.0,0.0,1.0,1.0,1.0,1.0,1.0,other_productive,1.0,"Edible == true, no more specific rule matched",7058,Khaya senegalensis,Dyer,Magnoliopsida:Rosidae:Sapindales:Meliaceae,,"African mahogany, cailcedra, mogno africano",tree,erect,perennial,"evergreen, deciduous","materials, medicinals & aromatic, forest/wood, environmental",,29.0,38.0,13.0,42.0,800.0,1300.0,650.0,1500.0,5.0,6.0,4.5,7.5,8.0,8.0,15.0,15.0,1800.0,very bright,clear skies,very bright,light shade,deep (>>150 cm),shallow (20-50 cm),"heavy, medium","heavy, medium",high,moderate,low (<4 dS/m),low (<4 dS/m),well (dry spells),"well (dry spells), excessive (dry/moderately dry)",,,short day (<12 hours),tropical wet & dry (Aw),drought,,,,150.0,210.0,original_rule,edible_flag,high,Dryzone Mahogany,1,,other,0,,0,0
PP:5887,both,rumex crispus,exact_scientific_name,high,5887.0,Plant,https://permapeople.org/plants/rumex-crispus-curled-dock,Rumex crispus,Curled Dock,Polygonaceae,Perennial,4-8,4.0,8.0,0.6,,,1.0,"Leaves, Seed",Coffee,"Compost, Dye, Dynamic accumulator",1.0,1.0,0.0,0.0,0.0,1.0,0.0,1.0,1.0,1.0,vegetable,1.0,Edible parts contains Leaves/Stem/Flowers,9405,Rumex crispus,L.,,,"curly dock, curled dock, yellow dock, yellow sorrel, patience crepue, labaca crespa",herb,erect,perennial,,"forage/pasture, weed",,14.0,18.0,8.0,28.0,800.0,1000.0,600.0,1200.0,5.5,6.5,5.2,6.8,30.0,,60.0,60.0,2600.0,very bright,clear skies,very bright,cloudy skies,medium (50-150 cm),shallow (20-50 cm),"heavy, medium","heavy, medium",high,moderate,low (<4 dS/m),low (<4 dS/m),"poorly (saturated >50% of year), well (dry spells), excessive (dry/moderately dry)","poorly (saturated >50% of year), well (dry spells), excessive (dry/moderately dry)",,,"short day (<12 hours), neutral day (12-14 hours), long day (>14 hours)","tropical wet & dry (Aw), tropical wet (Ar), subtropical humid (Cf), subtropical dry summer (Cs), subtropical dry winter (Cw), temperate oceanic (Do), temperate continental (Dc), temperate with humid winters (Df), temperate with dry winters (Dw)",,,can become a weed,,150.0,180.0,original_rule,edible_flag,high,Curled Dock,1,,leafy_herb,0,,0,0
PP:5896,both,imperata cylindrica,exact_scientific_name,high,5896.0,Plant,https://permapeople.org/plants/imperata-cylindrica-cogongrass,Imperata cylindrica,Cogongrass,Poaceae or gramineae,Perennial,6-9,6.0,9.0,1.2,Slow,,1.0,"Flowers, Leaves, Root, Shoots",Salt,"textiles, Erosion control, Weaving material, Ground cover",1.0,0.0,0.0,0.0,1.0,1.0,0.0,1.0,1.0,1.0,root_crop,1.0,Layer or Edible parts indicates Root/Tuber,1252,Imperata cylindrica,(L.) Raeusch.,Liliopsida:Commelinidae:Cyperales:Gramineae,"Imperata arundinacea Cyr., Imperata cylindrica var. africana (Anderson) C.E. Hubb., Imperata cylindrica var. major (Nees) C.E. Hubb.","cogon grass, blade grass, blady grass, satintail, lalang, alang-alang, illuk grass, cottonwool grass, silky grass, silver spike, Japanese blood grass, paille de dys, paillotte, impérata cylindrique, kunai, gi, ngi, capim seno, imperata, sbow, ya kha, kyet-mei, kurukuru, kogon, gogon, umthente, co tranh, co tranh sang, bach mao, nha ca, gan",grass,erect,perennial,,forage/pasture,grown on large scale,25.0,35.0,20.0,40.0,500.0,3500.0,250.0,6250.0,4.5,6.0,4.0,7.5,,,,,2000.0,very bright,cloudy skies,very bright,light shade,medium (50-150 cm),shallow (20-50 cm),light,"heavy, medium, light",moderate,low,low (<4 dS/m),medium (4-10 dS/m),"poorly (saturated >50% of year), well (dry spells)","poorly (saturated >50% of year), well (dry spells), excessive (dry/moderately dry)",,,short day (<12 hours),"tropical wet & dry (Aw), tropical wet (Ar), steppe or semiarid (Bs), subtropical humid (Cf), subtropical dry summer (Cs)",,,,,90.0,150.0,original_rule,edible_flag,high,Cogongrass,1,,leafy_herb,0,,0,0
PP:5914,both,fagus grandifolia,exact_scientific_name,high,5914.0,Plant,https://permapeople.org/plants/fagus-grandifolia-american-beech,Fagus grandifolia,American Beech,Fagaceae,,4-8,4.0,8.0,10.0,Slow,Trees,1.0,"Inner bark, Leaves, Seed","Oil, Coffee","Fire starter, oil, Lumber, Dynamic accumulator",1.0,1.0,0.0,1.0,1.0,1.0,0.0,1.0,1.0,0.0,vegetable,1.0,Edible parts contains Leaves/Stem/Flowers,6078,Fagus grandifolia,Ehrh.,Magnoliopsida:Hamamelidae:Fagales:Fagaceae,,"American beech, ridge beech, red beeche, faia americana",tree,erect,perennial,"deciduous, single stem","fruits & nuts, ornamentals/turf, forest/wood",,13.0,22.0,5.0,28.0,750.0,1100.0,580.0,1300.0,4.5,6.0,4.1,7.0,32.0,30.0,46.0,48.0,1830.0,very bright,very bright,very bright,heavy shade,deep (>>150 cm),medium (50-150 cm),"heavy, medium","heavy, medium",moderate,moderate,low (<4 dS/m),low (<4 dS/m),well (dry spells),well (dry spells),-42,-1.0,long day (>14 hours),"subtropical humid (Cf), temperate oceanic (Do), temperate continental (Dc)",,,,,95.0,280.0,original_rule,edible_flag,high,American Beech,1,,leafy_herb,0,,0,0
PP:5921,both,fagopyrum tataricum,exact_scientific_name,high,5921.0,Plant,https://permapeople.org/plants/fagopyrum-tataricum-tartarian-buckwheat,Fagopyrum tataricum,Tartarian Buckwheat,Polygonaceae,Annual,,,,0.8,,,1.0,"Leaves, Seed",Oil,oil,1.0,0.0,0.0,0.0,1.0,1.0,0.0,1.0,1.0,1.0,vegetable,1.0,Edible parts contains Leaves/Stem/Flowers,6076,Fagopyrum tataricum,(L.) Gaertner,Magnoliopsida:Caryophyllidae:Polygonales:Polygonaceae,,"India wheat, duck wheat, Tartarian buckwheat, Kangra buckwheat, Iceland buckwheat, fagopiro da Tartaria",herb,erect,annual,single stem,"cereals & pseudocereals, forage/pasture, weed",grown on small scale,15.0,25.0,5.0,30.0,700.0,900.0,400.0,1100.0,5.5,6.5,5.0,7.0,,,,,,very bright,clear skies,very bright,cloudy skies,,shallow (20-50 cm),"medium, light","medium, light",moderate,low,low (<4 dS/m),low (<4 dS/m),well (dry spells),well (dry spells),,,"short day (<12 hours), neutral day (12-14 hours), long day (>14 hours)","steppe or semiarid (Bs), temperate oceanic (Do), temperate continental (Dc), temperate with humid winters (Df), temperate with dry winters (Dw)",,,can become a weed,,70.0,85.0,original_rule,edible_flag,high,Tartarian Buckwheat,1,,leafy_herb,0,,0,0
PP:5927,both,fortunella margarita,exact_scientific_name,high,5927.0,Plant,https://permapeople.org/plants/fortunella-margarita-oval-kumquat,Fortunella margarita,Oval Kumquat,Rutaceae,,7-10,7.0,10.0,3.0,,Shrubs,1.0,Fruit,Pectin,Pectin,1.0,0.0,0.0,0.0,0.0,1.0,0.0,1.0,1.0,1.0,fruit,1.0,Edible parts contains 'Fruit' (non-tree layer),2300,Fortunella margarita,(Lour.) Swingle,Magnoliopsida:Rosidae:Sapindales:Rutaceae,,"oval kumquat, Nagame kumquat, cumquate oval","shrub, tree",erect,perennial,"evergreen, single stem, multi stem","fruits & nuts, ornamentals/turf, medicinals & aromatic, environmental",,26.0,37.0,12.0,40.0,1100.0,1500.0,700.0,4000.0,6.5,7.5,6.0,8.0,20.0,20.0,30.0,30.0,,very bright,clear skies,very bright,cloudy skies,medium (50-150 cm),medium (50-150 cm),medium,medium,high,moderate,low (<4 dS/m),low (<4 dS/m),well (dry spells),well (dry spells),-12,0.0,"short day (<12 hours), neutral day (12-14 hours), long day (>14 hours)","tropical wet & dry (Aw), tropical wet (Ar), subtropical humid (Cf), subtropical dry winter (Cw), temperate oceanic (Do)",,,,,210.0,365.0,original_rule,edible_flag,high,Oval Kumquat,1,,fruit_tree,0,,0,0
PP:5950,both,sorghum halepense,exact_scientific_name,high,5950.0,Plant,https://permapeople.org/plants/sorghum-halepense-johnson-grass,Sorghum halepense,Johnson Grass,Poaceae or gramineae,Perennial,7-10,7.0,10.0,2.0,Fast,,1.0,Seed,,Biomass,1.0,0.0,0.0,0.0,1.0,1.0,0.0,1.0,1.0,1.0,other_productive,1.0,"Edible == true, no more specific rule matched",1983,Sorghum halepense,(L.) Pers.,Liliopsida:Commelinidae:Cyperales:Gramineae,Sorghum almum Parodi,"Johnson grass, Aleppo grass, means-grass, racehorse grass, false Guinea grass, Morocco millet, Egyptian millet, Arabian millet, Cuba grass, evergreen millet, milho zaburro, capim do Alepo, capim de Cuba, capim macambara', peripomonga",grass,erect,perennial,,"forage/pasture, weed",,24.0,32.0,15.0,36.0,500.0,750.0,450.0,1500.0,6.0,6.8,4.9,8.2,30.0,,45.0,45.0,,very bright,very bright,very bright,cloudy skies,medium (50-150 cm),shallow (20-50 cm),"medium, light","heavy, medium, light",high,moderate,low (<4 dS/m),low (<4 dS/m),"poorly (saturated >50% of year), well (dry spells)","poorly (saturated >50% of year), well (dry spells), excessive (dry/moderately dry)",-7,-1.0,"short day (<12 hours), neutral day (12-14 hours)","tropical wet & dry (Aw), steppe or semiarid (Bs), subtropical humid (Cf), subtropical dry summer (Cs), subtropical dry winter (Cw)",,,can become a weed,,120.0,210.0,original_rule,edible_flag,high,Johnson Grass,1,,other,0,,0,0
PP:5956,both,garcinia xanthochymus,exact_scientific_name,high,5956.0,Plant,https://permapeople.org/plants/garcinia-xanthochymus-mysore-gamboge-gamboge,Garcinia xanthochymus,Mysore Gamboge Gamboge,Clusiaceae,,11-12,11.0,12.0,12.0,Slow,Trees,1.0,Fruit,,,1.0,1.0,0.0,0.0,0.0,1.0,0.0,1.0,1.0,1.0,fruit_tree,1.0,Layer contains 'Tree' and Edible parts contains 'Fruit',1125,Garcinia xanthochymus,,Magnoliopsida:Dilleniidae:Guttiferales:Guttiferae,,,tree,erect,perennial,"evergreen, single stem","fruits & nuts, materials",,22.0,28.0,16.0,36.0,1500.0,2000.0,1200.0,2500.0,6.0,7.5,5.5,8.0,10.0,10.0,30.0,30.0,,clear skies,cloudy skies,clear skies,light shade,deep (>>150 cm),medium (50-150 cm),"heavy, medium","heavy, medium, light",high,moderate,low (<4 dS/m),low (<4 dS/m),well (dry spells),well (dry spells),,,short day (<12 hours),"tropical wet & dry (Aw), tropical wet (Ar)",,,,,300.0,365.0,original_rule,edible_flag,high,Mysore Gamboge Gamboge,1,,fruit_tree,0,,0,0
PP:5976,both,humulus lupulus,exact_scientific_name,high,5976.0,Plant,https://permapeople.org/plants/humulus-lupulus-hop,Humulus lupulus,Hop,Cannabidaceae,Perennial,5-7,5.0,7.0,6.0,Medium,Vines,1.0,"Leaves, Root, Shoots","Drink, Rutin, Tea","Dye, Essential Oil, Fiber, textiles, Fragrance",1.0,1.0,0.0,0.0,1.0,1.0,0.0,1.0,1.0,1.0,root_crop,1.0,Layer or Edible parts indicates Root/Tuber,6779,Humulus lupulus,L.,Magnoliopsida:Dilleniidae:Urticales:Cannabaceae,,"hop, houblon, hopfen, luppolo",vine,climber/scrambler/scadent,perennial,,"materials, medicinals & aromatic",grown on large scale,15.0,19.0,8.0,35.0,400.0,700.0,300.0,1300.0,5.5,6.5,5.0,8.0,25.0,18.0,55.0,60.0,1600.0,very bright,clear skies,very bright,cloudy skies,medium (50-150 cm),shallow (20-50 cm),medium,medium,high,moderate,low (<4 dS/m),low (<4 dS/m),well (dry spells),"poorly (saturated >50% of year), well (dry spells)",,,"short day (<12 hours), neutral day (12-14 hours), long day (>14 hours)","steppe or semiarid (Bs), subtropical humid (Cf), subtropical dry summer (Cs), subtropical dry winter (Cw), temperate oceanic (Do), temperate continental (Dc), temperate with humid winters (Df), temperate with dry winters (Dw)",,,,,150.0,210.0,original_rule,edible_flag,high,Hop,1,,leafy_herb,0,,0,0
PP:6013,both,macadamia integrifolia,exact_scientific_name,high,6013.0,Plant,https://permapeople.org/plants/macadamia-integrifolia-macadamia,Macadamia integrifolia,Macadamia,Proteaceae,,9-12,9.0,12.0,10.0,Slow,Trees,1.0,"Seed, Milk",Oil,"Cosmetic, Fire starter, oil, Tannin",1.0,0.0,0.0,0.0,0.0,1.0,0.0,1.0,1.0,1.0,other_productive,1.0,"Edible == true, no more specific rule matched",1382,Macadamia integrifolia,Maiden & Betche,Magnoliopsida:Rosidae:Proteales:Proteaceae,,"macadamia nut, noz de macadamia",tree,erect,perennial,"evergreen, single stem","fruits & nuts, materials, ornamentals/turf, forest/wood, environmental",,10.0,26.0,8.0,35.0,1000.0,3000.0,700.0,3500.0,5.0,6.0,4.5,7.0,15.0,,35.0,40.0,1600.0,clear skies,very bright,clear skies,very bright,medium (50-150 cm),medium (50-150 cm),"medium, light, organic","medium, light, organic",moderate,moderate,low (<4 dS/m),low (<4 dS/m),well (dry spells),well (dry spells),,,,,,,,,365.0,365.0,original_rule,edible_flag,high,Macadamia,1,,other,0,,0,0
PP:6024,both,dioscorea bulbifera,exact_scientific_name,high,6024.0,Plant,https://permapeople.org/plants/dioscorea-bulbifera-aerial-yam,Dioscorea bulbifera,Aerial Yam,Dioscoreaceae,Perennial,9-12,9.0,12.0,10.0,Fast,Vines,1.0,"Flowers, Root",,Pest control,1.0,1.0,0.0,0.0,0.0,1.0,0.0,1.0,1.0,1.0,root_crop,1.0,Layer or Edible parts indicates Root/Tuber,938,Dioscorea bulbifera,L.,Liliopsida:Liliidae:Dioscoreales:Dioscoreaceae,Discorea latifolia Benth.,"potato yam, bitter yam, air potato yam, akam yam, acom, Otaheite yam, Otaheite potato, inhame, cara' de Sao Tome', cara' do ar, cara' de espinho, cara' de sapateiro, figado de peru', ufi sina, ufi soi, hoi, Aerial yam",vine,climber/scrambler/scadent,perennial,multi stem,vegetables,grown on small scale,20.0,30.0,12.0,38.0,1200.0,2600.0,900.0,4000.0,6.0,6.7,5.3,8.0,,,,,,very bright,clear skies,very bright,cloudy skies,deep (>>150 cm),medium (50-150 cm),medium,"medium, light",high,moderate,low (<4 dS/m),low (<4 dS/m),well (dry spells),well (dry spells),9,9.0,short day (<12 hours),tropical wet & dry (Aw),,,,,90.0,300.0,original_rule,edible_flag,high,Aerial Yam,1,,root,0,,0,0
PP:6026,both,dioscorea alata,exact_scientific_name,high,6026.0,Plant,https://permapeople.org/plants/dioscorea-alata-water-yam,Dioscorea alata,Water Yam,Dioscoreaceae,Perennial,10-12,10.0,12.0,15.0,Fast,Vines,1.0,Root,Colouring,"Dye, Animal feed",0.0,1.0,0.0,0.0,0.0,1.0,0.0,1.0,1.0,1.0,root_crop,1.0,Layer or Edible parts indicates Root/Tuber,936,Dioscorea alata,L.,Liliopsida:Liliidae:Dioscoreales:Dioscoreaceae,"Dioscorea rubella, Dioscorea atropurpurea Roxb., Dioscorea purpurea Roxb., Dioscorea sativa Del.","cultivated yam, greater yam, white yam, water yam, winged yam, ten-months yam, Malacca yam, Guyana arrowroot, igname, inhame da India, inhame de Coriola', marquesota, cara' de Angola, cara' da Guine', dam, ngaka, pae, ni-parai(Cook I), pua-hi(Cook I), ufi (Cook I), uvi, vutua, ufi, aso'aso, au poto, tafasoa, uvi (Simbo), marihi (Roviana), yam tru (except in Madang Province), ñame de agua, ñame",vine,climber/scrambler/scadent,perennial,"deciduous, multi stem","roots/tubers, environmental","grown on large scale, grown on small scale",20.0,32.0,14.0,40.0,1200.0,4000.0,700.0,8000.0,5.5,6.5,4.8,8.5,,,30.0,40.0,2500.0,very bright,clear skies,very bright,light shade,deep (>>150 cm),medium (50-150 cm),"medium, light","medium, light",high,moderate,low (<4 dS/m),low (<4 dS/m),well (dry spells),well (dry spells),-2,9.0,short day (<12 hours),"tropical wet & dry (Aw), tropical wet (Ar), subtropical humid (Cf), subtropical dry summer (Cs)",,,,,220.0,300.0,original_rule,edible_flag,high,Water Yam,1,,root,0,,0,0
PP:6028,both,dioscorea esculenta,exact_scientific_name,high,6028.0,Plant,https://permapeople.org/plants/dioscorea-esculenta-lesser-yam,Dioscorea esculenta,Lesser Yam,Dioscoreaceae,Perennial,8-12,8.0,12.0,3.0,Fast,Vines,1.0,Root,,,1.0,1.0,0.0,0.0,0.0,1.0,0.0,1.0,1.0,0.0,root_crop,1.0,Layer or Edible parts indicates Root/Tuber,939,Dioscorea esculenta,(Lour.) Burkill,Liliopsida:Liliidae:Dioscoreales:Dioscoreaceae,Dioscorea aculeata L.,"fancy yam, potato yam, lesser yam, lesser asiatic yam, igname, inhame de comer, inhame taioba, inhame de enxerto, kawai, ufilei, ami","herb, vine",climber/scrambler/scadent,perennial,,"roots/tubers, forage/pasture, environmental",grown on small scale,28.0,32.0,17.0,45.0,800.0,2000.0,600.0,8000.0,5.5,6.5,4.5,8.5,,,20.0,23.0,900.0,very bright,clear skies,very bright,cloudy skies,deep (>>150 cm),medium (50-150 cm),"medium, organic","medium, light",high,moderate,low (<4 dS/m),low (<4 dS/m),well (dry spells),well (dry spells),9,0.0,short day (<12 hours),"tropical wet & dry (Aw), tropical wet (Ar)",,,,,200.0,365.0,original_rule,edible_flag,high,Lesser Yam,1,,root,0,,0,0
PP:6032,both,eichhornia crassipes,exact_scientific_name,high,6032.0,Plant,https://permapeople.org/plants/eichhornia-crassipes-water-hyacinth,Eichhornia crassipes,Water Hyacinth,Pontederiaceae,Perennial,10-11,10.0,11.0,0.3,Fast,,1.0,Leaves,,"Biomass, Pollution, Nitrogen fixer",1.0,1.0,0.0,0.0,0.0,1.0,0.0,1.0,1.0,1.0,vegetable,1.0,Edible parts contains Leaves/Stem/Flowers,5622,Eichhornia crassipes,(C. Martius) Solms-Laub.,Liliopsida:Liliidae:Haemodorales:Pontederiaceae,"Eichhornia speciosa Kunth, Pontederia crassipes Mart","water hyacinth, Nile lily, waterhiasint",herb,,biennial,multi stem,"forage/pasture, vegetables, materials, ornamentals/turf, environmental, weed",,20.0,35.0,10.0,40.0,1000.0,3000.0,600.0,4000.0,6.7,7.3,5.0,8.0,,,38.0,38.0,,very bright,very bright,very bright,clear skies,shallow (20-50 cm),shallow (20-50 cm),heavy,heavy,high,low,low (<4 dS/m),low (<4 dS/m),poorly (saturated >50% of year),poorly (saturated >50% of year),1,1.0,"short day (<12 hours), neutral day (12-14 hours), long day (>14 hours)","tropical wet & dry (Aw), tropical wet (Ar), desert or arid (Bw), steppe or semiarid (Bs), subtropical humid (Cf), subtropical dry summer (Cs), subtropical dry winter (Cw)",flooding,,can become a weed,,30.0,365.0,original_rule,edible_flag,high,Water Hyacinth,1,,leafy_herb,0,,0,0
PP:6050,both,warburgia salutaris,exact_scientific_name,high,6050.0,Plant,https://permapeople.org/plants/warburgia-salutaris-pepperbark-tree,Warburgia salutaris,Pepperbark Tree,Canellaceae,,10-12,10.0,12.0,8.0,Slow,Trees,1.0,"Inner bark, Leaves","Condiment, Tea","Fire starter, Lumber, Cover crop, Hedgerow, Mulch, Resin, Tannin, Nitrogen fixer, Fragrance",1.0,0.0,0.0,0.0,0.0,1.0,0.0,1.0,1.0,0.0,vegetable,1.0,Edible parts contains Leaves/Stem/Flowers,46753,Warburgia salutaris,(Bertol.f.) Chiov.,Magnoliopsida:Magnoliidae:Magnoliales:Canellaceae,,pepperbark tree,tree,erect,perennial,"evergreen, single stem","forage/pasture, materials, ornamentals/turf, medicinals & aromatic, forest/wood, environmental",,15.0,25.0,10.0,35.0,600.0,1500.0,400.0,1750.0,5.0,7.0,4.5,7.5,,,25.0,35.0,2200.0,clear skies,very bright,clear skies,very bright,deep (>>150 cm),medium (50-150 cm),"medium, organic","heavy, medium, light, wide, organic",moderate,moderate,low (<4 dS/m),low (<4 dS/m),well (dry spells),well (dry spells),,,,"tropical wet & dry (Aw), tropical wet (Ar), subtropical humid (Cf)",,,,,365.0,365.0,original_rule,edible_flag,high,Pepperbark Tree,1,,leafy_herb,0,,0,0
PP:6055,both,sorbus domestica,exact_scientific_name,high,6055.0,Plant,https://permapeople.org/plants/sorbus-domestica-service-tree,Sorbus domestica,Service Tree,Rosaceae,,6-10,6.0,10.0,15.0,Medium,Tall trees,1.0,Fruit,,"Tannin, Lumber",1.0,1.0,0.0,0.0,0.0,1.0,0.0,1.0,1.0,1.0,fruit_tree,1.0,Layer contains 'Tree' and Edible parts contains 'Fruit',9942,Sorbus domestica,L.,Magnoliopsida:Rosidae:Rosales:Rosaceae,,"serviceberry, service tree, beam tree, checker tree, speierling, sorveira, sorveira brava, pau-vaca",tree,erect,perennial,"evergreen, deciduous","fruits & nuts, ornamentals/turf",grown on small scale,12.0,25.0,8.0,32.0,700.0,1500.0,500.0,2000.0,6.0,8.0,5.5,8.5,25.0,20.0,50.0,60.0,1500.0,clear skies,very bright,cloudy skies,very bright,deep (>>150 cm),medium (50-150 cm),"heavy, medium, light","heavy, medium, light",moderate,moderate,,,well (dry spells),"poorly (saturated >50% of year), well (dry spells)",-18,-1.0,,"subtropical dry summer (Cs), temperate oceanic (Do)",wind,,,,0.0,0.0,original_rule,edible_flag,high,Service Tree,1,,fruit_tree,0,,0,0
PP:6067,both,cordia alliodora,exact_scientific_name,high,6067.0,Plant,https://permapeople.org/plants/cordia-alliodora-ecuador-laurel,Cordia alliodora,Ecuador laurel,Boraginaceae,,10-12,10.0,12.0,30.0,Fast,Tall trees,1.0,"Fruit, Inner bark",Condiment,"Fire starter, Lumber, Pioneer, Soil conditioner, Coppice",1.0,0.0,0.0,0.0,0.0,1.0,0.0,1.0,1.0,1.0,fruit_tree,1.0,Layer contains 'Tree' and Edible parts contains 'Fruit',777,Cordia alliodora,(Ruiz & Pav.) Oken,Magnoliopsida:Asteridae:Lamiales:Boraginaceae,,"Ecuador laurel, garlic tree, cyp, cypre, salmwood, freijó louro, urua, louro amarelo",tree,erect,perennial,"deciduous, single stem","fruits & nuts, ornamentals/turf, medicinals & aromatic, forest/wood, environmental",,24.0,32.0,16.0,36.0,2000.0,3000.0,750.0,4000.0,6.5,7.5,6.0,8.5,,,20.0,25.0,2000.0,very bright,very bright,very bright,cloudy skies,deep (>>150 cm),medium (50-150 cm),"heavy, medium","heavy, medium",moderate,moderate,low (<4 dS/m),low (<4 dS/m),well (dry spells),"well (dry spells), excessive (dry/moderately dry)",,,short day (<12 hours),"tropical wet & dry (Aw), tropical wet (Ar)",,,,,240.0,365.0,original_rule,edible_flag,high,Ecuador laurel,1,,fruit_tree,0,,0,0
PP:6077,both,chenopodium ambrosioides,exact_scientific_name,high,6077.0,Plant,https://permapeople.org/plants/chenopodium-ambrosioides-mexican-tea,Chenopodium ambrosioides,Mexican Tea,Chenopodiaceae,"Annual, Perennial",7-10,7.0,10.0,1.0,,,1.0,"Leaves, Seed",Tea,"Dye, Pest control, Fragrance",1.0,0.0,0.0,0.0,0.0,1.0,0.0,1.0,1.0,1.0,vegetable,1.0,Edible parts contains Leaves/Stem/Flowers,4483,Chenopodium ambrosioides,L.,Magnoliopsida:Caryophyllidae:Caryophyllales:Chenopodiaceae,,Mexican tea,herb,erect,"annual, perennial",,materials,grown on small scale,15.0,22.0,4.0,31.0,800.0,1500.0,300.0,4200.0,6.5,7.5,5.0,8.7,20.0,,35.0,35.0,1500.0,very bright,clear skies,very bright,cloudy skies,medium (50-150 cm),shallow (20-50 cm),medium,"heavy, medium, light",high,moderate,low (<4 dS/m),low (<4 dS/m),well (dry spells),well (dry spells),-2,-1.0,short day (<12 hours),"tropical wet & dry (Aw), steppe or semiarid (Bs), subtropical humid (Cf)",,,,,150.0,210.0,original_rule,edible_flag,high,Mexican Tea; Wormseed,2,,leafy_herb,0,,0,0
PP:6078,both,chenopodium album,exact_scientific_name,high,6078.0,Plant,https://permapeople.org/plants/chenopodium-album-lambsquarters,Chenopodium album,Lambsquarters,Chenopodiaceae,Annual,,,,0.9,,,1.0,"Flowers, Leaves, Seed",,"Dye, Soap, Dynamic accumulator",1.0,0.0,0.0,0.0,0.0,1.0,0.0,1.0,1.0,1.0,vegetable,1.0,Edible parts contains Leaves/Stem/Flowers,17797,Chenopodium album,L.,Magnoliopsida:Caryophyllidae:Caryophyllales:Chenopodiaceae,Chenopodium album ssp. album L.,"lamb's-quarters, pigweed, fat hen, frost blite, mutton tops, dirtweed, lamb's quarters, dirty dick, midden myles, baconweed, cenizo blanco, weißer gänsefuß, svinmålla, mjölmålla, vitmålla, meldestokk, hvidmelet gåsefod, jauhosavikka, hélunjóli",herb,erect,annual,"single stem, multi stem, C3 photosynthesis","vegetables, medicinals & aromatic, weed",harvested from wild,12.0,18.0,3.0,31.0,800.0,1200.0,300.0,3200.0,6.0,7.0,4.2,8.2,,,50.0,79.0,,clear skies,very bright,cloudy skies,very bright,shallow (20-50 cm),shallow (20-50 cm),"heavy, medium, light","heavy, medium, light",high,moderate,low (<4 dS/m),medium (4-10 dS/m),well (dry spells),well (dry spells),,,long day (>14 hours),"steppe or semiarid (Bs), subtropical dry summer (Cs), temperate oceanic (Do), temperate continental (Dc), temperate with humid winters (Df), temperate with dry winters (Dw)",,,,,120.0,270.0,original_rule,edible_flag,high,Lambsquarters; goosefoot,2,,leafy_herb,0,,0,0
PP:6095,both,chenopodium pallidicaule,exact_scientific_name,high,6095.0,Plant,https://permapeople.org/plants/chenopodium-pallidicaule-canihua,Chenopodium pallidicaule,Cañihua,Chenopodiaceae,Annual,,,,0.6,,,1.0,"Leaves, Seed",Drink,Dye,1.0,0.0,0.0,0.0,1.0,1.0,0.0,1.0,1.0,1.0,vegetable,1.0,Edible parts contains Leaves/Stem/Flowers,4494,Chenopodium pallidicaule,Heller,Magnoliopsida:Caryophyllidae:Caryophyllales:Chenopodiaceae,,"canihua, qaniwa, canahua",herb,erect,annual,,"pulses (grain legumes), medicinals & aromatic","grown on large scale, grown on small scale",10.0,16.0,5.0,28.0,500.0,800.0,300.0,1100.0,6.0,7.5,4.8,8.5,,,15.0,15.0,4400.0,very bright,clear skies,very bright,cloudy skies,shallow (20-50 cm),shallow (20-50 cm),"medium, light","heavy, medium, light",moderate,low,low (<4 dS/m),medium (4-10 dS/m),well (dry spells),well (dry spells),-10,-3.0,"short day (<12 hours), neutral day (12-14 hours), long day (>14 hours)","tropical wet & dry (Aw), steppe or semiarid (Bs), subtropical dry summer (Cs), temperate oceanic (Do), temperate continental (Dc), temperate with humid winters (Df), temperate with dry winters (Dw)","hail, wind, drought",,,small scale (manual),90.0,150.0,original_rule,edible_flag,high,Cañihua,1,,leafy_herb,0,,0,0
PP:6100,both,gliricidia sepium,exact_scientific_name,high,6100.0,Plant,https://permapeople.org/plants/gliricidia-sepium-gliricidia,Gliricidia sepium,Gliricidia,Fabaceae,,10-12,10.0,12.0,10.0,Fast,Shrubs,1.0,"Flowers, Leaves",,"Biomass, Fire starter, Fencing, Animal feed, Lumber, Cover crop, Hedgerow, Pioneer, Plant support, Wind breaker, Soil conditioner, Erosion control, Coppice, Nitrogen fixer",1.0,0.0,0.0,0.0,0.0,1.0,0.0,1.0,1.0,1.0,vegetable,1.0,Edible parts contains Leaves/Stem/Flowers,1146,Gliricidia sepium,(Jacq.) Steud.,Magnoliopsida:Rosidae:Fabales:Leguminosae,Gliricidia maculata H.B.K.,"gliricidia, glory cedar, gloricidia, mother of cacao, quickstick, madre de cacao",tree,erect,perennial,"evergreen, deciduous, single stem","forage/pasture, materials, medicinals & aromatic, forest/wood, environmental",grown on small scale,15.0,30.0,12.0,44.0,1200.0,2300.0,600.0,3500.0,5.5,6.2,4.5,8.0,6.0,6.0,19.0,19.0,1600.0,very bright,clear skies,very bright,cloudy skies,deep (>>150 cm),medium (50-150 cm),"medium, light","heavy, medium, light",moderate,low,low (<4 dS/m),low (<4 dS/m),"well (dry spells), excessive (dry/moderately dry)","poorly (saturated >50% of year), well (dry spells), excessive (dry/moderately dry)",-2,-1.0,short day (<12 hours),"tropical wet & dry (Aw), tropical wet (Ar)",fire,,,,180.0,240.0,original_rule,edible_flag,high,Gliricidia,1,,leafy_herb,0,,0,0
PP:6109,both,inga edulis,exact_scientific_name,high,6109.0,Plant,https://permapeople.org/plants/inga-edulis-ice-cream-bean,Inga edulis,Ice Cream Bean,Fabaceae,,9-12,9.0,12.0,18.0,Fast,Tall trees,1.0,Seedpod,,"Containers, Fencing, Fire starter, Hedgerow, Soil conditioner, Erosion control, Lumber, Coppice, Nitrogen fixer",1.0,1.0,0.0,0.0,1.0,1.0,1.0,1.0,1.0,1.0,other_productive,1.0,"Edible == true, no more specific rule matched",1260,Inga edulis,Mart.,Magnoliopsida:Rosidae:Fabales:Leguminosae,,"food inga, ice cream bean, pois sucre, guarna, guamo, guama, guaba, huaba, inga, guamo bejuco, chalaite, rabo de mico, pacay, ingá cipó, inga de metro",tree,erect,perennial,single stem,"forage/pasture, fruits & nuts, ornamentals/turf, medicinals & aromatic, forest/wood, environmental",grown on small scale,23.0,30.0,18.0,35.0,1200.0,2500.0,640.0,4000.0,5.0,6.5,4.5,8.0,,,10.0,26.0,2200.0,very bright,clear skies,very bright,cloudy skies,deep (>>150 cm),medium (50-150 cm),"heavy, medium","heavy, medium, light",moderate,low,low (<4 dS/m),low (<4 dS/m),"poorly (saturated >50% of year), well (dry spells)","poorly (saturated >50% of year), well (dry spells)",-2,0.0,"short day (<12 hours), neutral day (12-14 hours), long day (>14 hours)","tropical wet & dry (Aw), tropical wet (Ar), subtropical humid (Cf), subtropical dry summer (Cs), subtropical dry winter (Cw)",,,,"home garden, small scale (manual)",365.0,365.0,original_rule,edible_flag,high,Ice Cream Bean,1,,other,0,,1,0
PP:6110,both,inga vera,exact_scientific_name,high,6110.0,Plant,https://permapeople.org/plants/inga-vera-ice-cream-bean,Inga vera,Ice cream bean,Fabaceae,,10-12,10.0,12.0,15.0,Fast,Tall trees,1.0,Fruit,,,1.0,0.0,0.0,0.0,0.0,1.0,0.0,0.0,1.0,1.0,fruit_tree,1.0,Layer contains 'Tree' and Edible parts contains 'Fruit',6896,Inga vera,Willd.,Magnoliopsida:Rosidae:Fabales:Leguminosae,Inga inga (L.) Britton,"guaba, pan chock, river-koko, pois doux, pois doux à paille, pois sucrin, guaba nativa, guamà, guamá jina, guavo, inga, pwa dou, sikren, inga' verdadeiro",tree,erect,perennial,"evergreen, single stem","fruits & nuts, materials, medicinals & aromatic, forest/wood, environmental",,18.0,28.0,15.0,35.0,1500.0,3000.0,1200.0,4000.0,6.0,8.0,5.5,8.5,,,20.0,25.0,1000.0,clear skies,very bright,cloudy skies,very bright,deep (>>150 cm),deep (>>150 cm),medium,medium,high,moderate,low (<4 dS/m),low (<4 dS/m),well (dry spells),well (dry spells),,,,"tropical wet & dry (Aw), tropical wet (Ar)",,,,,365.0,365.0,original_rule,edible_flag,high,Ice cream bean,1,,fruit_tree,0,,0,0
PP:6111,both,telfairia pedata,exact_scientific_name,high,6111.0,Plant,https://permapeople.org/plants/telfairia-pedata-oysternut,Telfairia pedata,Oysternut,Cucurbitaceae,,10-12,10.0,12.0,20.0,Fast,Vines,1.0,Seed,Oil,"Cosmetic, Lighting, oil, Polish, Soap making",1.0,1.0,0.0,0.0,0.0,1.0,0.0,1.0,1.0,1.0,nut,1.0,Common name contains 'nut' or Edible uses contains 'Nut',10308,Telfairia pedata,(Smith ex Sims) Hooker,Magnoliopsida:Dilleniidae:Violales:Cucurbitaceae,,,vine,climber/scrambler/scadent,perennial,,fruits & nuts,,23.0,28.0,14.0,38.0,1500.0,2000.0,1200.0,2500.0,5.5,6.0,5.0,7.0,,,20.0,20.0,1800.0,very bright,cloudy skies,very bright,light shade,medium (50-150 cm),shallow (20-50 cm),"heavy, medium, light","heavy, medium, light",high,low,low (<4 dS/m),low (<4 dS/m),well (dry spells),"well (dry spells), excessive (dry/moderately dry)",,,short day (<12 hours),"tropical wet & dry (Aw), tropical wet (Ar), subtropical humid (Cf), subtropical dry summer (Cs), subtropical dry winter (Cw)",,,,,240.0,270.0,original_rule,edible_flag,high,Oysternut,1,,fruit_tree,0,,0,0
PP:6116,both,festuca ovina,exact_scientific_name,high,6116.0,Plant,https://permapeople.org/plants/festuca-ovina-sheep-s-fescue,Festuca ovina,Sheep's Fescue,Poaceae or gramineae,Perennial,4-8,4.0,8.0,0.3,,,1.0,Seed,,,1.0,1.0,0.0,0.0,1.0,1.0,0.0,1.0,1.0,0.0,other_productive,1.0,"Edible == true, no more specific rule matched",14194,Festuca ovina,L.,Liliopsida:Commelinidae:Cyperales:Gramineae,,"sheep fescue, sheep's fescue, laborinho, calraxo, lingua de ovelha",grass,erect,perennial,multi stem,"forage/pasture, environmental",,10.0,22.0,2.0,26.0,500.0,900.0,300.0,1600.0,5.0,6.5,4.5,8.2,35.0,,60.0,60.0,,very bright,cloudy skies,very bright,light shade,medium (50-150 cm),shallow (20-50 cm),light,"medium, light",low,low,low (<4 dS/m),medium (4-10 dS/m),well (dry spells),"well (dry spells), excessive (dry/moderately dry)",-5,-1.0,"short day (<12 hours), neutral day (12-14 hours), long day (>14 hours)","tropical wet & dry (Aw), tropical wet (Ar), steppe or semiarid (Bs), subtropical humid (Cf), subtropical dry summer (Cs), subtropical dry winter (Cw), temperate oceanic (Do), temperate continental (Dc), temperate with humid winters (Df), temperate with dry winters (Dw)",,,,,120.0,180.0,original_rule,edible_flag,high,Sheep's Fescue,1,,other,0,,0,0
PP:6119,both,levisticum officinale,exact_scientific_name,high,6119.0,Plant,https://permapeople.org/plants/levisticum-officinale-lovage,Levisticum officinale,Lovage,Apiaceae,Perennial,5-9,5.0,9.0,,Medium,Herbs,1.0,"Flowers, Leaves, Root, Seed, Stem","Condiment, Tea","Essential Oil, Fragrance",1.0,1.0,0.0,0.0,0.0,1.0,0.0,1.0,1.0,1.0,root_crop,1.0,Layer or Edible parts indicates Root/Tuber,7277,Levisticum officinale,Koch,Magnoliopsida:Rosidae:Apiales:Umbelliferae,,"lovage, livèche, Liebstöckel, Levistici rhizoma et radix, Levistici folium, Levistici herba, Levistici fructus, Aetheroleum levistici",herb,erect,perennial,,"roots/tubers, medicinals & aromatic",grown on small scale,12.0,18.0,6.0,22.0,700.0,1200.0,500.0,1500.0,6.0,7.0,5.0,7.8,,,,,,very bright,clear skies,very bright,cloudy skies,medium (50-150 cm),shallow (20-50 cm),"medium, organic","medium, light, organic",high,moderate,low (<4 dS/m),low (<4 dS/m),well (dry spells),"poorly (saturated >50% of year), well (dry spells)",-10,0.0,long day (>14 hours),"temperate oceanic (Do), temperate continental (Dc), temperate with humid winters (Df), temperate with dry winters (Dw)",,,,,140.0,160.0,original_rule,edible_flag,high,Lovage,1,,root,0,,0,0
PP:6153,both,eucalyptus gummifera,exact_scientific_name,high,6153.0,Plant,https://permapeople.org/plants/eucalyptus-gummifera-red-bloodwood,Eucalyptus gummifera,Red Bloodwood,Myrtaceae,,9-11,9.0,11.0,15.0,Fast,Tall trees,1.0,Nectar,Drink,"Fire starter, Pest control, Wind breaker, Lumber",1.0,0.0,0.0,0.0,1.0,1.0,1.0,1.0,1.0,1.0,other_productive,1.0,"Edible == true, no more specific rule matched",5868,Eucalyptus gummifera,(Sol. ex Gaertn.) Hochr.,Magnoliopsida:Rosidae:Myrtales:Myrtaceae,,bloodwood,tree,erect,perennial,single stem,forest/wood,,18.0,32.0,10.0,40.0,1000.0,1500.0,700.0,1800.0,5.5,6.5,5.0,7.0,25.0,25.0,37.5,37.5,800.0,very bright,clear skies,very bright,cloudy skies,deep (>>150 cm),medium (50-150 cm),medium,,moderate,moderate,low (<4 dS/m),low (<4 dS/m),well (dry spells),well (dry spells),-8,0.0,"short day (<12 hours), neutral day (12-14 hours), long day (>14 hours)",subtropical humid (Cf),,,,,180.0,240.0,original_rule,edible_flag,high,Red Bloodwood,1,,other,0,,0,0
PP:6156,both,eucalyptus largiflorens,exact_scientific_name,high,6156.0,Plant,https://permapeople.org/plants/eucalyptus-largiflorens-black-box,Eucalyptus largiflorens,Black Box,Myrtaceae,,9-11,9.0,11.0,18.0,Slow,Tall trees,1.0,Seed,,"Essential Oil, Lumber, Fragrance",1.0,0.0,0.0,0.0,1.0,1.0,1.0,1.0,1.0,1.0,other_productive,1.0,"Edible == true, no more specific rule matched",5876,Eucalyptus largiflorens,F. Muell.,Magnoliopsida:Rosidae:Myrtales:Myrtaceae,,,tree,erect,perennial,"evergreen, single stem, C3 photosynthesis","forest/wood, environmental",,27.0,36.0,8.0,40.0,250.0,380.0,200.0,500.0,7.0,7.5,6.5,8.5,25.7,25.7,37.0,37.0,1200.0,very bright,very bright,very bright,very bright,deep (>>150 cm),medium (50-150 cm),medium,"heavy, medium, light",moderate,moderate,low (<4 dS/m),medium (4-10 dS/m),poorly (saturated >50% of year),"poorly (saturated >50% of year), well (dry spells)",-7,-1.0,"short day (<12 hours), neutral day (12-14 hours), long day (>14 hours)","desert or arid (Bw), steppe or semiarid (Bs), subtropical humid (Cf), subtropical dry summer (Cs), subtropical dry winter (Cw)",flooding,,,,120.0,180.0,original_rule,edible_flag,high,Black Box,1,,other,0,,0,0
PP:6160,both,cola acuminata,exact_scientific_name,high,6160.0,Plant,https://permapeople.org/plants/cola-acuminata-cola-nut,Cola acuminata,Cola Nut,Malvaceae,,10-12,10.0,12.0,20.0,Medium,Tall trees,1.0,Seed,"Coffee, Colouring, Condiment, Drink","Filter, Fire starter, Lumber",1.0,0.0,0.0,0.0,0.0,1.0,0.0,1.0,1.0,1.0,nut,1.0,Common name contains 'nut' or Edible uses contains 'Nut',4744,Cola acuminata,(P. Beauv.) Schott & Endl.,Magnoliopsida:Dilleniidae:Malvales:Sterculiaceae,"Cola pseudo-acuminata, Sterculia acuminata","abata kola, evbe, ibong, oji-awusa, obi abata",tree,erect,perennial,"evergreen, single stem","fruits & nuts, environmental",grown on small scale,23.0,28.0,18.0,32.0,2000.0,3000.0,700.0,4300.0,5.0,6.0,4.3,6.8,,,,,,very bright,clear skies,very bright,cloudy skies,deep (>>150 cm),medium (50-150 cm),"light, organic","medium, light",high,moderate,low (<4 dS/m),low (<4 dS/m),well (dry spells),well (dry spells),,,short day (<12 hours),"tropical wet & dry (Aw), tropical wet (Ar), subtropical humid (Cf), subtropical dry summer (Cs), subtropical dry winter (Cw)",,,,,150.0,365.0,original_rule,edible_flag,high,Cola Nut,1,,fruit_tree,0,,0,0
PP:6161,both,colophospermum mopane,exact_scientific_name,high,6161.0,Plant,https://permapeople.org/plants/colophospermum-mopane-rhodesian-ironwood,Colophospermum mopane,Rhodesian ironwood,Fabaceae,,10-12,10.0,12.0,12.0,Slow,Trees,1.0,Fruit,,Animal feed,1.0,1.0,0.0,0.0,0.0,1.0,1.0,1.0,1.0,1.0,fruit_tree,1.0,Layer contains 'Tree' and Edible parts contains 'Fruit',4779,Colophospermum mopane,(Ki.),Magnoliopsida:Rosidae:Fabales:Leguminosae,Colophospermum mopani,mopane,tree,erect,perennial,"deciduous, single stem","forage/pasture, fruits & nuts, materials, medicinals & aromatic, forest/wood, environmental",,26.0,36.0,12.0,50.0,250.0,500.0,150.0,900.0,5.5,7.5,5.0,8.5,,,10.0,25.0,1200.0,very bright,clear skies,very bright,cloudy skies,deep (>>150 cm),shallow (20-50 cm),"heavy, medium","heavy, medium, light",moderate,low,low (<4 dS/m),medium (4-10 dS/m),well (dry spells),"poorly (saturated >50% of year), well (dry spells), excessive (dry/moderately dry)",-1,-1.0,short day (<12 hours),"tropical wet & dry (Aw), desert or arid (Bw), steppe or semiarid (Bs)","fire, drought, grazing/browsing",,,,90.0,210.0,original_rule,edible_flag,high,Rhodesian ironwood,1,,fruit_tree,0,,0,0
PP:6170,both,corylus colurna,species_binomial_inheritance,medium,6170.0,Plant,https://permapeople.org/plants/corylus-colurna-turkish-hazel,Corylus colurna,Turkish Hazel,Betulaceae,,4-7,4.0,7.0,25.0,Slow,Tall trees,1.0,Seed,Oil,"oil, Lumber",1.0,1.0,0.0,0.0,0.0,1.0,0.0,1.0,1.0,1.0,other_productive,1.0,"Edible == true, no more specific rule matched",4893,Corylus colurna var. colurna,L.,Magnoliopsida:Hamamelidae:Fagales:Betulaceae,,,"shrub, tree",erect,perennial,"deciduous, single stem, multi stem",fruits & nuts,grown on small scale,16.0,28.0,5.0,37.0,900.0,1100.0,600.0,1400.0,6.5,7.3,6.0,8.0,25.0,25.0,45.0,50.0,,very bright,very bright,very bright,cloudy skies,deep (>>150 cm),medium (50-150 cm),medium,"heavy, medium, light",moderate,moderate,low (<4 dS/m),low (<4 dS/m),well (dry spells),well (dry spells),-5,-1.0,"short day (<12 hours), neutral day (12-14 hours), long day (>14 hours)","subtropical dry summer (Cs), temperate oceanic (Do), temperate continental (Dc), temperate with humid winters (Df), temperate with dry winters (Dw)",,,,,150.0,180.0,original_rule,edible_flag,high,Turkish Hazel,1,,other,0,,0,0
PP:6210,both,nasturtium officinale,exact_scientific_name,high,6210.0,Plant,https://permapeople.org/plants/nasturtium-officinale-watercress,Nasturtium officinale,Watercress,Brassicaceae,Perennial,3-11,3.0,11.0,,Fast,Herbs,1.0,"Leaves, Stem, Fruit, Seed",,Ground cover,1.0,0.0,0.0,0.0,0.0,0.0,1.0,1.0,1.0,1.0,fruit,1.0,Edible parts contains 'Fruit' (non-tree layer),1522,Nasturtium officinale,R.Br.,,"Sisymbrium nasturtium-aquaticum L., Rorippa nasturtium-aquaticum Hayek, Nasturtium fontanum Asch., Sisymbrium cardaminefolium Gilib","watercress, cresson d'eau, cresson de fontaine, wara kebis, brunnenkresse, agriao de agua, berro",herb,,perennial,,"vegetables, medicinals & aromatic",grown on small scale,12.0,17.0,6.0,32.0,1000.0,2300.0,300.0,4200.0,6.5,7.5,4.5,8.3,,,,,3000.0,very bright,very bright,very bright,light shade,shallow (20-50 cm),shallow (20-50 cm),"medium, light","heavy, medium, light",moderate,low,low (<4 dS/m),low (<4 dS/m),poorly (saturated >50% of year),"poorly (saturated >50% of year), well (dry spells)",3,0.0,"neutral day (12-14 hours), long day (>14 hours)","tropical wet & dry (Aw), tropical wet (Ar), steppe or semiarid (Bs), subtropical humid (Cf), subtropical dry summer (Cs), subtropical dry winter (Cw), temperate oceanic (Do), temperate continental (Dc), temperate with humid winters (Df), temperate with dry winters (Dw)",,,,,40.0,80.0,original_rule,edible_flag,high,Watercress,1,,fruiting,0,,0,0
PP:6265,both,pouteria campechiana,exact_scientific_name,high,6265.0,Plant,https://permapeople.org/plants/pouteria-campechiana-canistel,Pouteria campechiana,Canistel,Sapotaceae,,10-12,10.0,12.0,15.0,Fast,Tall trees,1.0,Fruit,,"textiles, Lumber",1.0,0.0,0.0,0.0,1.0,1.0,1.0,1.0,1.0,1.0,fruit_tree,1.0,Layer contains 'Tree' and Edible parts contains 'Fruit',2394,Pouteria campechiana,(HBK)Baehni,,"Lucuma nervosa A DC., Lucuma rivicoa Gaertn.f.","Canistel, Egg fruit tree",tree,erect,perennial,"evergreen, single stem","fruits & nuts, vegetables",grown on small scale,20.0,26.0,16.0,30.0,1200.0,2000.0,650.0,2700.0,6.0,7.5,5.5,8.0,,,25.0,40.0,1400.0,very bright,clear skies,very bright,cloudy skies,medium (50-150 cm),shallow (20-50 cm),"heavy, medium, light","heavy, medium, light",moderate,low,low (<4 dS/m),low (<4 dS/m),well (dry spells),well (dry spells),-1,-1.0,short day (<12 hours),"tropical wet & dry (Aw), tropical wet (Ar), subtropical humid (Cf), subtropical dry summer (Cs), subtropical dry winter (Cw)",,,,,180.0,365.0,original_rule,edible_flag,high,Canistel,1,,fruit_tree,0,,0,0
PP:6269,both,lupinus tauris,ecocrop_synonym_binomial,medium,6269.0,Plant,https://permapeople.org/plants/lupinus-tauris,Lupinus tauris,Lupinus tauris,Fabaceae or leguminosae,,,,,,,Shrubs,1.0,Seed,,"Dynamic accumulator, Nitrogen fixer",1.0,0.0,0.0,0.0,1.0,1.0,0.0,1.0,1.0,0.0,legume,1.0,Family == Fabaceae and Edible parts contains Seed/Pod,7435,Lupinus mutabilis,Sweet,Magnoliopsida:Rosidae:Fabales:Leguminosae,Lupinus tauris,"Andean lupin, South American lupin, sweet Bolivian lupine, pearl lupin, altramuz, chocho, lupino, raewi (Peru, Bolivia), tauri (Bolivia), chocho (Ecuador, Peru), chochito (Ecuador, Peru), cequela (Peru), chuchus (Bolivia), tarwi, tauri",herb,erect,annual,single stem,"pulses (grain legumes), forage/pasture, ornamentals/turf, medicinals & aromatic",grown on small scale,18.0,24.0,6.0,30.0,500.0,1000.0,350.0,1700.0,5.0,6.5,4.5,7.0,,,22.0,50.0,4000.0,very bright,clear skies,very bright,cloudy skies,shallow (20-50 cm),shallow (20-50 cm),"medium, light","heavy, medium, light",moderate,low,low (<4 dS/m),medium (4-10 dS/m),well (dry spells),"well (dry spells), excessive (dry/moderately dry)",-5,-5.0,"short day (<12 hours), neutral day (12-14 hours), long day (>14 hours)","tropical wet & dry (Aw), steppe or semiarid (Bs), subtropical humid (Cf), subtropical dry summer (Cs), subtropical dry winter (Cw), temperate oceanic (Do), temperate continental (Dc), temperate with humid winters (Df), temperate with dry winters (Dw)",,,,,150.0,330.0,original_rule,edible_flag,high,Lupinus tauris,1,,legume,0,,0,0
PP:6273,both,morinda citrifolia,exact_scientific_name,high,6273.0,Plant,https://permapeople.org/plants/morinda-citrifolia-noni,Morinda citrifolia,Noni,Rubiaceae,,10-12,10.0,12.0,6.0,Medium,Trees,1.0,"Fruit, Leaves, Seed, Shoots",Drink,"Dye, Fire starter, Hair, Pioneer, Lumber",1.0,1.0,0.0,0.0,0.0,1.0,0.0,1.0,1.0,1.0,fruit_tree,1.0,Layer contains 'Tree' and Edible parts contains 'Fruit',1488,Morinda citrifolia,L.,Magnoliopsida:Asteridae:Rubiales:Rubiaceae,,"awl tree, east Indian mulberry, Indian mulberry, great morinda, yellow tree, kura, nhàu, nhàu rùng, cây, cây ngao, yae yai, yo, nonu, pace, nono (Cook islands), noni (Marquesas islands), dilo (Solomon islands), te non (Kiribati)","shrub, tree",erect,perennial,"evergreen, single stem, multi stem","fruits & nuts, medicinals & aromatic, forest/wood, environmental",,24.0,30.0,12.0,36.0,1500.0,3000.0,700.0,4200.0,5.0,6.5,4.3,7.0,,,30.0,30.0,1500.0,very bright,clear skies,very bright,cloudy skies,deep (>>150 cm),medium (50-150 cm),medium,"heavy, medium, light",high,low,low (<4 dS/m),low (<4 dS/m),well (dry spells),"poorly (saturated >50% of year), well (dry spells), excessive (dry/moderately dry)",,,short day (<12 hours),"tropical wet & dry (Aw), tropical wet (Ar)",,,,,365.0,365.0,original_rule,edible_flag,high,Noni,1,,fruit_tree,0,,0,0
PP:6281,both,lactuca indica,exact_scientific_name,high,6281.0,Plant,https://permapeople.org/plants/lactuca-indica-indian-lettuce,Lactuca indica,Indian Lettuce,Asteraceae or compositae,Perennial,,,,1.2,,,1.0,"Leaves, Stem",,,1.0,1.0,0.0,0.0,0.0,1.0,0.0,1.0,1.0,0.0,vegetable,1.0,Edible parts contains Leaves/Stem/Flowers,7081,Lactuca indica,L.,Magnoliopsida:Asteridae:Asterales:Compositae,,,herb,erect,perennial,,"forage/pasture, vegetables, medicinals & aromatic",grown on small scale,22.0,34.0,10.0,40.0,1500.0,2500.0,1000.0,3000.0,5.0,6.0,4.5,6.5,,,35.0,35.0,2000.0,very bright,clear skies,very bright,cloudy skies,medium (50-150 cm),shallow (20-50 cm),"medium, organic","heavy, medium, light",high,moderate,low (<4 dS/m),low (<4 dS/m),well (dry spells),well (dry spells),,,short day (<12 hours),"tropical wet & dry (Aw), tropical wet (Ar), subtropical humid (Cf)",,,,,60.0,365.0,original_rule,edible_flag,high,Indian Lettuce; Lactuca indica dracoglossa; Lactuca indica laciniata,3,,leafy_herb,0,,0,0
PP:6334,both,corylus maxima,exact_scientific_name,high,6334.0,Plant,https://permapeople.org/plants/corylus-maxima-filbert,Corylus maxima,Filbert,Betulaceae,,4-8,4.0,8.0,6.0,,Shrubs,1.0,"Seed, Milk",Oil,"Weaving material, Fire starter, Hedgerow, oil, Lumber",1.0,1.0,0.0,0.0,0.0,1.0,0.0,1.0,1.0,1.0,other_productive,1.0,"Edible == true, no more specific rule matched",4899,Corylus maxima,Miller,Magnoliopsida:Hamamelidae:Fagales:Betulaceae,,,"shrub, tree",erect,perennial,"deciduous, single stem, multi stem",fruits & nuts,grown on small scale,20.0,27.0,5.0,35.0,800.0,1200.0,600.0,1400.0,6.0,6.5,5.5,7.5,,,,,,very bright,very bright,very bright,clear skies,deep (>>150 cm),medium (50-150 cm),medium,"heavy, medium, light",high,,low (<4 dS/m),low (<4 dS/m),well (dry spells),well (dry spells),-3,-1.0,"short day (<12 hours), neutral day (12-14 hours), long day (>14 hours)","subtropical dry summer (Cs), temperate oceanic (Do)",,,,small scale (manual),150.0,210.0,original_rule,edible_flag,high,Filbert,1,,other,0,,0,0
PP:6361,both,litchi chinensis,exact_scientific_name,high,6361.0,Plant,https://permapeople.org/plants/litchi-chinensis-lychee,Litchi chinensis,Lychee,Sapindaceae,,10-12,10.0,12.0,12.0,Slow,Trees,1.0,Fruit,,"Houseplant, Tannin, Lumber",1.0,1.0,0.0,0.0,0.0,1.0,0.0,0.0,1.0,1.0,fruit_tree,1.0,Layer contains 'Tree' and Edible parts contains 'Fruit',1357,Litchi chinensis,Sonn.,Magnoliopsida:Rosidae:Sapindales:Sapindaceae,"Litchi sinensis Radik, Nephelium litchi Cambess","litchi, lychee, lin-chee",tree,erect,perennial,"evergreen, single stem, C3 photosynthesis","fruits & nuts, materials, ornamentals/turf, medicinals & aromatic, forest/wood, environmental",grown on large scale,20.0,35.0,15.0,40.0,1000.0,1700.0,700.0,2800.0,5.5,6.5,5.0,8.5,13.0,9.0,29.0,32.0,2000.0,very bright,clear skies,very bright,cloudy skies,deep (>>150 cm),shallow (20-50 cm),"medium, organic","heavy, medium, light",moderate,low,low (<4 dS/m),low (<4 dS/m),well (dry spells),"poorly (saturated >50% of year), well (dry spells), excessive (dry/moderately dry)",-5,-1.0,"short day (<12 hours), neutral day (12-14 hours), long day (>14 hours)","tropical wet & dry (Aw), subtropical humid (Cf), subtropical dry summer (Cs), subtropical dry winter (Cw)",,wind,,,100.0,270.0,original_rule,edible_flag,high,Lychee,1,,fruit_tree,0,,0,0
PP:6362,permapeople_only,dimocarpus longan,ecocrop_only,,6362.0,Plant,https://permapeople.org/plants/dimocarpus-longan-longan,Dimocarpus longan,Longan,Sapindaceae,,8-10,8.0,10.0,12.0,Fast,Trees,1.0,Fruit,,"Fire starter, Lumber, Hair, Poles, Soap",1.0,1.0,0.0,0.0,0.0,1.0,0.0,1.0,1.0,1.0,fruit_tree,1.0,Layer contains 'Tree' and Edible parts contains 'Fruit',5349,Dimocarpus longan var. longan,Lour.,Magnoliopsida:Rosidae:Sapindales:Sapindaceae,"Euphoria longan Steud., Euphoria longana Lamk (1792), Nephelium longana Cambess.","longan, longanie, oeil de dragon, len keng, kyet mouk, mien, lam nhai, nam nhai, lamyai pa, lahm-yai, nam:nhan","shrub, tree",erect,perennial,evergreen,"fruits & nuts, ornamentals/turf, medicinals & aromatic, environmental",grown on small scale,18.0,30.0,7.0,36.0,1300.0,2000.0,800.0,3000.0,5.5,6.0,5.0,8.0,,,15.0,20.0,1500.0,very bright,cloudy skies,very bright,light shade,deep (>>150 cm),shallow (20-50 cm),"medium, light","heavy, medium, light",high,moderate,low (<4 dS/m),low (<4 dS/m),well (dry spells),"poorly (saturated >50% of year), well (dry spells)",,,"short day (<12 hours), neutral day (12-14 hours), long day (>14 hours)","tropical wet & dry (Aw), tropical wet (Ar), subtropical humid (Cf), subtropical dry winter (Cw)",,wind,,small scale (manual),210.0,365.0,original_rule,edible_flag,high,Longan; green longan; longan,3,,fruit_tree,0,,0,0
PP:6371,both,durio zibethinus,exact_scientific_name,high,6371.0,Plant,https://permapeople.org/plants/durio-zibethinus-durian,Durio zibethinus,Durian,Malvaceae,,10-12,10.0,12.0,30.0,Medium,Tall trees,1.0,"Flowers, Fruit, Leaves, Seed, Shoots",,"Containers, Lumber",1.0,0.0,0.0,0.0,0.0,1.0,0.0,1.0,1.0,1.0,fruit_tree,1.0,Layer contains 'Tree' and Edible parts contains 'Fruit',963,Durio zibethinus,Murray,Magnoliopsida:Dilleniidae:Malvales:Bombacaceae,Durio acuminatissima Merr. (1926),"durian, duren, ambetan, kadu, dulian, du-yin, thu-réén, thourièn, thurian, thu-rian, rian, sâù riêng",tree,erect,perennial,"evergreen, single stem","fruits & nuts, medicinals & aromatic",grown on small scale,22.0,40.0,12.0,45.0,1500.0,2500.0,1200.0,3500.0,5.0,6.5,4.3,7.5,,,16.0,18.0,800.0,clear skies,cloudy skies,clear skies,light shade,deep (>>150 cm),medium (50-150 cm),"medium, light","heavy, medium, light, organic",high,moderate,low (<4 dS/m),low (<4 dS/m),well (dry spells),well (dry spells),,,"short day (<12 hours), neutral day (12-14 hours), long day (>14 hours)",tropical wet (Ar),,"wind, drought",,small scale (manual),270.0,365.0,original_rule,edible_flag,high,Durian,1,,fruit_tree,0,,0,0
PP:6405,both,macadamia tetraphylla,exact_scientific_name,high,6405.0,Plant,https://permapeople.org/plants/macadamia-tetraphylla-queensland-nut,Macadamia tetraphylla,Queensland Nut,Proteaceae,,9-12,9.0,12.0,10.0,Slow,Trees,1.0,"Seed, Milk",Oil,"Cosmetic, Fire starter, oil, Tannin",1.0,0.0,0.0,0.0,0.0,1.0,0.0,1.0,1.0,1.0,nut,1.0,Common name contains 'nut' or Edible uses contains 'Nut',1384,Macadamia tetraphylla,L.John.,Magnoliopsida:Rosidae:Proteales:Proteaceae,"Macadamia ternifolia F.Muell., Macadamia integrifolia Maid & Betc.","Queensland macadamia, macadamia nut, mekatemia, Queensland nut",tree,erect,perennial,"evergreen, single stem",materials,,14.0,28.0,8.0,38.0,1250.0,2000.0,850.0,3000.0,5.5,7.0,4.5,8.0,18.0,,22.0,,2000.0,very bright,clear skies,very bright,light shade,deep (>>150 cm),shallow (20-50 cm),medium,"heavy, medium, light",high,moderate,low (<4 dS/m),low (<4 dS/m),well (dry spells),well (dry spells),-2,-1.0,"short day (<12 hours), neutral day (12-14 hours), long day (>14 hours)","tropical wet & dry (Aw), subtropical humid (Cf), subtropical dry summer (Cs)",,wind,,,180.0,365.0,original_rule,edible_flag,high,Queensland Nut,1,,fruit_tree,0,,0,0
PP:6424,both,larix decidua,exact_scientific_name,high,6424.0,Plant,https://permapeople.org/plants/larix-decidua-larch,Larix decidua,Larch,Pinaceae,,3-6,3.0,6.0,45.0,Fast,Tall trees,1.0,Inner bark,Manna,"Pioneer, Resin, Tannin, Lumber, Fragrance",1.0,0.0,0.0,0.0,0.0,1.0,0.0,1.0,1.0,0.0,other_productive,1.0,"Edible == true, no more specific rule matched",7149,Larix decidua,Miller,Pinopsida:Pinaceae,"Larix europaea DC., Pinus larix L., Abies larix Lam.","European larch, larice, Lärche, mélèze, alerce",tree,erect,perennial,"deciduous, single stem","medicinals & aromatic, forest/wood",grown on large scale,8.0,22.0,5.0,30.0,450.0,1100.0,350.0,1400.0,4.5,7.5,4.0,7.8,40.0,40.0,60.0,60.0,2500.0,clear skies,very bright,light shade,very bright,deep (>>150 cm),deep (>>150 cm),medium,medium,high,moderate,low (<4 dS/m),low (<4 dS/m),well (dry spells),well (dry spells),-25,-1.0,,"subtropical dry summer (Cs), temperate oceanic (Do), temperate continental (Dc)",,,,,100.0,180.0,original_rule,edible_flag,high,Larch,1,,other,0,,0,0
PP:6463,both,myrsine africana,exact_scientific_name,high,6463.0,Plant,https://permapeople.org/plants/myrsine-africana-cape-myrtle,Myrsine africana,Cape Myrtle,Myrsinaceae,,8-11,8.0,11.0,0.8,Slow,Shrubs,1.0,Fruit,Condiment,"Hedgerow, Lumber, Fragrance",1.0,1.0,0.0,0.0,0.0,1.0,0.0,1.0,1.0,1.0,fruit,1.0,Edible parts contains 'Fruit' (non-tree layer),7898,Myrsine africana,L.,Magnoliopsida:Dilleniidae:Primulales:Myrsinaceae,,"kechemo, katchu (Adaric)",shrub,erect,perennial,"evergreen, multi stem",medicinals & aromatic,,22.0,30.0,5.0,35.0,600.0,800.0,450.0,1000.0,5.0,5.5,4.5,6.5,5.0,5.0,40.0,40.0,3800.0,very bright,clear skies,very bright,light shade,shallow (20-50 cm),shallow (20-50 cm),"medium, light","heavy, medium, light",low,,low (<4 dS/m),low (<4 dS/m),well (dry spells),"poorly (saturated >50% of year), well (dry spells), excessive (dry/moderately dry)",,,short day (<12 hours),"tropical wet & dry (Aw), steppe or semiarid (Bs), subtropical humid (Cf), subtropical dry summer (Cs), subtropical dry winter (Cw)",,,,,180.0,330.0,original_rule,edible_flag,high,Cape Myrtle,1,,fruit_tree,0,,0,0
PP:6507,both,cydonia oblonga,exact_scientific_name,high,6507.0,Plant,https://permapeople.org/plants/cydonia-oblonga-quince,Cydonia oblonga,Quince,Rosaceae,,5-9,5.0,9.0,7.5,Medium,Trees,1.0,"Flowers, Fruit","Drink, Gum, Pectin","Gum, Pectin, Rootstock",1.0,1.0,0.0,1.0,0.0,1.0,0.0,1.0,1.0,1.0,fruit_tree,1.0,Layer contains 'Tree' and Edible parts contains 'Fruit',5117,Cydonia oblonga,Miller,Magnoliopsida:Rosidae:Rosales:Rosaceae,,"quince, cognassier, coing, quitte, quittebaum, marmeleiro, marmelo, marmelo galego, gamboa, gamboeiro, cidonia, membrillo, membriller","shrub, tree",erect,perennial,"deciduous, single stem, multi stem","fruits & nuts, materials, medicinals & aromatic",grown on small scale,10.0,30.0,7.0,35.0,700.0,900.0,500.0,1100.0,6.0,6.5,5.5,7.0,30.0,10.0,40.0,55.0,1000.0,very bright,clear skies,very bright,cloudy skies,deep (>>150 cm),medium (50-150 cm),"heavy, medium","heavy, medium, light",moderate,low,low (<4 dS/m),low (<4 dS/m),well (dry spells),well (dry spells),-25,-1.0,short day (<12 hours),"tropical wet & dry (Aw), steppe or semiarid (Bs), subtropical dry summer (Cs), temperate oceanic (Do)",,,,,180.0,270.0,original_rule,edible_flag,high,Quince,1,,fruit_tree,0,,0,0
PP:6508,both,dodonaea viscosa,exact_scientific_name,high,6508.0,Plant,https://permapeople.org/plants/dodonaea-viscosa-native-hops,Dodonaea viscosa,Native Hops,Sapindaceae,,9-11,9.0,11.0,3.0,Medium,Shrubs,1.0,Seed,Condiment,"Hedgerow, Tannin, Lumber",1.0,0.0,0.0,0.0,1.0,1.0,0.0,1.0,0.0,0.0,other_productive,1.0,"Edible == true, no more specific rule matched",952,Dodonaea viscosa,Jacq.,Magnoliopsida:Rosidae:Sapindales:Sapindaceae,,"wase, usi","shrub, tree",erect,perennial,"evergreen, single stem, multi stem","forage/pasture, medicinals & aromatic, forest/wood, environmental",,18.0,38.0,7.0,45.0,300.0,1200.0,125.0,1600.0,5.5,7.5,4.5,8.5,10.0,10.0,44.0,44.0,1000.0,very bright,clear skies,very bright,cloudy skies,medium (50-150 cm),shallow (20-50 cm),"medium, light","medium, light",low,low,low (<4 dS/m),medium (4-10 dS/m),well (dry spells),"well (dry spells), excessive (dry/moderately dry)",-10,-1.0,"short day (<12 hours), neutral day (12-14 hours), long day (>14 hours)","tropical wet & dry (Aw), desert or arid (Bw), steppe or semiarid (Bs), subtropical humid (Cf), subtropical dry summer (Cs), subtropical dry winter (Cw), temperate oceanic (Do)",grazing/browsing,,can become a weed,,125.0,300.0,original_rule,edible_flag,high,Native Hops,2,,other,0,,0,0
PP:6526,both,eucalyptus camaldulensis,exact_scientific_name,high,6526.0,Plant,https://permapeople.org/plants/eucalyptus-camaldulensis-red-river-gum,Eucalyptus camaldulensis,Red River Gum,Myrtaceae,,8-12,8.0,12.0,30.0,Fast,Tall trees,1.0,Seed,Gum,"Biomass, Disinfectant, Essential Oil, Fencing, Lumber, Gum, Resin, Wind breaker, Erosion control, Tannin, Coppice, Fragrance",1.0,0.0,0.0,0.0,1.0,1.0,1.0,1.0,1.0,1.0,other_productive,1.0,"Edible == true, no more specific rule matched",1017,Eucalyptus camaldulensis,Dehnh.,Magnoliopsida:Rosidae:Myrtales:Myrtaceae,,"red river gum (Southern Provenances), Murray red gum, Australian kino, river gum, rostrato, eucalipto rostrato",tree,erect,perennial,"evergreen, single stem","materials, ornamentals/turf, medicinals & aromatic, forest/wood, environmental",grown on large scale,12.0,28.0,7.0,40.0,600.0,1000.0,250.0,2500.0,5.0,7.0,4.5,8.0,32.0,,38.0,55.0,1500.0,very bright,very bright,very bright,clear skies,deep (>>150 cm),shallow (20-50 cm),"medium, light","heavy, medium, light",moderate,low,low (<4 dS/m),medium (4-10 dS/m),"poorly (saturated >50% of year), well (dry spells)","poorly (saturated >50% of year), well (dry spells)",-8,0.0,"short day (<12 hours), neutral day (12-14 hours), long day (>14 hours)","tropical wet & dry (Aw), steppe or semiarid (Bs), subtropical dry summer (Cs), subtropical dry winter (Cw), temperate oceanic (Do)","drought, flooding",,,,180.0,365.0,original_rule,edible_flag,high,Red River Gum,2,,other,0,,0,0
PP:6527,both,eucalyptus citriodora,exact_scientific_name,high,6527.0,Plant,https://permapeople.org/plants/eucalyptus-citriodora-lemon-scented-gum,Eucalyptus citriodora,Lemon-Scented Gum,Myrtaceae,,9-11,9.0,11.0,45.0,Fast,Tall trees,1.0,,Manna,"Essential Oil, Fragrance, Tannin, Lumber",1.0,0.0,0.0,0.0,1.0,1.0,1.0,1.0,1.0,1.0,other_productive,1.0,"Edible == true, no more specific rule matched",5842,Eucalyptus citriodora,Hook.,Magnoliopsida:Rosidae:Myrtales:Myrtaceae,"Eucalyptus maculata var. citriodora (Hook.) Bailey, Eucalyptus melissiodora Lindley, Eucalyptus variegata F. Muell.","kafur limuni, lemon-scented gum, lemon-scented iron gum, spotted gum, mkaratusi",tree,erect,perennial,"evergreen, single stem","materials, ornamentals/turf, medicinals & aromatic, forest/wood, environmental",,22.0,32.0,12.0,40.0,800.0,1500.0,600.0,2500.0,5.5,6.5,5.0,7.5,,,26.0,20.0,2000.0,very bright,very bright,very bright,clear skies,deep (>>150 cm),medium (50-150 cm),"medium, light","heavy, medium, light",low,low,low (<4 dS/m),low (<4 dS/m),"well (dry spells), excessive (dry/moderately dry)","well (dry spells), excessive (dry/moderately dry)",-3,-1.0,"short day (<12 hours), neutral day (12-14 hours), long day (>14 hours)","tropical wet & dry (Aw), subtropical humid (Cf), subtropical dry summer (Cs), subtropical dry winter (Cw)","wind, drought, coastal salt spray",,,,180.0,365.0,original_rule,edible_flag,high,Lemon-Scented Gum,1,,other,0,,0,0
PP:6530,both,eucalyptus dumosa,exact_scientific_name,high,6530.0,Plant,https://permapeople.org/plants/eucalyptus-dumosa-water-mallee,Eucalyptus dumosa,Water Mallee,Myrtaceae,,9-11,9.0,11.0,7.0,Fast,Trees,1.0,Root,Manna,"Essential Oil, Fire starter, Wind breaker, Fragrance",1.0,0.0,0.0,0.0,1.0,1.0,1.0,1.0,1.0,1.0,root_crop,1.0,Layer or Edible parts indicates Root/Tuber,5852,Eucalyptus dumosa,Cunn. ex Schau. in Walp.,Magnoliopsida:Rosidae:Myrtales:Myrtaceae,E. oleosa,"mallee, larap, eucalipto anao da Australia","shrub, tree",erect,perennial,"single stem, multi stem",forest/wood,,18.0,28.0,8.0,39.0,300.0,450.0,250.0,500.0,6.5,8.0,6.0,8.5,30.5,30.5,37.0,37.0,300.0,very bright,very bright,very bright,clear skies,medium (50-150 cm),shallow (20-50 cm),"medium, light","heavy, medium, light",moderate,low,low (<4 dS/m),low (<4 dS/m),well (dry spells),well (dry spells),-5,0.0,"short day (<12 hours), neutral day (12-14 hours), long day (>14 hours)","steppe or semiarid (Bs), subtropical dry summer (Cs)",,,,,120.0,180.0,original_rule,edible_flag,high,Water Mallee,1,,root,0,,0,0
PP:6544,both,lagenaria siceraria,exact_scientific_name,high,6544.0,Plant,https://permapeople.org/plants/lagenaria-siceraria-bottle-gourd,Lagenaria siceraria,Bottle Gourd,Cucurbitaceae,Annual,10-12,10.0,12.0,9.0,Fast,Vines,1.0,"Fruit, Leaves, Seed, Shoots","Oil, Condiment","Bottles, Containers, Crafting, oil, Fragrance",1.0,0.0,0.0,0.0,0.0,1.0,0.0,1.0,1.0,1.0,edible_vine,1.0,Layer contains 'Vine(s)' and Edible == true,1315,Lagenaria siceraria,(Molina)Standley,Magnoliopsida:Dilleniidae:Violales:Cucurbitaceae,"Lagenaria leucantha (Duch.)Rusby, Lagenaria vulgaris Seringe","calabas, tecomate, zucca, kalbas, qara', kalabasa, bian pu, pul qua, flaskegræskar, kalabas, fleskalebas, flessepompoen, bird-house gourd, bottle gourd, calabash, calabash gourd, calabash marrow, guinea bean, hardshell gourd, hard-shell gourd, italian edible gourd, long squash, new guinea bean, suzza melon, tasmania bean, trumpet gourd, vegetable gourd, white flowered gourd, calebasse, calebassier, courge bouteille, gourde, Flaschenkürbis, Kalebassenkürbis, Trompetenkürbis, duma, qara, dudhi, dudi, ghia, ghiya, kaddis, kaddu, lauki, lokhi, louki, tumri, cocozza, cucuzzi, zucca bottiglia, zucca da nuoto, zucca da vino, hyoutan, maru-yougao, yougao, labu botol, labu putin, moraka, abóbora carneira, cabaçca, colombro, kula, bule, calabaza de peregrinos, calabaza de San Roque, calabaza viñadera, calabaza viñatera, cojombro, upo, segwana, iselwa, fagufagu, fu'afu'a","herb, vine",climber/scrambler/scadent,annual,multi stem,"fruits & nuts, vegetables, materials, medicinals & aromatic",grown on small scale,19.0,27.0,12.0,38.0,1200.0,1800.0,700.0,2800.0,5.5,7.0,4.5,7.5,,,25.0,25.0,2700.0,clear skies,very bright,cloudy skies,very bright,medium (50-150 cm),shallow (20-50 cm),"medium, light","heavy, medium, light, organic",high,moderate,low (<4 dS/m),low (<4 dS/m),well (dry spells),well (dry spells),,,"short day (<12 hours), neutral day (12-14 hours)","tropical wet & dry (Aw), tropical wet (Ar), desert or arid (Bw), steppe or semiarid (Bs), subtropical humid (Cf), subtropical dry summer (Cs), subtropical dry winter (Cw)",,,,,60.0,120.0,original_rule,edible_flag,high,Bottle Gourd,1,,fruiting,0,,0,0
PP:6545,both,lamium album,exact_scientific_name,high,6545.0,Plant,https://permapeople.org/plants/lamium-album-white-dead-nettle,Lamium album,White Dead Nettle,Lamiaceae or labiatae,Perennial,5-9,5.0,9.0,0.6,Medium,,1.0,Leaves,Tea,Ground cover,1.0,1.0,0.0,0.0,0.0,1.0,0.0,1.0,1.0,1.0,vegetable,1.0,Edible parts contains Leaves/Stem/Flowers,7103,Lamium album,L.,Magnoliopsida:Asteridae:Lamiales:Labiatae,,"white dead-nettle, weisse Taubnessel, white nettle, Lamii albi flos, Lamii albi herba",herb,erect,perennial,,medicinals & aromatic,harvested from wild,12.0,20.0,7.0,28.0,500.0,800.0,400.0,1200.0,6.0,7.0,5.5,8.0,,,,,,cloudy skies,clear skies,light shade,very bright,medium (50-150 cm),shallow (20-50 cm),medium,wide,moderate,moderate,,,well (dry spells),"poorly (saturated >50% of year), well (dry spells)",,,,"subtropical dry summer (Cs), temperate oceanic (Do), temperate continental (Dc)",,,,,0.0,0.0,original_rule,edible_flag,high,White Dead Nettle,1,,leafy_herb,0,,0,1
PP:6548,both,poa fendleriana,exact_scientific_name,high,6548.0,Plant,https://permapeople.org/plants/poa-fendleriana-mutton-grass,Poa fendleriana,Mutton Grass,Poaceae or gramineae,Perennial,,,,0.5,,,1.0,Seed,,,1.0,0.0,0.0,0.0,0.0,1.0,0.0,1.0,1.0,1.0,other_productive,1.0,"Edible == true, no more specific rule matched",8771,Poa fendleriana,(Steudel) Vasey,Liliopsida:Commelinidae:Cyperales:Gramineae,,mutton grass,grass,erect,perennial,multi stem,forage/pasture,,13.0,17.0,9.0,24.0,500.0,800.0,350.0,1200.0,6.0,6.5,5.5,7.3,,,,,3600.0,very bright,cloudy skies,very bright,light shade,medium (50-150 cm),shallow (20-50 cm),"medium, light","medium, light",moderate,,low (<4 dS/m),low (<4 dS/m),well (dry spells),"poorly (saturated >50% of year), well (dry spells), excessive (dry/moderately dry)",-10,0.0,long day (>14 hours),"steppe or semiarid (Bs), temperate oceanic (Do), temperate continental (Dc), temperate with humid winters (Df), temperate with dry winters (Dw)",,,,,120.0,210.0,original_rule,edible_flag,high,Mutton Grass,1,,other,0,,0,0
PP:6556,both,muntingia calabura,exact_scientific_name,high,6556.0,Plant,https://permapeople.org/plants/muntingia-calabura-calabura,Muntingia calabura,Calabura,Muntingiaceae,,10-12,10.0,12.0,9.0,Fast,Trees,1.0,"Fruit, Leaves",Tea,"Weaving material, Containers, Fiber, Fire starter, textiles, Pioneer, Lumber",1.0,1.0,0.0,0.0,0.0,1.0,0.0,1.0,1.0,1.0,fruit_tree,1.0,Layer contains 'Tree' and Edible parts contains 'Fruit',1500,Muntingia calabura,L.,Magnoliopsida:Dilleniidae:Malvales:Tiliaceae,,"calabur tree, capulin, ornamental cherry, Japanense cherry, Panama berry, Jamaican cherry, Singapore cherry, strawberry tree, jam tree, cerri, kersen, talok, calabura, paude seda, kerukup siam, datiles, krâkhôb barang, khoom sômz, takhôb, takhop farang, trùng cà, mât sâm, calabur, sirsen",tree,erect,perennial,"evergreen, single stem","fruits & nuts, ornamentals/turf, medicinals & aromatic",harvested from wild,22.0,32.0,10.0,36.0,1400.0,2000.0,1000.0,2400.0,5.5,6.5,5.0,7.0,,,,,1000.0,clear skies,very bright,cloudy skies,very bright,medium (50-150 cm),shallow (20-50 cm),light,"heavy, medium, light",moderate,low,low (<4 dS/m),medium (4-10 dS/m),well (dry spells),"well (dry spells), excessive (dry/moderately dry)",,,short day (<12 hours),"tropical wet & dry (Aw), tropical wet (Ar)",,wind,can become a weed,small scale (manual),180.0,365.0,original_rule,edible_flag,high,Calabura,1,,fruit_tree,0,,0,0
PP:6565,both,opuntia ficus-indica,exact_scientific_name,high,6565.0,Plant,https://permapeople.org/plants/opuntia-ficus-indica-prickly-pear,Opuntia ficus-indica,Prickly Pear,Cactaceae,Perennial,8-11,8.0,11.0,5.0,,,1.0,"Flowers, Fruit, Leaves, Seed",Gum,"Animal feed, Gum",1.0,0.0,0.0,0.0,1.0,0.0,0.0,1.0,1.0,0.0,fruit,1.0,Edible parts contains 'Fruit' (non-tree layer),8094,Opuntia ficus-indica,(L.) Miller,Magnoliopsida:Caryophyllidae:Caryophyllales:Cactaceae,Opuntia ficus indica,"cactus pear, prickly pear, fico d'india, turksvy",shrub,erect,perennial,"evergreen, multi stem, CAM photosynthesis",fruits & nuts,grown on small scale,18.0,26.0,10.0,30.0,700.0,1300.0,300.0,1700.0,7.0,7.5,6.5,8.2,,,,,,very bright,clear skies,very bright,cloudy skies,medium (50-150 cm),shallow (20-50 cm),"medium, light","medium, light",moderate,low,low (<4 dS/m),low (<4 dS/m),"well (dry spells), excessive (dry/moderately dry)","well (dry spells), excessive (dry/moderately dry)",,,short day (<12 hours),"steppe or semiarid (Bs), subtropical dry summer (Cs)",,,,,140.0,270.0,original_rule,edible_flag,high,Prickly Pear,1,,fruit_tree,0,,0,0
PP:6585,both,passiflora ligularis,exact_scientific_name,high,6585.0,Plant,https://permapeople.org/plants/passiflora-ligularis-sweet-grenadilla,Passiflora ligularis,Sweet Grenadilla,Passifloraceae,,9-12,9.0,12.0,5.0,Fast,Vines,1.0,Fruit,"Drink, Sweetener",,1.0,1.0,0.0,0.0,0.0,1.0,0.0,0.0,1.0,1.0,edible_vine,1.0,Layer contains 'Vine(s)' and Edible == true,2381,Passiflora ligularis,Juss.,Magnoliopsida:Dilleniidae:Violales:Passifloraceae,,"sweet granadilla, yellow passionfruit, sweet passion fruit, grenadille douce, granadilla, granadilla de China, granadita, parchita amarilla, parcha dulce, granadilla común, granaditta",vine,climber/scrambler/scadent,perennial,multi stem,fruits & nuts,"grown on small scale, harvested from wild",22.0,26.0,16.0,31.0,1000.0,1200.0,650.0,1800.0,6.0,7.0,5.1,7.5,,,20.0,40.0,3000.0,clear skies,cloudy skies,very bright,cloudy skies,deep (>>150 cm),shallow (20-50 cm),"heavy, medium, light","heavy, medium, light",moderate,low,low (<4 dS/m),low (<4 dS/m),well (dry spells),well (dry spells),-1,0.0,short day (<12 hours),"tropical wet & dry (Aw), tropical wet (Ar)",,,,,150.0,365.0,original_rule,edible_flag,high,Sweet Grenadilla,1,,fruiting,0,,0,0
PP:6607,both,cola nitida,exact_scientific_name,high,6607.0,Plant,https://permapeople.org/plants/cola-nitida-cola-nut,Cola nitida,Cola Nut,Malvaceae,,10-12,10.0,12.0,20.0,Slow,Tall trees,1.0,Seed,"Coffee, Drink","Fire starter, Lumber",1.0,1.0,0.0,0.0,1.0,1.0,0.0,1.0,1.0,1.0,nut,1.0,Common name contains 'nut' or Edible uses contains 'Nut',4755,Cola nitida,(Vent.) Schott,Magnoliopsida:Dilleniidae:Malvales:Sterculiaceae,,,tree,erect,perennial,"evergreen, single stem","fruits & nuts, environmental",grown on small scale,21.0,30.0,10.0,35.0,1400.0,2500.0,1200.0,3500.0,5.0,6.0,4.3,7.0,5.0,5.0,15.0,15.0,800.0,very bright,clear skies,very bright,cloudy skies,medium (50-150 cm),medium (50-150 cm),"medium, organic","heavy, medium, light, wide, organic",moderate,low,low (<4 dS/m),low (<4 dS/m),well (dry spells),"poorly (saturated >50% of year), well (dry spells)",,,short day (<12 hours),"tropical wet & dry (Aw), tropical wet (Ar)",,,,,150.0,365.0,original_rule,edible_flag,high,Cola Nut,1,,fruit_tree,0,,0,0
PP:6608,both,clitoria ternatea,exact_scientific_name,high,6608.0,Plant,https://permapeople.org/plants/clitoria-ternatea-butterfly-pea,Clitoria ternatea,Butterfly pea,Fabaceae,,10-11,10.0,11.0,3.0,Fast,Vines,1.0,"Flowers, Leaves, Seedpod",,Animal feed,1.0,0.0,0.0,0.0,1.0,1.0,0.0,1.0,1.0,1.0,edible_vine,1.0,Layer contains 'Vine(s)' and Edible == true,738,Clitoria ternatea,L.,Magnoliopsida:Rosidae:Fabales:Leguminosae,,"blue clitoria, butterfly-pea, cordofan-pea, bejuco de conchitas, campanilla, chorreque azul, conchita de mar, papito, zapatillo de la reina, clitore de ternate, Blaue Schmetterlingswicke, fagiolo indiano","vine, shrub",climber/scrambler/scadent,perennial,multi stem,"forage/pasture, fruits & nuts, materials, ornamentals/turf, medicinals & aromatic, cover crop",grown on small scale,19.0,28.0,15.0,32.0,1200.0,1800.0,400.0,4300.0,6.5,7.5,4.5,9.0,,,20.0,26.0,1800.0,very bright,clear skies,very bright,cloudy skies,medium (50-150 cm),shallow (20-50 cm),medium,"heavy, medium, light",high,low,low (<4 dS/m),medium (4-10 dS/m),well (dry spells),"well (dry spells), excessive (dry/moderately dry)",-2,-1.0,"short day (<12 hours), neutral day (12-14 hours), long day (>14 hours)","tropical wet & dry (Aw), steppe or semiarid (Bs), subtropical dry winter (Cw)",,,,,50.0,365.0,original_rule,edible_flag,high,Butterfly pea,1,,leafy_herb,0,,0,0
PP:6609,both,couma utilis,exact_scientific_name,high,6609.0,Plant,https://permapeople.org/plants/couma-utilis-sorva,Couma utilis,Sorva,Apocynaceae,,10-12,10.0,12.0,12.0,Medium,Trees,1.0,"Fruit, Sap","Drink, Gum, Sweetener","Adhesive, Lumber, Gum, textiles, Varnish, Waterproofing",1.0,1.0,0.0,0.0,0.0,1.0,0.0,1.0,1.0,0.0,fruit_tree,1.0,Layer contains 'Tree' and Edible parts contains 'Fruit',127526,Couma utilis,Muell. Arg.,Magnoliopsida:Asteridae:Gentianales:Apocynaceae,"Couma guianensis Aubl., Couma rigila Muell.","sorva, milk tree, couma, sorva pequeña, sorveira, sorvinha",tree,erect,perennial,"evergreen, single stem","fruits & nuts, ornamentals/turf, medicinals & aromatic","grown on large scale, harvested from wild",20.0,30.0,15.0,35.0,2000.0,4000.0,1500.0,5000.0,4.5,6.0,4.0,6.5,,,10.0,10.0,500.0,clear skies,cloudy skies,very bright,light shade,medium (50-150 cm),shallow (20-50 cm),light,light,low,low,low (<4 dS/m),low (<4 dS/m),"poorly (saturated >50% of year), well (dry spells)","poorly (saturated >50% of year), well (dry spells)",-1,-1.0,,"tropical wet & dry (Aw), tropical wet (Ar)",flooding,,,,0.0,0.0,original_rule,edible_flag,high,Sorva,1,,fruit_tree,0,,0,0
PP:6632,permapeople_only,vigna unguiculata,ecocrop_only,,6632.0,Plant,https://permapeople.org/plants/vigna-unguiculata-unguiculata-black-eyed-pea,Vigna unguiculata unguiculata,Cowpea,Fabaceae,Annual,10-12,10.0,12.0,4.0,Fast,Vines,1.0,"Leaves, Seed, Seedpod",,"Cover crop, Nitrogen fixer",1.0,1.0,0.0,0.0,1.0,1.0,0.0,1.0,1.0,1.0,legume,1.0,Family == Fabaceae and Edible parts contains Seed/Pod,2153,Vigna unguiculata,(L.) Walp.,Magnoliopsida:Rosidae:Fabales:Leguminosae,"Dolichos biflorus L., Dolichos catjang L., Dolichos melanophtalmos DC., Dolichos sinensis L., Dolichos unguiculata L., Dolichos unguiculatus L., Vigna sesquipedalis (L.) Fruw, Vigna catjang (Burm. f.) Walp., Vigna catjiang (Burm. f.) Walp. var. sinensis (L.), Vigna unguiculata var. catjang Bertoni, Vigna unguiculata ssp. sesquipedalis (L.) Verdc., Vigna sinensis (L.) Hassk., Vigna sinensis ssp. sinensis (L.) Hassk.","cow pea, cowpea, southern pea (USA), yard long bean, pois inconnu, pois manger cochon, frijol de vaca, jiangdou, caupí, boeme, catjang, niebe, pois liane",herb,prostrate/procumbent/semi-erect,annual,multi stem,"pulses (grain legumes), forage/pasture, vegetables, environmental","grown on large scale, grown on small scale",25.0,35.0,15.0,40.0,500.0,1500.0,300.0,4100.0,5.5,7.5,4.0,8.8,20.0,,30.0,40.0,2000.0,clear skies,very bright,light shade,very bright,medium (50-150 cm),shallow (20-50 cm),"medium, light","heavy, medium, light, wide",moderate,low,low (<4 dS/m),low (<4 dS/m),well (dry spells),"well (dry spells), excessive (dry/moderately dry)",-1,-1.0,"short day (<12 hours), neutral day (12-14 hours)","tropical wet & dry (Aw), tropical wet (Ar), steppe or semiarid (Bs), subtropical humid (Cf), subtropical dry summer (Cs), subtropical dry winter (Cw)",drought,"fire, flooding",,"small scale (manual), large scale/commercial",30.0,240.0,original_rule,edible_flag,high,Black-Eyed Pea; Jerusalem Pea; asparagus bean; black-eyed pea; blackeyed pea; cow pea; cowpea; sow pea,9,,legume,1,لوبيا,0,0
PP:6636,both,diospyros digyna,exact_scientific_name,high,6636.0,Plant,https://permapeople.org/plants/diospyros-digyna-black-sapote,Diospyros digyna,Black Sapote,Ebenaceae,,10-12,10.0,12.0,15.0,Slow,Tall trees,1.0,Fruit,,Lumber,1.0,1.0,0.0,0.0,0.0,1.0,0.0,1.0,1.0,1.0,fruit_tree,1.0,Layer contains 'Tree' and Edible parts contains 'Fruit',2263,Diospyros digyna,Jacq.,Magnoliopsida:Dilleniidae:Theales:Ebenaceae,"Diospyros nigra (J.F. Gmelin) Perrottet (1825), Diospyros ebenaster Hiern (non Retz.) (1873)","black sapote, black persimmon, zapote negro",tree,erect,perennial,evergreen,fruits & nuts,grown on small scale,20.0,27.0,12.0,34.0,1200.0,1600.0,1000.0,2400.0,6.0,7.0,5.5,7.5,,,,,2000.0,very bright,clear skies,very bright,cloudy skies,deep (>>150 cm),shallow (20-50 cm),medium,"heavy, medium, light",high,low,low (<4 dS/m),low (<4 dS/m),well (dry spells),"poorly (saturated >50% of year), well (dry spells)",-2,0.0,"short day (<12 hours), neutral day (12-14 hours), long day (>14 hours)","tropical wet & dry (Aw), tropical wet (Ar), subtropical humid (Cf), subtropical dry summer (Cs)",,,,,150.0,240.0,original_rule,edible_flag,high,Black Sapote,1,,fruit_tree,0,,0,0
PP:6650,both,onobrychis viciifolia,exact_scientific_name,high,6650.0,Plant,https://permapeople.org/plants/onobrychis-viciifolia-sainfoin,Onobrychis viciifolia,Sainfoin,Fabaceae or leguminosae,Perennial,5-9,5.0,9.0,1.0,,,1.0,Leaves,,"Soil conditioner, Erosion control, Nitrogen fixer",1.0,0.0,0.0,0.0,0.0,1.0,0.0,1.0,1.0,0.0,vegetable,1.0,Edible parts contains Leaves/Stem/Flowers,8079,Onobrychis viciifolia,Scop.,Magnoliopsida:Rosidae:Fabales:Leguminosae,,,herb,erect,perennial,multi stem,"forage/pasture, materials",,18.0,27.0,4.0,34.0,400.0,800.0,250.0,1100.0,6.5,7.5,4.9,8.2,30.0,,60.0,65.0,3000.0,very bright,clear skies,very bright,cloudy skies,medium (50-150 cm),shallow (20-50 cm),"heavy, medium, light","heavy, medium, light",moderate,low,low (<4 dS/m),medium (4-10 dS/m),well (dry spells),"well (dry spells), excessive (dry/moderately dry)",-4,-1.0,long day (>14 hours),"tropical wet & dry (Aw), steppe or semiarid (Bs), subtropical dry summer (Cs), temperate oceanic (Do), temperate continental (Dc)",,,,,100.0,210.0,original_rule,edible_flag,high,Sainfoin,1,,leafy_herb,0,,0,0
PP:6659,both,peltandra sagittifolia,exact_scientific_name,high,6659.0,Plant,https://permapeople.org/plants/peltandra-sagittifolia-white-arrow-arum,Peltandra sagittifolia,White Arrow Arum,Araceae,Perennial,6-9,6.0,9.0,0.2,,,1.0,"Fruit, Root",,,1.0,0.0,0.0,0.0,0.0,0.0,1.0,1.0,1.0,1.0,root_crop,1.0,Layer or Edible parts indicates Root/Tuber,225371,Peltandra sagittifolia,(Michx.) Morong,Liliopsida:Arecidae:Arales:Araceae,"Peltandra virginica ssp. luteospadix (Fern.) W.H. & K.P. Blackwell, Peltandra glauca (Ell.) Feay, Peltandra luteospadix Fern., Peltandra alba (Raf.)",white arrow arum,herb,erect,perennial,"deciduous, multi stem","vegetables, ornamentals/turf",,16.0,24.0,12.0,32.0,1000.0,1500.0,750.0,3000.0,5.0,7.0,4.5,7.5,25.0,22.0,38.0,40.0,1500.0,clear skies,very bright,cloudy skies,very bright,shallow (20-50 cm),shallow (20-50 cm),"heavy, medium, light, wide, organic","heavy, medium, light, wide, organic",moderate,low,low (<4 dS/m),low (<4 dS/m),poorly (saturated >50% of year),poorly (saturated >50% of year),-15,0.0,,subtropical humid (Cf),flooding,drought,poisonous to man or animals,,130.0,210.0,original_rule,edible_flag,high,White Arrow Arum,1,,fruiting,0,,0,0
PP:6661,both,peltandra virginica,exact_scientific_name,high,6661.0,Plant,https://permapeople.org/plants/peltandra-virginica-green-arrow-arum,Peltandra virginica,Green Arrow Arum,Araceae,Perennial,4-8,4.0,8.0,0.3,,,1.0,"Flowers, Root, Seed",,,1.0,0.0,0.0,0.0,0.0,0.0,1.0,1.0,1.0,1.0,root_crop,1.0,Layer or Edible parts indicates Root/Tuber,8409,Peltandra virginica,(L.) Schott & Endl.,Liliopsida:Arecidae:Arales:Araceae,"Peltandra undulata (Raf.), Arum virginicum (L.)",green arrow arum,herb,erect,perennial,"deciduous, multi stem","vegetables, environmental",,12.0,24.0,8.0,32.0,700.0,1500.0,500.0,3000.0,4.0,8.0,3.0,9.5,25.0,23.0,43.0,45.0,1500.0,clear skies,very bright,light shade,very bright,shallow (20-50 cm),shallow (20-50 cm),"medium, organic","heavy, medium, light, wide, organic",high,moderate,low (<4 dS/m),low (<4 dS/m),poorly (saturated >50% of year),poorly (saturated >50% of year),-30,0.0,,"subtropical humid (Cf), subtropical dry summer (Cs), temperate oceanic (Do), temperate continental (Dc), boreal (E)",flooding,drought,poisonous to man or animals,,110.0,210.0,original_rule,edible_flag,high,Green Arrow Arum,1,,root,0,,0,0
PP:6665,both,pinus elliottii,species_binomial_inheritance,medium,6665.0,Plant,https://permapeople.org/plants/pinus-elliottii-slash-pine,Pinus elliottii,Slash Pine,Pinaceae,,10-12,10.0,12.0,25.0,Fast,Tall trees,1.0,Seed,,,1.0,0.0,0.0,0.0,0.0,1.0,1.0,1.0,1.0,1.0,other_productive,1.0,"Edible == true, no more specific rule matched",227247,Pinus elliottii ssp. elliottii,Engelm.,Pinopsida:Pinaceae,"Pinus heterophylla (Ell.) Sudworth, Pinus caribaea sensu Small, non Morelet, Hondurus pine",Honduras pine,tree,erect,perennial,"evergreen, single stem",forest/wood,,23.0,32.0,8.0,36.0,1000.0,2000.0,650.0,2500.0,4.5,5.5,4.0,6.5,28.0,28.0,33.0,33.0,2500.0,very bright,very bright,very bright,clear skies,medium (50-150 cm),shallow (20-50 cm),"heavy, medium, light","heavy, medium, light",moderate,low,low (<4 dS/m),low (<4 dS/m),"poorly (saturated >50% of year), well (dry spells)","poorly (saturated >50% of year), well (dry spells), excessive (dry/moderately dry)",-5,0.0,"short day (<12 hours), neutral day (12-14 hours), long day (>14 hours)",subtropical humid (Cf),,,,,240.0,300.0,original_rule,edible_flag,high,Slash Pine,1,,other,0,,0,0
PP:6667,both,pinus gerardiana,exact_scientific_name,high,6667.0,Plant,https://permapeople.org/plants/pinus-gerardiana-chilghoza-pine,Pinus gerardiana,Chilghoza Pine,Pinaceae,,6-9,6.0,9.0,25.0,Slow,Tall trees,1.0,Seed,Condiment,"Weaving material, Containers, Dye, Herbicide",1.0,0.0,0.0,0.0,1.0,1.0,0.0,1.0,1.0,1.0,other_productive,1.0,"Edible == true, no more specific rule matched",8632,Pinus gerardiana,L.,Pinopsida:Pinaceae,,"Ghilghoza pine, Nejan pine, Neoza pine",tree,erect,perennial,"evergreen, single stem",fruits & nuts,harvested from wild,15.0,25.0,4.0,38.0,500.0,650.0,375.0,750.0,6.0,7.0,5.5,7.5,32.0,32.0,36.0,36.0,3600.0,very bright,very bright,very bright,clear skies,medium (50-150 cm),shallow (20-50 cm),"medium, light","medium, light",moderate,low,low (<4 dS/m),low (<4 dS/m),well (dry spells),"well (dry spells), excessive (dry/moderately dry)",-15,-1.0,short day (<12 hours),"steppe or semiarid (Bs), subtropical dry summer (Cs)",,,,,120.0,180.0,original_rule,edible_flag,high,Chilghoza Pine,1,,other,0,,0,0
PP:6681,both,nelumbo nucifera,exact_scientific_name,high,6681.0,Plant,https://permapeople.org/plants/nelumbo-nucifera-sacred-water-lotus,Nelumbo nucifera,Sacred Water Lotus,Nelumbonaceae,Perennial,4-8,4.0,8.0,1.0,,,1.0,"Flowers, Leaves, Root, Seed, Stem",Coffee,Fragrance,1.0,0.0,0.0,0.0,0.0,0.0,0.0,1.0,1.0,1.0,root_crop,1.0,Layer or Edible parts indicates Root/Tuber,2359,Nelumbo nucifera,Gaertn.,Magnoliopsida:Magnoliidae:Nymphaeales:Nelumbonaceae,"Nelumbium nelumbo (L.) Druce, Nelumbium speciosum Willd.","Egyptian lotus, Egyptian bean, sacred lotus, lotus, sacred bean, water bean, Indian lotus, Hindu lotus, Chinese arrowroot, East Indian lotus, nelumbo, nelumbo rosa, loto indico",herb,erect,perennial,"evergreen, deciduous, multi stem","roots/tubers, vegetables, materials, ornamentals/turf, medicinals & aromatic",grown on small scale,25.0,30.0,10.0,40.0,2000.0,2800.0,700.0,4000.0,6.0,6.5,5.5,7.3,,,,,,very bright,clear skies,very bright,cloudy skies,medium (50-150 cm),medium (50-150 cm),"heavy, medium","heavy, medium",moderate,low,low (<4 dS/m),low (<4 dS/m),"poorly (saturated >50% of year), well (dry spells)","poorly (saturated >50% of year), well (dry spells)",-5,-1.0,short day (<12 hours),"tropical wet & dry (Aw), tropical wet (Ar), subtropical humid (Cf), subtropical dry summer (Cs), subtropical dry winter (Cw), temperate oceanic (Do), temperate continental (Dc), temperate with humid winters (Df), temperate with dry winters (Dw)",,flooding,,,120.0,200.0,original_rule,edible_flag,high,Sacred Water Lotus,1,,root,0,,0,0
PP:6687,both,fragaria virginiana,exact_scientific_name,high,6687.0,Plant,https://permapeople.org/plants/fragaria-virginiana-scarlet-strawberry,Fragaria virginiana,Scarlet Strawberry,Rosaceae,Perennial,3-7,3.0,7.0,0.3,,,1.0,Fruit,Tea,"Teeth, Dynamic accumulator",1.0,1.0,0.0,0.0,0.0,1.0,0.0,1.0,1.0,1.0,berry,1.0,Common name contains 'berry' and Edible parts contains 'Fruit',6262,Fragaria virginiana,Mill.,Magnoliopsida:Rosidae:Rosales:Rosaceae,,"Virginia strawberry, scarlet strawberry, morangueiro da Virginia",herb,acaulescent (or rosette plants),perennial,single stem,fruits & nuts,harvested from wild,11.0,18.0,5.0,27.0,800.0,1200.0,400.0,1700.0,5.5,7.0,5.0,7.5,32.0,30.0,58.0,60.0,1000.0,very bright,clear skies,very bright,cloudy skies,shallow (20-50 cm),shallow (20-50 cm),medium,"medium, light",moderate,moderate,low (<4 dS/m),low (<4 dS/m),well (dry spells),well (dry spells),,,short day (<12 hours),"steppe or semiarid (Bs), subtropical humid (Cf), subtropical dry summer (Cs), temperate oceanic (Do), boreal (E)",,,,,120.0,270.0,original_rule,edible_flag,high,Scarlet Strawberry,1,,fruiting,0,,0,0
PP:6688,both,fragaria vesca,exact_scientific_name,high,6688.0,Plant,https://permapeople.org/plants/fragaria-vesca-wild-strawberry,Fragaria vesca,Wild Strawberry,Rosaceae,Perennial,4-8,4.0,8.0,0.3,,Ground cover,1.0,"Fruit, Leaves","Coffee, Tea","Cosmetic, Teeth, Dynamic accumulator",1.0,1.0,0.0,0.0,0.0,1.0,0.0,1.0,1.0,1.0,berry,1.0,Common name contains 'berry' and Edible parts contains 'Fruit',2301,Fragaria vesca,L.,Magnoliopsida:Rosidae:Rosales:Rosaceae,Fragaria ananassa,"wild strawberry, Walderdbeere, Knickbeere, fragolina di bosco, smultron, skogssmultron, månadssmultron, markjordbær, skov-jordbær, ahomansikka, mansikka, villijar›arber",herb,erect,perennial,,"fruits & nuts, materials, medicinals & aromatic","grown on small scale, harvested from wild",12.0,20.0,5.0,28.0,700.0,1500.0,300.0,2800.0,5.0,6.0,4.5,6.5,,36.0,,70.0,2000.0,clear skies,cloudy skies,very bright,cloudy skies,shallow (20-50 cm),shallow (20-50 cm),"heavy, medium","heavy, medium, light",moderate,moderate,low (<4 dS/m),low (<4 dS/m),well (dry spells),well (dry spells),,,long day (>14 hours),"steppe or semiarid (Bs), subtropical humid (Cf), subtropical dry summer (Cs), subtropical dry winter (Cw), temperate oceanic (Do), temperate continental (Dc), temperate with humid winters (Df), temperate with dry winters (Dw), boreal (E)",,,,,180.0,270.0,original_rule,edible_flag,high,Alpine Strawberry; Wild Strawberry,2,,fruiting,0,,0,0
PP:6703,both,hippophae salicifolia,exact_scientific_name,high,6703.0,Plant,https://permapeople.org/plants/hippophae-salicifolia-willow-leaved-sea-buckthorn,Hippophae salicifolia,Willow-Leaved Sea Buckthorn,Elaeagnaceae,,3-7,3.0,7.0,15.0,Fast,Tall trees,1.0,Fruit,,"Fire starter, Pioneer, Erosion control, Lumber, Nitrogen fixer",1.0,0.0,0.0,0.0,1.0,1.0,1.0,1.0,1.0,1.0,fruit_tree,1.0,Layer contains 'Tree' and Edible parts contains 'Fruit',6733,Hippophae salicifolia,D. D.,Magnoliopsida:Rosidae:Proteales:Elaeagnaceae,,,"shrub, tree",erect,perennial,"deciduous, single stem, multi stem","forage/pasture, fruits & nuts, medicinals & aromatic, forest/wood, environmental",grown on small scale,8.0,18.0,4.0,25.0,300.0,600.0,200.0,800.0,6.5,7.5,6.0,8.0,25.0,25.0,35.0,35.0,3700.0,very bright,clear skies,very bright,cloudy skies,medium (50-150 cm),shallow (20-50 cm),medium,medium,moderate,low,low (<4 dS/m),low (<4 dS/m),well (dry spells),"well (dry spells), excessive (dry/moderately dry)",-15,-1.0,"short day (<12 hours), neutral day (12-14 hours), long day (>14 hours)","desert or arid (Bw), steppe or semiarid (Bs), temperate oceanic (Do), temperate continental (Dc), temperate with humid winters (Df), temperate with dry winters (Dw)","wind, drought",,,,120.0,180.0,original_rule,edible_flag,high,Willow-Leaved Sea Buckthorn,1,,fruit_tree,0,,0,0
PP:6712,both,hevea brasiliensis,exact_scientific_name,high,6712.0,Plant,https://permapeople.org/plants/hevea-brasiliensis-para-rubber-tree,Hevea brasiliensis,Para Rubber Tree,Euphorbiaceae,,11-12,11.0,12.0,20.0,Fast,Tall trees,1.0,Seed,,"Fire starter, Fertilizer, Pest control, textiles, Lighting, Paint, Soap, Varnish, Lumber",1.0,1.0,0.0,0.0,0.0,1.0,0.0,1.0,1.0,1.0,other_productive,1.0,"Edible == true, no more specific rule matched",1212,Hevea brasiliensis,Mull.-Arg.,Magnoliopsida:Dilleniidae:Euphorbiales:Euphorbiaceae,,"rubber, caucho, seringueira, gummi træ, cây cao su, mpira",tree,erect,perennial,"evergreen, deciduous, single stem","forage/pasture, fruits & nuts, materials, forest/wood, environmental","grown on large scale, harvested from wild",24.0,33.0,10.0,45.0,2000.0,4000.0,1200.0,6000.0,4.5,6.0,3.5,8.0,,,10.0,15.0,500.0,clear skies,clear skies,very bright,cloudy skies,deep (>>150 cm),medium (50-150 cm),"medium, light","heavy, medium, light",moderate,low,low (<4 dS/m),low (<4 dS/m),well (dry spells),well (dry spells),,,short day (<12 hours),"tropical wet & dry (Aw), tropical wet (Ar)",,,,large scale/commercial,365.0,365.0,original_rule,edible_flag,high,Para Rubber Tree,1,,other,0,,0,0
PP:6745,both,vicia monantha,exact_scientific_name,high,6745.0,Plant,https://permapeople.org/plants/vicia-monantha-hard-vetch,Vicia monantha,Hard Vetch,Fabaceae or leguminosae,Annual,,,,,,,1.0,Seed,,"Cover crop, Nitrogen fixer",1.0,1.0,0.0,0.0,0.0,1.0,0.0,1.0,1.0,1.0,legume,1.0,Family == Fabaceae and Edible parts contains Seed/Pod,10808,Vicia monantha,Retz.,Magnoliopsida:Rosidae:Fabales:Leguminosae,,"bard vetch, ervilha parda, parda, garroba",herb,climber/scrambler/scadent,annual,multi stem,"pulses (grain legumes), forage/pasture",,10.0,18.0,4.0,26.0,500.0,700.0,350.0,1230.0,6.0,7.0,5.5,7.5,35.0,30.0,50.0,55.0,600.0,very bright,cloudy skies,very bright,light shade,medium (50-150 cm),shallow (20-50 cm),"medium, light","heavy, medium, light",moderate,low,low (<4 dS/m),low (<4 dS/m),well (dry spells),well (dry spells),,,long day (>14 hours),"steppe or semiarid (Bs), subtropical dry summer (Cs), temperate oceanic (Do), temperate continental (Dc), temperate with humid winters (Df), temperate with dry winters (Dw)",,,,,90.0,150.0,original_rule,edible_flag,high,Hard Vetch,1,,legume,0,,0,0
PP:6751,both,moringa stenopetala,ecocrop_synonym_binomial,medium,6751.0,Plant,https://permapeople.org/plants/moringa-stenopetala-african-horseradish-tree,Moringa stenopetala,African horseradish tree,Moringaceae,,10-12,10.0,12.0,9.0,Medium,Trees,1.0,"Flowers, Fruit, Leaves, Seedpod",Oil,"Fire starter, Cosmetic, Fencing, Filter, oil, textiles, Wind breaker, Soap, Erosion control, Lumber, Coppice",1.0,1.0,0.0,0.0,1.0,1.0,0.0,1.0,1.0,1.0,fruit_tree,1.0,Layer contains 'Tree' and Edible parts contains 'Fruit',363339,Donaldsonia stenopetala,"Baker f. Journal of Botany, British and Foreign 1896: 53. 1896.",Cycadopsida,Moringa stenopetala (Baker f.)  Cufod. Senckenbergiana Biologica 38: 407. 1957.,"halleko, African moringa tree, cabbage tree, kohlbaum, malung-gay, murunga-Kai, sohnja, wocheletcha, wolayetgna","shrub, tree",erect,perennial,"evergreen, deciduous, single stem, multi stem","forage/pasture, fruits & nuts, materials, ornamentals/turf, medicinals & aromatic, forest/wood, environmental",grown on small scale,25.0,35.0,15.0,48.0,500.0,1500.0,200.0,2800.0,6.0,8.0,5.0,9.0,1.0,1.0,7.0,7.0,2200.0,clear skies,very bright,light shade,very bright,medium (50-150 cm),medium (50-150 cm),medium,"heavy, medium, light",moderate,low,low (<4 dS/m),low (<4 dS/m),well (dry spells),well (dry spells),,,,"tropical wet & dry (Aw), desert or arid (Bw), steppe or semiarid (Bs)",,,,,0.0,0.0,original_rule,edible_flag,high,African horseradish tree,1,,fruit_tree,0,,0,0
PP:6752,both,pachyrhizus ahipa,exact_scientific_name,high,6752.0,Plant,https://permapeople.org/plants/pachyrhizus-ahipa-ahipa,Pachyrhizus ahipa,Ahipa,Fabaceae or leguminosae,Perennial,,,,0.5,,,1.0,"Root, Seedpod",,"Pest control, Nitrogen fixer",1.0,0.0,0.0,0.0,0.0,1.0,0.0,1.0,1.0,0.0,root_crop,1.0,Layer or Edible parts indicates Root/Tuber,148964,Pachyrhizus ahipa,(Weddell) Parodi,Magnoliopsida:Rosidae:Fabales:Leguminosae,"Pachyrrhizus ahipa, Dolichos ahipa Wedd.","ahipa, yam bean, ajipa, achipa, dabau, frijol chuncho, judia batata, poroto batata, asipa, villu, huitoto, andine knollenbone, sinkamas",herb,,annual,,roots/tubers,grown on small scale,12.0,22.0,10.0,30.0,800.0,1100.0,750.0,1250.0,5.5,6.5,5.0,7.0,,,30.0,60.0,3000.0,very bright,clear skies,very bright,cloudy skies,medium (50-150 cm),medium (50-150 cm),light,"medium, light",high,moderate,low (<4 dS/m),low (<4 dS/m),well (dry spells),well (dry spells),,,"short day (<12 hours), neutral day (12-14 hours), long day (>14 hours)","tropical wet & dry (Aw), tropical wet (Ar), subtropical humid (Cf), subtropical dry summer (Cs), subtropical dry winter (Cw), temperate oceanic (Do), temperate continental (Dc), temperate with humid winters (Df), temperate with dry winters (Dw)",,,,,150.0,180.0,original_rule,edible_flag,high,Ahipa,1,,root,0,,0,0
PP:6753,both,sphenostylis stenocarpa,exact_scientific_name,high,6753.0,Plant,https://permapeople.org/plants/sphenostylis-stenocarpa-african-yam-bean,Sphenostylis stenocarpa,African Yam Bean,Fabaceae,Perennial,10-12,10.0,12.0,2.0,Fast,Vines,1.0,"Leaves, Root, Seed, Seedpod",,,1.0,0.0,0.0,0.0,0.0,1.0,0.0,1.0,1.0,0.0,root_crop,1.0,Layer or Edible parts indicates Root/Tuber,10000,Sphenostylis stenocarpa,(Hochst. ex A. Rich.) Harms,Magnoliopsida:Rosidae:Fabales:Leguminosae,"Dolichos stenocarpus Hochst. ex A. Rich., Vigna ornata Welw. ex Bak., Sphenostylis ornata A. Chev.","African yam bean, tuber bean, Afrikanische yambohne, girigiri",sub-shrub,climber/scrambler/scadent,perennial,"deciduous, multi stem","pulses (grain legumes), roots/tubers, ornamentals/turf, medicinals & aromatic",grown on small scale,23.0,29.0,15.0,35.0,1000.0,1200.0,800.0,1400.0,5.5,6.0,4.5,7.0,,,,,2000.0,very bright,very bright,very bright,clear skies,medium (50-150 cm),medium (50-150 cm),light,"medium, light",high,moderate,low (<4 dS/m),low (<4 dS/m),well (dry spells),"poorly (saturated >50% of year), well (dry spells), excessive (dry/moderately dry)",,,short day (<12 hours),"tropical wet & dry (Aw), tropical wet (Ar), subtropical humid (Cf), subtropical dry summer (Cs), subtropical dry winter (Cw)",,,,,150.0,240.0,original_rule,edible_flag,high,African Yam Bean,1,,root,0,,0,0
PP:6756,both,thaumatococcus daniellii,exact_scientific_name,high,6756.0,Plant,https://permapeople.org/plants/thaumatococcus-daniellii-sweet-prayer-plant,Thaumatococcus daniellii,Sweet Prayer Plant,Marantaceae,Perennial,10-12,10.0,12.0,2.0,Fast,,1.0,"Leaves, Seed",Sweetener,"Containers, textiles, Roofing",1.0,1.0,0.0,1.0,0.0,1.0,0.0,0.0,1.0,1.0,vegetable,1.0,Edible parts contains Leaves/Stem/Flowers,10386,Thaumatococcus daniellii,(Bennett) Benth.,Liliopsida:Zingiberidae:Zingiberales:Marantaceae,,,herb,,,,"fruits & nuts, materials",harvested from wild,21.0,30.0,15.0,35.0,1700.0,2300.0,1300.0,2700.0,4.5,5.0,4.3,7.0,5.0,5.0,10.0,10.0,,very bright,clear skies,very bright,cloudy skies,shallow (20-50 cm),shallow (20-50 cm),"heavy, medium","heavy, medium",moderate,moderate,low (<4 dS/m),low (<4 dS/m),well (dry spells),well (dry spells),,,short day (<12 hours),"tropical wet & dry (Aw), tropical wet (Ar)",,,,,240.0,300.0,original_rule,edible_flag,high,Sweet Prayer Plant,1,,leafy_herb,0,,0,0
PP:6760,both,echinochloa crus-galli,exact_scientific_name,high,6760.0,Plant,https://permapeople.org/plants/echinochloa-crus-galli-barnyard-millet,Echinochloa crus-galli,Barnyard Millet,Poaceae,Annual,5-9,5.0,9.0,,Fast,Herbs,1.0,"Leaves, Seed, Shoots",Coffee,Soil reclamation,1.0,0.0,0.0,0.0,0.0,1.0,0.0,1.0,1.0,1.0,vegetable,1.0,Edible parts contains Leaves/Stem/Flowers,970,Echinochloa crus-galli,(L.) Beauv.,Liliopsida:Commelinidae:Cyperales:Gramineae,,"barnyard grass, cockspur grass, goosefoot grass, milha(n) pe' de galo, sanvo'",grass,erect,annual,multi stem,"cereals & pseudocereals, forage/pasture, vegetables, environmental, weed",grown on small scale,17.0,30.0,2.0,40.0,700.0,1100.0,310.0,2500.0,6.0,7.0,4.8,8.2,,,,,2500.0,very bright,clear skies,very bright,cloudy skies,shallow (20-50 cm),shallow (20-50 cm),heavy,"heavy, medium, light",high,moderate,low (<4 dS/m),medium (4-10 dS/m),poorly (saturated >50% of year),"poorly (saturated >50% of year), well (dry spells)",,,short day (<12 hours),"tropical wet & dry (Aw), tropical wet (Ar), steppe or semiarid (Bs), subtropical humid (Cf), temperate oceanic (Do), temperate continental (Dc), temperate with humid winters (Df), temperate with dry winters (Dw)",flooding,,can become a weed,,120.0,180.0,original_rule,edible_flag,high,Barnyard Millet,1,,leafy_herb,0,,0,0
PP:6762,both,echinochloa frumentacea,exact_scientific_name,high,6762.0,Plant,https://permapeople.org/plants/echinochloa-frumentacea-japanese-millet,Echinochloa frumentacea,Japanese Millet,Poaceae or gramineae,Annual,,,,1.8,,,1.0,Seed,,,1.0,0.0,0.0,0.0,0.0,1.0,0.0,1.0,1.0,1.0,other_productive,1.0,"Edible == true, no more specific rule matched",5597,Echinochloa frumentacea,Link,Liliopsida:Commelinidae:Cyperales:Gramineae,Echinochloa colona var. frumentacea (Link) Ridl.,,grass,erect,annual,,"cereals & pseudocereals, forage/pasture, environmental",grown on small scale,25.0,30.0,10.0,35.0,500.0,750.0,450.0,1000.0,5.5,6.5,4.8,7.2,,,,,,very bright,clear skies,very bright,cloudy skies,shallow (20-50 cm),shallow (20-50 cm),"medium, light","heavy, medium, light",moderate,low,low (<4 dS/m),low (<4 dS/m),poorly (saturated >50% of year),"poorly (saturated >50% of year), well (dry spells)",,,short day (<12 hours),"tropical wet & dry (Aw), tropical wet (Ar), steppe or semiarid (Bs), subtropical humid (Cf), temperate continental (Dc)",,,,,40.0,120.0,original_rule,edible_flag,high,Japanese Millet,1,,other,0,,0,0
PP:6765,both,echinochloa colona,exact_scientific_name,high,6765.0,Plant,https://permapeople.org/plants/echinochloa-colona-jungle-rice,Echinochloa colona,Jungle Rice,Poaceae or gramineae,Annual,,,,1.0,,,1.0,"Leaves, Seed, Shoots",,,1.0,0.0,0.0,0.0,0.0,1.0,0.0,1.0,1.0,1.0,vegetable,1.0,Edible parts contains Leaves/Stem/Flowers,969,Echinochloa colona,(L.) Link,Liliopsida:Commelinidae:Cyperales:Gramineae,Panicum colonum L.,"jungle rice, jungle grass, shama millet, awnless barnyard grass, ble' de dekkan, milha(n) da colonia, capim da colonia, milhan da colonia, watergras, swanki ghass",grass,erect,annual,multi stem,"forage/pasture, weed",,22.0,30.0,6.0,42.0,500.0,1200.0,400.0,2000.0,5.5,6.5,5.0,7.0,,,20.0,60.0,2000.0,very bright,clear skies,very bright,light shade,shallow (20-50 cm),shallow (20-50 cm),"heavy, medium","heavy, medium",moderate,moderate,low (<4 dS/m),medium (4-10 dS/m),"poorly (saturated >50% of year), well (dry spells)","poorly (saturated >50% of year), well (dry spells)",,,"short day (<12 hours), neutral day (12-14 hours), long day (>14 hours)","tropical wet & dry (Aw), tropical wet (Ar), steppe or semiarid (Bs), subtropical humid (Cf), subtropical dry summer (Cs), subtropical dry winter (Cw)",,,can become a weed,,45.0,180.0,original_rule,edible_flag,high,Jungle Rice,1,,leafy_herb,0,,0,0
PP:6776,both,eucalyptus punctata,exact_scientific_name,high,6776.0,Plant,https://permapeople.org/plants/eucalyptus-punctata-grey-gum,Eucalyptus punctata,Grey Gum,Myrtaceae,,8-11,8.0,11.0,30.0,Fast,Tall trees,1.0,,Manna,,1.0,0.0,0.0,0.0,1.0,1.0,1.0,1.0,1.0,1.0,other_productive,1.0,"Edible == true, no more specific rule matched",5918,Eucalyptus punctata,DC.,Magnoliopsida:Rosidae:Myrtales:Myrtaceae,,grey gum,tree,erect,perennial,single stem,"ornamentals/turf, forest/wood",,18.0,28.0,8.0,40.0,900.0,1100.0,700.0,1200.0,5.5,6.5,5.0,7.0,24.0,24.0,35.0,35.0,900.0,very bright,clear skies,very bright,cloudy skies,medium (50-150 cm),shallow (20-50 cm),medium,"medium, light",moderate,low,low (<4 dS/m),low (<4 dS/m),well (dry spells),well (dry spells),-5,0.0,"short day (<12 hours), neutral day (12-14 hours), long day (>14 hours)",subtropical humid (Cf),,,,,180.0,240.0,original_rule,edible_flag,high,Grey Gum,1,,other,0,,0,0
PP:6783,both,ficus elastica,exact_scientific_name,high,6783.0,Plant,https://permapeople.org/plants/ficus-elastica-rubber-plant-india-rubber-tree,Ficus elastica,Rubber Plant India Rubber Tree,Moraceae,,9-12,9.0,12.0,50.0,Fast,Tall trees,1.0,Leaves,,Animal feed,1.0,1.0,0.0,0.0,0.0,1.0,0.0,1.0,1.0,1.0,vegetable,1.0,Edible parts contains Leaves/Stem/Flowers,1075,Ficus elastica,Roxb. ex Hornem.,Magnoliopsida:Dilleniidae:Urticales:Moraceae,,"Indian rubber tree, Assam rubber tree, rambong, rubber tree, rubber plant, karet tree, figueira da borracha, borracheira da India, arvore da goma elastica, litonde",tree,erect,perennial,"evergreen, single stem","materials, ornamentals/turf",grown on small scale,20.0,30.0,10.0,36.0,600.0,1000.0,300.0,2800.0,5.5,7.5,5.0,8.3,,,30.0,30.0,1650.0,very bright,very bright,very bright,clear skies,deep (>>150 cm),medium (50-150 cm),"heavy, medium, light","heavy, medium, light",moderate,low,low (<4 dS/m),low (<4 dS/m),well (dry spells),well (dry spells),-1,-1.0,short day (<12 hours),"tropical wet & dry (Aw), steppe or semiarid (Bs)",,,,,300.0,365.0,original_rule,edible_flag,high,Rubber Plant India Rubber Tree,1,,leafy_herb,0,,0,0
PP:6818,both,eriobotrya japonica,exact_scientific_name,high,6818.0,Plant,https://permapeople.org/plants/eriobotrya-japonica-loquat,Eriobotrya japonica,Loquat,Rosaceae,,8-11,8.0,11.0,9.0,Medium,Trees,1.0,"Fruit, Seed",Coffee,"Lumber, Espalier, Fragrance",1.0,1.0,0.0,0.0,1.0,1.0,0.0,1.0,1.0,1.0,fruit_tree,1.0,Layer contains 'Tree' and Edible parts contains 'Fruit',1002,Eriobotrya japonica,(Thunb.) Lindl.,Magnoliopsida:Rosidae:Rosales:Rosaceae,"Mespilus japonica Thunb., Photinia japonica, Eryobotria japonica","loquat, Japanese medlar, Japanese plum, neflier du Japon, nispereros, nespolo, Mispel, lokwat, papalaan, ton leap, lokh-wot, pee-pae, ti ba diep, so'n tra nhatban', nhot tay, biwa","shrub, tree",erect,perennial,"single stem, multi stem","fruits & nuts, medicinals & aromatic",grown on small scale,21.0,27.0,9.0,36.0,600.0,1600.0,400.0,4000.0,5.5,6.5,4.5,8.0,20.0,10.0,30.0,40.0,2400.0,clear skies,cloudy skies,very bright,cloudy skies,deep (>>150 cm),shallow (20-50 cm),"medium, light","heavy, medium, light",high,moderate,low (<4 dS/m),low (<4 dS/m),well (dry spells),"poorly (saturated >50% of year), well (dry spells)",-10,-1.0,"short day (<12 hours), neutral day (12-14 hours), long day (>14 hours)","tropical wet & dry (Aw), tropical wet (Ar), subtropical humid (Cf), subtropical dry summer (Cs), temperate oceanic (Do)",,,,,150.0,210.0,original_rule,edible_flag,high,Loquat,1,,fruit_tree,0,,0,0
PP:6829,both,fragaria chiloensis,exact_scientific_name,high,6829.0,Plant,https://permapeople.org/plants/fragaria-chiloensis-beach-strawberry,Fragaria chiloensis,Beach Strawberry,Rosaceae,Perennial,4-10,4.0,10.0,0.3,,,1.0,Fruit,Tea,"Dynamic accumulator, Ground cover",1.0,1.0,0.0,0.0,0.0,1.0,0.0,1.0,1.0,1.0,berry,1.0,Common name contains 'berry' and Edible parts contains 'Fruit',6256,Fragaria chiloensis,(L.) Duchesne,Magnoliopsida:Rosidae:Rosales:Rosaceae,,"Chilean strawberry, beach strawberry, frutilla, morangueiro do Chile",herb,acaulescent (or rosette plants),perennial,,fruits & nuts,,11.0,18.0,5.0,27.0,900.0,1300.0,500.0,1700.0,5.5,6.5,5.0,7.3,20.0,20.0,40.0,40.0,,very bright,clear skies,very bright,cloudy skies,shallow (20-50 cm),shallow (20-50 cm),"medium, light","medium, light",moderate,moderate,low (<4 dS/m),low (<4 dS/m),well (dry spells),well (dry spells),,,short day (<12 hours),"steppe or semiarid (Bs), subtropical dry summer (Cs)",,,,,120.0,270.0,original_rule,edible_flag,high,Beach Strawberry,1,,fruiting,0,,0,0
PP:6855,both,hierochloe odorata,exact_scientific_name,high,6855.0,Plant,https://permapeople.org/plants/hierochloe-odorata-holy-grass,Hierochloe odorata,Holy Grass,Poaceae or gramineae,Perennial,4-8,4.0,8.0,0.6,,,1.0,Seed,"Colouring, Condiment","Weaving material, Hair, Fragrance, Erosion control, Strewing, textiles",1.0,1.0,0.0,0.0,1.0,1.0,1.0,1.0,1.0,1.0,other_productive,1.0,"Edible == true, no more specific rule matched",6720,Hierochloe odorata,(L.) P. Beauv.,Liliopsida:Commelinidae:Cyperales:Gramineae,,"vanilla grass, sweetgrass, Indian sweetgrass, holy grass, seneca grass",grass,erect,perennial,multi stem,forage/pasture,,18.0,26.0,5.0,45.0,250.0,700.0,70.0,900.0,6.0,7.5,5.5,8.0,35.0,35.0,50.0,50.0,1000.0,very bright,clear skies,very bright,light shade,medium (50-150 cm),shallow (20-50 cm),"medium, light","heavy, medium, light, organic",high,moderate,low (<4 dS/m),low (<4 dS/m),well (dry spells),"well (dry spells), excessive (dry/moderately dry)",-30,-1.0,long day (>14 hours),"steppe or semiarid (Bs), temperate continental (Dc)",,,,,60.0,180.0,original_rule,edible_flag,high,Holy Grass,1,,other,0,,0,0
PP:6879,permapeople_only,thespesia populneoides,exact_scientific_name,high,6879.0,Plant,https://permapeople.org/plants/thespesia-populneoides-tulip-tree-portia-tree-pacific-rosewood,Thespesia populneoides,Tulip Tree;  Portia Tree; Pacific Rosewood,Malvaceae,,10-12,10.0,12.0,10.0,Fast,Trees,1.0,"Flowers, Fruit, Leaves",Gum,"Dye, Fencing, Fiber, Fire starter, Lumber, Cover crop, Gum, Hair, Hedgerow, Pest control, Lighting, Plant support, Wind breaker, Erosion control, Weaving material, Tannin, Waterproofing",1.0,0.0,0.0,0.0,1.0,1.0,0.0,1.0,1.0,1.0,fruit_tree,1.0,Layer contains 'Tree' and Edible parts contains 'Fruit',2075,Thespesia populnea,(L.) Correa,Magnoliopsida:Dilleniidae:Malvales:Malvaceae,"Hibiscus bacciferus J.G. Forster, Hibiscus populneoides Roxb., Hibiscus populneus L., Malvaviscus populneus (L.) Gaertn., Thespesia macrophylla Blume, Thespesia populneoides (Roxb.) Kostel.","fey dayiti, gran maho, grand mahaut, gros mahaut, gwo maho, mahot, cork tree, Indian tulip tree, John-Bull tree, large-leaved tulip tree, milo, Pacific rosewood, portia tree, seaside mahoe, feuilles d'Haiti, motel debou, gajadanda, paras-pipal, parsipu, porush, baru laut, waru laut, baëhs sâmut, chréi sâmut, baru baru, alamo, alamo blanco, carana, clamour, duartiana, emajaguilla, higuillo, jaqueca, majaguilla, majugua de la Florida, palo de jaqueca, pho-thale, mangrove","shrub, tree",erect,perennial,"evergreen, single stem, multi stem","forage/pasture, vegetables, materials, ornamentals/turf, medicinals & aromatic, environmental",,20.0,30.0,10.0,35.0,1000.0,3000.0,800.0,5000.0,6.5,8.0,6.0,8.5,,,25.0,40.0,50.0,clear skies,very bright,cloudy skies,very bright,deep (>>150 cm),medium (50-150 cm),light,"medium, light",low,low,medium (4-10 dS/m),high (>10 dS/m)),"poorly (saturated >50% of year), well (dry spells)","poorly (saturated >50% of year), well (dry spells)",4,4.0,,"tropical wet & dry (Aw), tropical wet (Ar), subtropical humid (Cf)","flooding, coastal salt spray",,,,365.0,365.0,original_rule,edible_flag,high,Portia Tree; Tulip Tree;  Portia Tree; Pacific Rosewood,2,,fruit_tree,0,,0,0
PP:6880,both,terminalia bellirica,exact_scientific_name,high,6880.0,Plant,https://permapeople.org/plants/terminalia-bellirica-beleric-myrobalan,Terminalia bellirica,Beleric Myrobalan,Combretaceae,,10-12,10.0,12.0,35.0,Medium,Tall trees,1.0,"Fruit, Seed",,,1.0,0.0,0.0,0.0,1.0,1.0,0.0,1.0,1.0,1.0,fruit_tree,1.0,Layer contains 'Tree' and Edible parts contains 'Fruit',236039,Terminalia bellirica,(Gaertner) Roxb.,Magnoliopsida:Rosidae:Myrtales:Combretaceae,Terminalia bellerica (Gaertner) Roxb.,myrobalan,tree,erect,perennial,"deciduous, single stem","fruits & nuts, materials, medicinals & aromatic",,20.0,33.0,5.0,45.0,1500.0,2500.0,1000.0,3500.0,5.5,6.5,5.0,7.5,,,,,600.0,very bright,very bright,clear skies,very bright,deep (>>150 cm),medium (50-150 cm),"heavy, medium, light, wide","heavy, medium, light, wide",moderate,moderate,low (<4 dS/m),low (<4 dS/m),well (dry spells),"poorly (saturated >50% of year), well (dry spells)",-1,-1.0,short day (<12 hours),"tropical wet & dry (Aw), tropical wet (Ar)",,,,,180.0,240.0,original_rule,edible_flag,high,Beleric Myrobalan,1,,fruit_tree,0,,0,0
PP:6882,both,pycnanthus angolensis,exact_scientific_name,high,6882.0,Plant,https://permapeople.org/plants/pycnanthus-angolensis-african-nutmeg,Pycnanthus angolensis,African Nutmeg,Myristicaceae,,10-12,10.0,12.0,30.0,Medium,Tall trees,1.0,Seed,Condiment,"Cosmetic, Fire starter, Lumber, Lighting, Pest control, Roofing, Soap",1.0,0.0,0.0,0.0,0.0,1.0,0.0,1.0,1.0,1.0,nut,1.0,Common name contains 'nut' or Edible uses contains 'Nut',355150,Pycnanthus angolensis,(Welw.) Warb.,Magnoliopsida:Magnoliidae:Magnoliales:Myristicaceae,Pycnanthus kombo Warb.,"African nutmeg, boxboard, cardboard, false nutmeg, pycnanthus, akwa-mili, oje, lunaba, munaba, calabo, ilomba, akomu",tree,erect,perennial,"evergreen, single stem","materials, medicinals & aromatic, forest/wood",,20.0,28.0,15.0,34.0,1300.0,1800.0,1000.0,2200.0,5.0,6.0,4.0,7.0,,,10.0,15.0,1200.0,clear skies,very bright,clear skies,very bright,deep (>>150 cm),deep (>>150 cm),"medium, light, organic","heavy, medium, light, wide, organic",moderate,moderate,low (<4 dS/m),low (<4 dS/m),well (dry spells),well (dry spells),,,,"tropical wet & dry (Aw), tropical wet (Ar)",,,,,365.0,365.0,original_rule,edible_flag,high,African Nutmeg,1,,fruit_tree,0,,0,0
PP:6917,both,octomeles sumatrana,exact_scientific_name,high,6917.0,Plant,https://permapeople.org/plants/octomeles-sumatrana-ilimo-tree,Octomeles sumatrana,Ilimo Tree,Datiscaceae,,10-12,10.0,12.0,50.0,Fast,Tall trees,1.0,Leaves,,"Dye, Pioneer, Erosion control, Lumber",1.0,0.0,0.0,0.0,0.0,1.0,0.0,0.0,1.0,1.0,vegetable,1.0,Edible parts contains Leaves/Stem/Flowers,8039,Octomeles sumatrana,Miq.,Magnoliopsida:Dilleniidae:Violales:Datiscaceae,,"erima, binuang",tree,erect,perennial,"evergreen, single stem","vegetables, materials, forest/wood",,29.0,34.0,20.0,38.0,3000.0,4000.0,2000.0,5000.0,4.5,5.5,4.0,6.5,,,10.0,10.0,800.0,very bright,clear skies,very bright,cloudy skies,deep (>>150 cm),medium (50-150 cm),"medium, light","medium, light",moderate,,low (<4 dS/m),low (<4 dS/m),well (dry spells),well (dry spells),,,short day (<12 hours),"tropical wet & dry (Aw), tropical wet (Ar)",fire,,,,300.0,365.0,original_rule,edible_flag,high,Ilimo Tree,1,,leafy_herb,0,,0,0
PP:6944,permapeople_only,eruca vesicaria,ecocrop_only,,6944.0,Plant,https://permapeople.org/plants/eruca-vesicaria-sativa-rocket,Eruca vesicaria sativa,Arugula,Brassicaceae or Cruciferae,Annual,6-9,6.0,9.0,0.6,Fast,,1.0,"Flowers, Leaves","Oil, Condiment",oil,1.0,1.0,0.0,0.0,1.0,1.0,0.0,1.0,1.0,1.0,vegetable,1.0,Edible parts contains Leaves/Stem/Flowers,5794,Eruca sativa,Miller,Magnoliopsida:Dilleniidae:Capparales:Cruciferae,"Eruca cappadocica Reuter, Eruca cappadocica var. eriocarpa Reuter [Boiss.], Eruca lativalvis Boiss., Eruca sativa var. eriocarpa Miller [(Boiss.)Post], Eruca vesicaria ssp. sativa (L.)Cav. [(Miller)Th","rocket, salad rocket, garden rocket, arugula, arrugula, roquette, true rocket, rocket salad, tira, white pepper, oruga, oruga común, eruca, roqueta común, ruqueta, bekarki, rúcula, fedorenta, pinchão, ruccetta, rucola",herb,"erect, acaulescent (or rosette plants)",annual,multi stem,medicinals & aromatic,"grown on small scale, harvested from wild",15.0,25.0,8.0,29.0,500.0,900.0,300.0,1100.0,7.0,8.0,6.0,8.5,,,,,,very bright,clear skies,very bright,cloudy skies,shallow (20-50 cm),shallow (20-50 cm),"medium, light","medium, light",moderate,low,low (<4 dS/m),medium (4-10 dS/m),well (dry spells),well (dry spells),,,,"steppe or semiarid (Bs), subtropical dry summer (Cs)",,,,"home garden, small scale (manual)",70.0,150.0,original_rule,edible_flag,high,Rocket; rocket,2,,leafy_herb,1,جرجير,1,0
PP:6947,both,vicia ervilia,exact_scientific_name,high,6947.0,Plant,https://permapeople.org/plants/vicia-ervilia-bitter-vetch,Vicia ervilia,Bitter Vetch,Fabaceae or leguminosae,Annual,,,,0.6,,,1.0,Seed,,Nitrogen fixer,1.0,1.0,0.0,0.0,0.0,1.0,0.0,1.0,1.0,1.0,legume,1.0,Family == Fabaceae and Edible parts contains Seed/Pod,17507,Vicia ervilia,(L.) Willd.,Magnoliopsida:Rosidae:Fabales:Leguminosae,,"bitter vetch, lentil vetch, pigeon‚s pea, French erse, lenteja bastarda, lentille bâtarde, pois de pigeon, kirsannah, kuyewandou, Linsenwicke, ervilha de pombo, erven, erfva, erve, orobo, erb, pesette, ervum, alarceña, alcarceña, alcarraceña, alcaruna, alliez, alverja, alverjana, arveja, capogirlo, cicerchia, comin, er, eros, erp, ers, erse, Ervenlinse, Ervenwicke, ervil, ervilier, ervilla, ervilliere, ervo, ervos, Eselsohren, essez, faux orobe, fregellini, gero, girlo, girón, goirils, Gute erve, herb, herén, herp, hiero, ingrassabue, jarosse, Kamellinse, aersana, kirsene, kirsenne, Knotenerve, Knotenfrüchtige Wicke, kursenne, lentille ers, lentille ervillière, lentille noir, leri, lero, marroiço, marroio, marruiço, mochi, mocho, moco, mosch, officinal tare, orobe bâtard, orobes des boutiques, orobo das boticas, orobos, pois mauresque, rhobidia, robai, robi, rubiglia, Saaterve, Saatwicklinse, seros, Stachelwicke, Steinlinse, straccabue, titos, tragellini, vèccioli, vèggioli, vesce amére, vesce",herb,"erect, climber/scrambler/scadent",annual,multi stem,"pulses (grain legumes), forage/pasture, environmental",,12.0,22.0,5.0,28.0,500.0,700.0,300.0,1200.0,7.0,7.5,5.6,8.2,30.0,30.0,50.0,50.0,1100.0,very bright,clear skies,very bright,cloudy skies,medium (50-150 cm),shallow (20-50 cm),"medium, light","heavy, medium, light",high,moderate,low (<4 dS/m),low (<4 dS/m),well (dry spells),well (dry spells),-10,-1.0,long day (>14 hours),"steppe or semiarid (Bs), subtropical dry summer (Cs), temperate oceanic (Do), temperate continental (Dc), temperate with humid winters (Df), temperate with dry winters (Dw)",drought,,,,90.0,150.0,original_rule,edible_flag,high,Bitter Vetch,1,,legume,0,,0,0
PP:7027,both,vicia narbonensis,exact_scientific_name,high,7027.0,Plant,https://permapeople.org/plants/vicia-narbonensis-french-vetch,Vicia narbonensis,French Vetch,Fabaceae or leguminosae,Annual,,,,1.0,,,1.0,"Leaves, Seed",,"Cover crop, Nitrogen fixer",1.0,1.0,0.0,0.0,0.0,1.0,0.0,1.0,1.0,1.0,legume,1.0,Family == Fabaceae and Edible parts contains Seed/Pod,10809,Vicia narbonensis,L.,Magnoliopsida:Rosidae:Fabales:Leguminosae,,narbon vetch,herb,prostrate/procumbent/semi-erect,annual,multi stem,forage/pasture,,10.0,24.0,4.0,32.0,400.0,800.0,300.0,1000.0,6.5,7.0,6.0,7.5,,,,,,very bright,cloudy skies,very bright,light shade,medium (50-150 cm),shallow (20-50 cm),"medium, light","medium, light",moderate,low,low (<4 dS/m),low (<4 dS/m),well (dry spells),"well (dry spells), excessive (dry/moderately dry)",,,long day (>14 hours),"steppe or semiarid (Bs), subtropical dry summer (Cs)",,,can become a weed,,90.0,150.0,original_rule,edible_flag,high,French Vetch,1,,legume,0,,0,0
PP:7042,both,tropaeolum tuberosum,exact_scientific_name,high,7042.0,Plant,https://permapeople.org/plants/tropaeolum-tuberosum-anu,Tropaeolum tuberosum,Anu,Tropaeolaceae,Perennial,7-10,7.0,10.0,2.0,Medium,Vines,1.0,"Flowers, Leaves, Root",,,1.0,0.0,0.0,0.0,0.0,1.0,0.0,1.0,1.0,0.0,root_crop,1.0,Layer or Edible parts indicates Root/Tuber,2447,Tropaeolum tuberosum,Ruiz & Pavon,Magnoliopsida:Dilleniidae:Capparales:Tropaeolaceae,,"mashua, anu, mashwa, mashua (Peru, Ecuador), isano (Peru, Bolivia), maswallo, mazuko, mascho, anyu (Peru), cubio, navies, nave (Colombia), afiu, apifiu, apifia mama, yanaoca (Quechua), isau, issanu, kkayacha (Aymara), puel (southern Colombia), isafio, isanu, apilla (Bolivia), ysafio (South America)",herb,climber/scrambler/scadent,annual,,roots/tubers,grown on small scale,12.0,20.0,4.0,24.0,1000.0,1200.0,700.0,1600.0,6.0,7.0,5.3,7.5,,,10.0,25.0,4300.0,clear skies,cloudy skies,very bright,light shade,medium (50-150 cm),medium (50-150 cm),"heavy, medium, light, organic","heavy, medium, light",moderate,low,low (<4 dS/m),low (<4 dS/m),well (dry spells),well (dry spells),-2,0.0,short day (<12 hours),"tropical wet & dry (Aw), tropical wet (Ar), subtropical humid (Cf), subtropical dry summer (Cs), subtropical dry winter (Cw), temperate oceanic (Do), temperate continental (Dc), temperate with humid winters (Df), temperate with dry winters (Dw)",,,,"home garden, small scale (manual)",180.0,240.0,original_rule,edible_flag,high,Anu,1,,root,0,,1,0
PP:7068,both,stachys affinis,exact_scientific_name,high,7068.0,Plant,https://permapeople.org/plants/stachys-affinis-chinese-artichoke,Stachys affinis,Chinese Artichoke,Lamiaceae or labiatae,Perennial,4-8,4.0,8.0,0.5,,,1.0,"Leaves, Root",,,1.0,1.0,0.0,0.0,0.0,1.0,0.0,1.0,1.0,1.0,root_crop,1.0,Layer or Edible parts indicates Root/Tuber,10030,Stachys affinis,Bunge,Magnoliopsida:Asteridae:Lamiales:Labiatae,,,herb,erect,perennial,multi stem,"roots/tubers, cover crop",,17.0,23.0,10.0,27.0,800.0,900.0,700.0,1100.0,6.0,6.5,5.5,7.0,30.0,30.0,55.0,55.0,500.0,very bright,clear skies,very bright,cloudy skies,shallow (20-50 cm),shallow (20-50 cm),"medium, light","heavy, medium, light",moderate,moderate,low (<4 dS/m),low (<4 dS/m),well (dry spells),well (dry spells),-20,0.0,"short day (<12 hours), neutral day (12-14 hours), long day (>14 hours)","subtropical humid (Cf), subtropical dry summer (Cs), subtropical dry winter (Cw), temperate oceanic (Do), temperate continental (Dc)",,,,,150.0,210.0,original_rule,edible_flag,high,Chinese Artichoke,1,,root,0,,0,0
PP:7077,both,vaccinium myrtillus,exact_scientific_name,high,7077.0,Plant,https://permapeople.org/plants/vaccinium-myrtillus-bilberry,Vaccinium myrtillus,Bilberry,Ericaceae,Perennial,3-7,3.0,7.0,0.2,,Shrubs,1.0,"Fruit, Leaves",,,1.0,1.0,0.0,0.0,0.0,1.0,0.0,1.0,1.0,0.0,berry,1.0,Common name contains 'berry' and Edible parts contains 'Fruit',10714,Vaccinium myrtillus,L.,Magnoliopsida:Dilleniidae:Ericales:Ericaceae,,"bilberry, blueberry, moorberry, hartberry, hurtleberry, whortleberry, dwarf bilberry, whinberry, blåbær, mirtilho, mirtilo, arando, airela, myrtille, Heidelbeere, mirtillo",sub-shrub,erect,perennial,"deciduous, multi stem","fruits & nuts, medicinals & aromatic","grown on small scale, harvested from wild",8.0,17.0,5.0,25.0,500.0,700.0,250.0,1700.0,4.5,6.0,4.0,7.5,45.0,40.0,65.0,70.0,3500.0,cloudy skies,very bright,light shade,very bright,medium (50-150 cm),shallow (20-50 cm),"light, organic","wide, organic",high,moderate,low (<4 dS/m),low (<4 dS/m),,,,,,"subtropical dry summer (Cs), temperate oceanic (Do), temperate continental (Dc)",,,,,0.0,0.0,original_rule,edible_flag,high,Bilberry,1,,fruit_tree,0,,0,0
PP:7123,both,ribes sativum,exact_scientific_name,high,7123.0,Plant,https://permapeople.org/plants/ribes-sativum-redcurrant,Ribes sativum,Redcurrant,Grossulariaceae,,5-9,5.0,9.0,1.0,,Shrubs,1.0,Fruit,,,1.0,1.0,0.0,0.0,0.0,1.0,0.0,1.0,1.0,1.0,fruit,1.0,Edible parts contains 'Fruit' (non-tree layer),9287,Ribes sativum,(Reichenb.) Syme,Magnoliopsida:Rosidae:Rosales:Grossulariaceae,,,shrub,erect,perennial,"deciduous, multi stem",fruits & nuts,grown on large scale,13.0,23.0,5.0,27.0,500.0,800.0,300.0,1100.0,6.0,6.5,5.5,7.5,,,,,,very bright,clear skies,very bright,cloudy skies,medium (50-150 cm),medium (50-150 cm),"heavy, medium","heavy, medium",high,moderate,low (<4 dS/m),low (<4 dS/m),well (dry spells),well (dry spells),-10,0.0,long day (>14 hours),"steppe or semiarid (Bs), temperate oceanic (Do), temperate continental (Dc), temperate with humid winters (Df), temperate with dry winters (Dw), boreal (E)",,,,"home garden, small scale (manual)",120.0,150.0,original_rule,edible_flag,high,Redcurrant,1,,fruit_tree,0,,1,0
PP:7163,both,schinus molle,exact_scientific_name,high,7163.0,Plant,https://permapeople.org/plants/schinus-molle-california-peppertree,Schinus molle,California Peppertree,Anacardiaceae,,8-12,8.0,12.0,8.0,Fast,Trees,1.0,"Fruit, Inner bark, Stem","Oil, Condiment, Drink, Gum","Gum, oil, Fragrance",1.0,0.0,0.0,0.0,1.0,1.0,0.0,1.0,1.0,1.0,fruit_tree,1.0,Layer contains 'Tree' and Edible parts contains 'Fruit',9612,Schinus molle,L.,Magnoliopsida:Rosidae:Sapindales:Anacardiaceae,,"pepper tree, qundo berbere (Amargna), peperboom",tree,prostrate/procumbent/semi-erect,perennial,"evergreen, single stem","materials, forest/wood, environmental",,20.0,28.0,5.0,32.0,400.0,500.0,300.0,620.0,6.5,7.5,6.0,8.5,20.0,15.0,25.0,40.0,3900.0,very bright,very bright,very bright,very bright,shallow (20-50 cm),shallow (20-50 cm),"medium, light","heavy, medium, light",low,low,low (<4 dS/m),medium (4-10 dS/m),well (dry spells),"well (dry spells), excessive (dry/moderately dry)",,,"short day (<12 hours), neutral day (12-14 hours), long day (>14 hours)","tropical wet & dry (Aw), steppe or semiarid (Bs), subtropical humid (Cf), subtropical dry summer (Cs), subtropical dry winter (Cw)","wind, drought, coastal salt spray",,,,120.0,210.0,original_rule,edible_flag,high,California Peppertree,1,,fruit_tree,0,,0,0
PP:7181,both,secale cereale,exact_scientific_name,high,7181.0,Plant,https://permapeople.org/plants/secale-cereale-rye,Secale cereale,Rye,Poaceae or gramineae,Annual,3-7,3.0,7.0,1.8,,,1.0,Seed,"Oil, Coffee, Sweetener","Biomass, Cover crop, oil, Erosion control, textiles",1.0,0.0,0.0,0.0,0.0,1.0,0.0,1.0,1.0,1.0,other_productive,1.0,"Edible == true, no more specific rule matched",1929,Secale cereale,L.,Liliopsida:Commelinidae:Cyperales:Gramineae,,"rye, seigle, centeno, roggen, saat-roggen, segale comune, zyto, almindelig rug, rug, råg, rúgur, ruis, rogge",grass,erect,annual,multi stem,"cereals & pseudocereals, forage/pasture, cover crop, environmental",grown on large scale,15.0,20.0,3.0,31.0,600.0,1000.0,400.0,2000.0,5.5,6.0,4.5,8.2,45.0,,60.0,70.0,4300.0,very bright,very bright,very bright,cloudy skies,medium (50-150 cm),shallow (20-50 cm),"heavy, medium, light","heavy, medium, light",moderate,low,low (<4 dS/m),high (>10 dS/m)),well (dry spells),"poorly (saturated >50% of year), well (dry spells), excessive (dry/moderately dry)",-18,-1.0,"short day (<12 hours), neutral day (12-14 hours)","steppe or semiarid (Bs), temperate oceanic (Do), temperate continental (Dc)",,,,large scale/commercial,110.0,270.0,original_rule,edible_flag,high,Rye,2,,other,0,,0,0
PP:7199,both,rungia klossii,exact_scientific_name,high,7199.0,Plant,https://permapeople.org/plants/rungia-klossii-mushroom-plant,Rungia klossii,Mushroom Plant,Acanthaceae,Perennial,9-11,9.0,11.0,0.6,Medium,,1.0,"Leaves, Shoots",,,1.0,1.0,0.0,0.0,1.0,1.0,0.0,1.0,1.0,1.0,vegetable,1.0,Edible parts contains Leaves/Stem/Flowers,2411,Rungia klossii,,Magnoliopsida:Asteridae:Scrophulariales:Acanthaceae,,Rungia,"herb, shrub",erect,perennial,multi stem,vegetables,grown on small scale,12.0,17.0,12.0,29.0,800.0,1200.0,500.0,2000.0,5.5,6.2,5.0,7.0,,,10.0,10.0,2700.0,very bright,very bright,very bright,clear skies,shallow (20-50 cm),shallow (20-50 cm),medium,"heavy, medium",high,low,low (<4 dS/m),low (<4 dS/m),well (dry spells),well (dry spells),,,"short day (<12 hours), neutral day (12-14 hours), long day (>14 hours)","tropical wet & dry (Aw), tropical wet (Ar), steppe or semiarid (Bs), subtropical humid (Cf), subtropical dry summer (Cs), subtropical dry winter (Cw)",,,,,90.0,365.0,original_rule,edible_flag,high,Mushroom Plant,1,,leafy_herb,0,,0,0
PP:7237,both,typha latifolia,exact_scientific_name,high,7237.0,Plant,https://permapeople.org/plants/typha-latifolia-reedmace,Typha latifolia,Reedmace,Typhaceae,Perennial,3-10,3.0,10.0,2.5,Fast,,1.0,"Flowers, Leaves, Pollen, Root, Seed, Shoots, Stem",Oil,"Baby care, Biomass, Fiber, textiles, Lighting, oil, Erosion control, Fire starter, Weaving material, Dynamic accumulator",1.0,0.0,0.0,0.0,0.0,0.0,1.0,1.0,1.0,1.0,root_crop,1.0,Layer or Edible parts indicates Root/Tuber,10633,Typha latifolia,L.,Liliopsida:Commelinidae:Typhales:Typhaceae,,"reed mace, broad-leaved cattail, broad-leaf cat-tail, broadleaf cattail, bulrush, cattail, common cat-tail, gama, great reedmace, grote lisdodde, breitt dunkjevle, bredbladet dunhammer, leveäosmankäämi, breitblättriger rohrkolben, bredkaveldun, bredbladigt kaveldun, kaveldun",grass,erect,perennial,"deciduous, multi stem","forage/pasture, vegetables, materials, medicinals & aromatic, environmental","grown on small scale, harvested from wild",10.0,25.0,6.0,30.0,500.0,1500.0,300.0,4000.0,4.5,7.5,3.7,8.0,30.0,27.0,63.0,65.0,2000.0,clear skies,very bright,cloudy skies,very bright,shallow (20-50 cm),shallow (20-50 cm),heavy,"heavy, medium, light, wide, organic",high,low,low (<4 dS/m),low (<4 dS/m),poorly (saturated >50% of year),poorly (saturated >50% of year),,,,"steppe or semiarid (Bs), subtropical humid (Cf), subtropical dry summer (Cs), temperate oceanic (Do), temperate continental (Dc)",flooding,drought,can become a weed,,130.0,210.0,original_rule,edible_flag,high,Reedmace,1,,leafy_herb,0,,0,0
PP:7239,both,typha domingensis,exact_scientific_name,high,7239.0,Plant,https://permapeople.org/plants/typha-domingensis-southern-cattail,Typha domingensis,Southern Cattail,Typhaceae,Perennial,5-12,5.0,12.0,3.0,,,1.0,"Flowers, Leaves, Pollen, Root, Seed, Shoots, Stem",Oil,"Biomass, Compost, Fiber, Filter, Fire starter, textiles, oil, Roofing, Erosion control, Weaving material, Waterproofing",1.0,0.0,0.0,0.0,0.0,0.0,1.0,1.0,1.0,1.0,root_crop,1.0,Layer or Edible parts indicates Root/Tuber,10631,Typha domingensis,Pers.,Liliopsida:Commelinidae:Typhales:Typhaceae,,,grass,erect,perennial,"evergreen, deciduous, multi stem","roots/tubers, vegetables, materials, medicinals & aromatic, environmental",,16.0,28.0,14.0,30.0,400.0,1400.0,250.0,1600.0,6.5,7.5,6.0,8.0,22.0,20.0,45.0,48.0,1500.0,clear skies,very bright,cloudy skies,very bright,shallow (20-50 cm),shallow (20-50 cm),"heavy, medium, organic","heavy, medium, light, wide, organic",high,moderate,low (<4 dS/m),medium (4-10 dS/m),poorly (saturated >50% of year),poorly (saturated >50% of year),-25,0.0,,"tropical wet & dry (Aw), steppe or semiarid (Bs), subtropical humid (Cf), subtropical dry summer (Cs), subtropical dry winter (Cw), temperate oceanic (Do), temperate continental (Dc)",flooding,drought,can become a weed,,0.0,0.0,original_rule,edible_flag,high,Southern Cattail,1,,root,0,,0,0
PP:7281,both,psophocarpus tetragonolobus,exact_scientific_name,high,7281.0,Plant,https://permapeople.org/plants/psophocarpus-tetragonolobus-winged-bean,Psophocarpus tetragonolobus,Winged Bean,Fabaceae or leguminosae,Perennial,8-12,8.0,12.0,2.0,,,1.0,"Flowers, Leaves, Root, Seed, Seedpod, Shoots, Stem","Oil, Coffee, Colouring","Cover crop, oil, Soil reclamation, Nitrogen fixer",1.0,0.0,0.0,0.0,0.0,1.0,0.0,1.0,1.0,1.0,root_crop,1.0,Layer or Edible parts indicates Root/Tuber,1807,Psophocarpus tetragonolobus,(L.) DC.,Magnoliopsida:Rosidae:Fabales:Leguminosae,"Psophocarpus tetragonolobus (Stickm.) DC., Psophocarpus longepedunculatus Hassk., Dolichos tetragonolobus L., Botor tetragonolobus (L.) Kuntze.","winged bean, Goa bean, princess bean, four angled bean, asparagus bean, asparagus pea, princess-pea, supermarket bean, short day asparagus pea, pois asperge, pois carré, haricot ailé, pois ailé, dólico de Goa, frijol alado, judia careta, calamismi, flügelbohne, Goabohne, sikaku mame, pe saung ya, hto pong, ku bemya, si leng dou, si jiao dou, sz kok tau, Goabønne, ketjipir, Goanpapu, fagiolo quadrato, prâpiëy, thwàx ph'uu, kecipir, kethipir, ketjeepir, kachang botol, kacang botol, kacang kelisa, kachang botor, kacang botor, kacang sirek, kechang bolon, kachang belimbing, fava de cavalo, vingböna, segidilla, sigarilya, sigarillas, sigadillas, thua phuu, dau rong, kalamismis, kabey, asbin, as bin","herb, vine",climber/scrambler/scadent,perennial,"multi stem, C3 photosynthesis","pulses (grain legumes), roots/tubers, forage/pasture, vegetables, materials, cover crop, environmental",grown on small scale,18.0,30.0,14.0,40.0,1000.0,2500.0,500.0,4100.0,5.5,7.0,4.3,8.5,,,29.0,32.0,2000.0,very bright,clear skies,very bright,cloudy skies,deep (>>150 cm),shallow (20-50 cm),"medium, organic","heavy, medium, light",moderate,low,low (<4 dS/m),low (<4 dS/m),well (dry spells),well (dry spells),3,0.0,"short day (<12 hours), neutral day (12-14 hours)","tropical wet & dry (Aw), tropical wet (Ar), subtropical humid (Cf), subtropical dry summer (Cs), subtropical dry winter (Cw)",,,,"home garden, small scale (manual)",50.0,270.0,original_rule,edible_flag,high,Winged Bean,1,,root,0,,1,0
PP:7287,both,psidium cattleianum,exact_scientific_name,high,7287.0,Plant,https://permapeople.org/plants/psidium-cattleianum-strawberry-guava,Psidium cattleianum,Strawberry Guava,Myrtaceae,,9-12,9.0,12.0,6.0,,Shrubs,1.0,Fruit,Drink,"Essential Oil, Animal feed, Hedgerow, Wind breaker",1.0,0.0,0.0,0.0,1.0,1.0,0.0,1.0,1.0,0.0,berry,1.0,Common name contains 'berry' and Edible parts contains 'Fruit',1803,Psidium cattleianum,Sabine,Magnoliopsida:Rosidae:Myrtales:Myrtaceae,Psidium littorale Raddi,"cherry guava, Chinese guava, guava Chinese, strawberry guava, goyave de Chine, Cattley guava","shrub, tree",erect,perennial,"single stem, multi stem","fruits & nuts, ornamentals/turf",,22.0,28.0,9.0,32.0,1600.0,2000.0,660.0,4000.0,5.5,6.5,4.5,7.7,,,15.0,40.0,1500.0,very bright,cloudy skies,very bright,light shade,deep (>>150 cm),medium (50-150 cm),"heavy, medium","heavy, medium, light",high,moderate,low (<4 dS/m),low (<4 dS/m),well (dry spells),"well (dry spells), excessive (dry/moderately dry)",-6,-1.0,short day (<12 hours),"tropical wet & dry (Aw), subtropical dry summer (Cs)",,,,,150.0,210.0,original_rule,edible_flag,high,Strawberry Guava; Yellow Strawberry Guava,2,,fruit_tree,0,,0,0
PP:7306,both,rhodiola rosea,exact_scientific_name,high,7306.0,Plant,https://permapeople.org/plants/rhodiola-rosea-rose-root,Rhodiola rosea,Rose Root,Crassulaceae,Perennial,,,,0.3,,,1.0,"Leaves, Root, Shoots, Stem",,"Essential Oil, Ground cover, Fragrance",1.0,0.0,0.0,0.0,1.0,1.0,0.0,1.0,1.0,1.0,root_crop,1.0,Layer or Edible parts indicates Root/Tuber,230348,Rhodiola rosea,L.,,"Rhodiola minor Mill., 1768, Sedum Rosea (L.) Scop., 1771, Rhodiola odorata Lamarck, 1778, Rhodiola odora Salisb., 1796, Sedum Rhodiola DC., 1805, Sedum elongatum Ledeb., 1830, Sedum altaicum G. Don, 1834, Sedum arcticum (A. Boriss.) Rønning, 1957, Rhodiola sibirica Sweet, 1839, Rhodiola elongata (Ledeb.) Fisch. et C.A. Meyer, 1841, Sedum Rhodiola DC. var. latifolium Regel et Tiling, 1858, Sedum Rhodiola DC. var. vulgare Regel et Tiling, 1858, Sedum Rhodiola DC. var. oblongum Regel et Tiling, 1858, Sedum Rhodiola DC. var. viride Regel et Tiling, 1858, Sedum Rhodiola DC. var. crispum Regel et Tiling, 1858, Sedum Rhodiola DC. var. tenuifolium Regel et Tiling, 1858, Sedum Rhodiola DC. var. lingulatum Regel et Tiling, 1858, Sedum Rhodiola DC. var. linifolia Regel et Schmalhausen, 1878, Sedum Rhodiola DC. var. Tachiroei Franch. et Sav., 1878, Sedum Rhodiola DC. var. elongatum (Ledeb.) Maxim., 1883, Sedum Rhodiola DC. var. vulgare Regel et Tiling subvar. continentalis Maxim., 18, Sedum Rhodiola DC. var. scopolii (A","roseroot stonecrop, golden root, artic root, king's crown, orpin rose, róeniec górski, rosenrot, rosenrod, ruusujuuri, burnirót, rosenwurz, roinis koren, rozchodnice riová, hong jing tian, iwa-benkei, roosilõhnaline kuldjuur",herb,erect,perennial,multi stem,"ornamentals/turf, medicinals & aromatic",grown on small scale,10.0,25.0,5.0,38.0,400.0,800.0,250.0,1500.0,5.5,6.5,5.0,7.0,36.0,34.0,73.0,75.0,3000.0,clear skies,very bright,clear skies,very bright,shallow (20-50 cm),shallow (20-50 cm),"light, organic","light, organic",moderate,low,low (<4 dS/m),low (<4 dS/m),well (dry spells),well (dry spells),-50,-1.0,,"subtropical humid (Cf), subtropical dry summer (Cs), temperate oceanic (Do), temperate continental (Dc), boreal (E)",,,,home garden,0.0,0.0,original_rule,edible_flag,high,Rose Root,1,,leafy_herb,0,,1,0
PP:7401,both,salacca zalacca,exact_scientific_name,high,7401.0,Plant,https://permapeople.org/plants/salacca-zalacca-salak-palm,Salacca zalacca,Salak Palm,Arecaceae,,10-12,10.0,12.0,4.0,Fast,Shrubs,1.0,"Fruit, Seed",,"Fencing, Hedgerow, textiles",1.0,1.0,0.0,0.0,0.0,1.0,0.0,1.0,1.0,0.0,fruit,1.0,Edible parts contains 'Fruit' (non-tree layer),9450,Salacca zalacca,(Gaertner),Liliopsida:Arecidae:Arecales:Palmae,,,"shrub, tree",prostrate/procumbent/semi-erect,perennial,"evergreen, multi stem","fruits & nuts, environmental",,22.0,30.0,12.0,36.0,1700.0,3100.0,1400.0,3500.0,5.0,6.0,4.5,6.5,,,8.0,8.0,500.0,cloudy skies,light shade,clear skies,light shade,medium (50-150 cm),shallow (20-50 cm),light,light,moderate,low,low (<4 dS/m),low (<4 dS/m),well (dry spells),"well (dry spells), excessive (dry/moderately dry)",,,short day (<12 hours),tropical wet (Ar),,,,,365.0,365.0,original_rule,edible_flag,high,Salak Palm,1,,fruit_tree,0,,0,0
PP:7462,both,prosopis alba,exact_scientific_name,high,7462.0,Plant,https://permapeople.org/plants/prosopis-alba-white-carob-tree,Prosopis alba,White carob tree,Fabaceae,,10-12,10.0,12.0,10.0,Medium,Trees,1.0,"Seedpod, Stem","Drink, Gum, Sweetener","Fire starter, Animal feed, Lumber, Gum, Wind breaker, Soil conditioner, Soil reclamation, Erosion control, Tannin, Coppice, Nitrogen fixer",1.0,0.0,0.0,0.0,1.0,1.0,0.0,1.0,1.0,1.0,vegetable,1.0,Edible parts contains Leaves/Stem/Flowers,1793,Prosopis alba,Griseb.,Magnoliopsida:Rosidae:Fabales:Leguminosae,,,tree,erect,perennial,"semi evergreen, single stem","forage/pasture, fruits & nuts, materials, ornamentals/turf, medicinals & aromatic, forest/wood, environmental, weed",,10.0,20.0,7.0,28.0,200.0,500.0,100.0,700.0,5.0,6.5,4.5,7.0,10.0,10.0,17.0,17.0,1000.0,very bright,very bright,very bright,very bright,deep (>>150 cm),medium (50-150 cm),light,"heavy, medium, light",high,moderate,low (<4 dS/m),medium (4-10 dS/m),well (dry spells),well (dry spells),-6,-1.0,,"desert or arid (Bw), steppe or semiarid (Bs), subtropical dry summer (Cs)",,,can become a weed,,365.0,365.0,original_rule,edible_flag,high,White carob tree,1,,leafy_herb,0,,0,0
PP:7470,both,prunus salicina,exact_scientific_name,high,7470.0,Plant,https://permapeople.org/plants/prunus-salicina-japanese-plum,Prunus salicina,Japanese Plum,Rosaceae,,5-8,5.0,8.0,,Medium,Trees,1.0,"Fruit, Seed",,"Dye, Espalier",1.0,1.0,0.0,0.0,0.0,1.0,0.0,1.0,1.0,1.0,fruit_tree,1.0,Layer contains 'Tree' and Edible parts contains 'Fruit',8992,Prunus salicina,Lindley,Magnoliopsida:Rosidae:Rosales:Rosaceae,,"Japanese plum, ameixeira do Japao","shrub, tree",erect,perennial,"deciduous, single stem, multi stem","fruits & nuts, ornamentals/turf",,18.0,34.0,6.0,38.0,750.0,900.0,650.0,1100.0,5.5,6.5,4.5,7.5,10.0,20.0,40.0,40.0,3000.0,very bright,very bright,very bright,cloudy skies,deep (>>150 cm),medium (50-150 cm),"medium, light","heavy, medium, light",high,moderate,low (<4 dS/m),low (<4 dS/m),well (dry spells),well (dry spells),-4,0.0,"short day (<12 hours), neutral day (12-14 hours), long day (>14 hours)","tropical wet & dry (Aw), subtropical humid (Cf), subtropical dry summer (Cs), subtropical dry winter (Cw)",,,,,180.0,240.0,original_rule,edible_flag,high,Japanese Plum,1,,fruit_tree,0,,0,0
PP:7509,both,prosopis glandulosa,exact_scientific_name,high,7509.0,Plant,https://permapeople.org/plants/prosopis-glandulosa-honeypod-mesquite,Prosopis glandulosa,Honeypod mesquite,Fabaceae,,8-11,8.0,11.0,7.0,Fast,Trees,1.0,"Flowers, Root, Seed, Seedpod","Drink, Tea",Animal feed,1.0,0.0,0.0,0.0,0.0,1.0,0.0,1.0,1.0,1.0,root_crop,1.0,Layer or Edible parts indicates Root/Tuber,11752,Prosopis glandulosa,,Magnoliopsida:Rosidae:Fabales:Leguminosae,,,"shrub, tree",erect,perennial,"deciduous, single stem, multi stem","forage/pasture, fruits & nuts, materials, medicinals & aromatic, forest/wood, environmental, weed",,18.0,28.0,14.0,40.0,300.0,800.0,200.0,1000.0,5.5,7.0,5.0,7.5,25.0,,35.0,35.0,3000.0,very bright,very bright,very bright,very bright,deep (>>150 cm),deep (>>150 cm),"heavy, medium, light, wide, organic","heavy, medium, light, wide, organic",moderate,moderate,low (<4 dS/m),medium (4-10 dS/m),well (dry spells),well (dry spells),-22,-1.0,,"desert or arid (Bw), steppe or semiarid (Bs)",drought,,can become a weed,,365.0,365.0,original_rule,edible_flag,high,Honeypod mesquite,1,,root,0,,0,0
PP:7550,both,podocarpus elatus,exact_scientific_name,high,7550.0,Plant,https://permapeople.org/plants/podocarpus-elatus-australian-plum,Podocarpus elatus,Australian Plum,Podocarpaceae,,9-11,9.0,11.0,30.0,,Tall trees,1.0,Fruit,,Lumber,1.0,1.0,0.0,0.0,0.0,1.0,0.0,1.0,1.0,1.0,fruit_tree,1.0,Layer contains 'Tree' and Edible parts contains 'Fruit',8785,Podocarpus elatus,R. Br.,Pinopsida:Podocarpaceae,,"weeping podocarpus, she-pine, brown pine, podocarpo de ramos pendentes",tree,erect,perennial,"evergreen, single stem","fruits & nuts, forest/wood",harvested from wild,18.0,30.0,8.0,34.0,1000.0,1500.0,800.0,1700.0,5.5,6.5,4.5,7.5,14.0,12.0,35.0,37.0,1000.0,very bright,clear skies,very bright,cloudy skies,deep (>>150 cm),medium (50-150 cm),"heavy, medium, light","heavy, medium, light",moderate,low,low (<4 dS/m),low (<4 dS/m),well (dry spells),"well (dry spells), excessive (dry/moderately dry)",-2,0.0,"short day (<12 hours), neutral day (12-14 hours), long day (>14 hours)",subtropical humid (Cf),fire,,,,180.0,240.0,original_rule,edible_flag,high,Australian Plum,1,,fruit_tree,0,,0,0
PP:7580,both,oryza sativa,exact_scientific_name,high,7580.0,Plant,https://permapeople.org/plants/oryza-sativa-rice,Oryza sativa,Rice,Poaceae,Annual,10-12,10.0,12.0,1.8,Fast,,1.0,Seed,Oil,"Cosmetic, Fiber, Fire starter, oil, textiles, Soap making, Weaving material",1.0,0.0,0.0,0.0,0.0,1.0,1.0,1.0,1.0,1.0,other_productive,1.0,"Edible == true, no more specific rule matched",1574,Oryza sativa,L.,Liliopsida:Commelinidae:Cyperales:Gramineae,,"rice, riso, riz, arroz, raisi, chawal, dhan, shali, rais, kumi, kome, ku, dao, tao, kao, cau, byeo, padi, paddy, vrihi, arishi, oruza, lúa, lúa gao, arishi Arruz, reis",grass,erect,annual,"multi stem, C3 photosynthesis",cereals & pseudocereals,grown on large scale,20.0,30.0,10.0,36.0,1500.0,2000.0,1000.0,4000.0,5.5,7.0,4.5,9.0,,,36.0,55.0,2500.0,very bright,very bright,cloudy skies,very bright,medium (50-150 cm),shallow (20-50 cm),wide,wide,high,moderate,low (<4 dS/m),low (<4 dS/m),poorly (saturated >50% of year),poorly (saturated >50% of year),,,neutral day (12-14 hours),"tropical wet & dry (Aw), tropical wet (Ar), subtropical humid (Cf), subtropical dry summer (Cs), subtropical dry winter (Cw)",,,,"intermediate (animal drawn), large scale/commercial",80.0,180.0,original_rule,edible_flag,high,Rice,3,,other,0,,0,0
PP:7581,both,oenanthe javanica,exact_scientific_name,high,7581.0,Plant,https://permapeople.org/plants/oenanthe-javanica-water-dropwort,Oenanthe javanica,Water Dropwort,Apiaceae or umbelliferae,Perennial,5-11,5.0,11.0,1.0,,,1.0,"Leaves, Root, Seed, Shoots",Condiment,"Essential Oil, Ground cover, Fragrance",1.0,0.0,0.0,0.0,0.0,0.0,1.0,1.0,1.0,1.0,root_crop,1.0,Layer or Edible parts indicates Root/Tuber,2364,Oenanthe javanica,(Blume) DC.,Magnoliopsida:Rosidae:Apiales:Umbelliferae,"Oenanthe stolonifer Wall., Oenanthe benghalensis Roxb. ex Benth., Oenanthe javanica ssp. stolonifera (Roxb. ex DC.) Murata, Oenanthe javanica var. japonica (Miq.) Honda, Oenanthe stolonifera Roxb. ex DC., Sium javanicum Blume","Water dropwort, Chinese celery, piopo, pampoong, funcho da China",herb,"erect, prostrate/procumbent/semi-erect",perennial,single stem,vegetables,grown on small scale,10.0,30.0,4.0,32.0,2000.0,3000.0,1500.0,3500.0,5.5,6.5,4.5,7.0,,,20.0,20.0,3400.0,very bright,very bright,very bright,clear skies,medium (50-150 cm),shallow (20-50 cm),"heavy, medium, light","heavy, medium, light",low,low,low (<4 dS/m),low (<4 dS/m),"poorly (saturated >50% of year), well (dry spells)","poorly (saturated >50% of year), well (dry spells)",,,"short day (<12 hours), neutral day (12-14 hours), long day (>14 hours)",tropical wet (Ar),flooding,,,,60.0,365.0,original_rule,edible_flag,high,Water Dropwort,1,,leafy_herb,0,,0,0
PP:7599,both,pennisetum glaucum,exact_scientific_name,high,7599.0,Plant,https://permapeople.org/plants/pennisetum-glaucum-pearl-millet,Pennisetum glaucum,Pearl Millet,Poaceae or gramineae,Annual,,,,3.0,,,1.0,Seed,,,1.0,0.0,0.0,0.0,1.0,1.0,0.0,1.0,1.0,0.0,other_productive,1.0,"Edible == true, no more specific rule matched",8418,Pennisetum glaucum,(L.) R.Br.,Liliopsida:Commelinidae:Cyperales:Gramineae,"Pennisetum americanum, Pennisetum spicatum, Pennisetum typhoideum Rich., Pennisetum typhodes (Burm.) Stapf & C.E. Hubb.","pearl millett, bulrush millett, negrito millet, millet perle, petit millet, cumbu, bajra, bajri, babala, spiked millet, cat-tail millet, cattail millet, pijo perla, panizo Bajra, mil a chandella, mil penicillaire, dukn",grass,erect,annual,,cereals & pseudocereals,grown on large scale,25.0,35.0,12.0,40.0,400.0,900.0,200.0,1700.0,5.0,6.5,4.5,8.3,18.0,14.0,28.0,32.0,1800.0,very bright,very bright,very bright,clear skies,deep (>>150 cm),medium (50-150 cm),"medium, light","medium, light",moderate,low,low (<4 dS/m),medium (4-10 dS/m),well (dry spells),"well (dry spells), excessive (dry/moderately dry)",2,0.0,"short day (<12 hours), neutral day (12-14 hours)","tropical wet & dry (Aw), tropical wet (Ar), desert or arid (Bw), steppe or semiarid (Bs), subtropical humid (Cf), subtropical dry summer (Cs), subtropical dry winter (Cw)",,,,"home garden, small scale (manual), intermediate (animal drawn), large scale/commercial",60.0,120.0,original_rule,edible_flag,high,Pearl Millet,1,,other,0,,1,0
PP:7606,both,pinus sylvestris,exact_scientific_name,high,7606.0,Plant,https://permapeople.org/plants/pinus-sylvestris-scot-s-pine,Pinus sylvestris,Scot's Pine,Pinaceae,,3-7,3.0,7.0,25.0,Fast,Tall trees,1.0,Inner bark,Condiment,"Dye, Essential Oil, Fiber, Fire starter, Herbicide, Lighting, textiles, Resin, Wind breaker, Lumber, Fragrance",1.0,1.0,0.0,0.0,1.0,1.0,1.0,1.0,1.0,0.0,other_productive,1.0,"Edible == true, no more specific rule matched",8658,Pinus sylvestris,L.,Pinopsida:Pinaceae,,"Scotch pine, Scots pine, Scotch fir, Highland pine, Baltic pine, Danzing pine, red deal, yellow deal, pin, pin sylvestre, Kiefer, pino, pino silvestre, skov fyr, Waldkiefer, Föhre, pinheiro da Escocia, pinheiro da Russia, pinheiro de Genebra, Pini turione",tree,erect,perennial,"evergreen, single stem","medicinals & aromatic, forest/wood",grown on large scale,14.0,23.0,2.0,35.0,600.0,1000.0,300.0,2000.0,5.0,7.5,4.5,8.0,45.0,40.0,55.0,60.0,1500.0,very bright,clear skies,very bright,cloudy skies,deep (>>150 cm),shallow (20-50 cm),"medium, light","heavy, medium, light",moderate,,low (<4 dS/m),low (<4 dS/m),well (dry spells),"well (dry spells), excessive (dry/moderately dry)",-40,-1.0,long day (>14 hours),"steppe or semiarid (Bs), subtropical humid (Cf), subtropical dry summer (Cs), subtropical dry winter (Cw), temperate oceanic (Do), temperate continental (Dc), temperate with humid winters (Df), temperate with dry winters (Dw)",,,,large scale/commercial,150.0,210.0,original_rule,edible_flag,high,Scot's Pine,2,,other,0,,0,0
PP:7609,both,pinus roxburghii,exact_scientific_name,high,7609.0,Plant,https://permapeople.org/plants/pinus-roxburghii-chir-pine,Pinus roxburghii,Chir Pine,Pinaceae,,8-11,8.0,11.0,40.0,,Tall trees,1.0,Seed,"Manna, Condiment","Fire starter, Dye, Herbicide, Ink, Lighting, Resin, Lumber",1.0,0.0,0.0,0.0,1.0,1.0,0.0,1.0,1.0,0.0,other_productive,1.0,"Edible == true, no more specific rule matched",8653,Pinus roxburghii,Sarg.,Pinopsida:Pinaceae,,chir pine,,,,,,,20.0,30.0,8.0,35.0,750.0,1800.0,450.0,2900.0,5.5,6.5,4.5,7.5,,,,,,very bright,very bright,very bright,clear skies,medium (50-150 cm),shallow (20-50 cm),"heavy, medium, light","heavy, medium, light",low,low,low (<4 dS/m),low (<4 dS/m),well (dry spells),"well (dry spells), excessive (dry/moderately dry)",-5,0.0,"long day (>14 hours), neutral day (12-14 hours), short day (<12 hours)","subtropical dry summer (Cs), subtropical humid (Cf), steppe or semiarid (Bs)",,,,,210.0,300.0,original_rule,edible_flag,high,Chir Pine,1,,other,0,,0,0
PP:7618,both,pistacia vera,exact_scientific_name,high,7618.0,Plant,https://permapeople.org/plants/pistacia-vera-pistachio,Pistacia vera,Pistachio,Pistaciaceae,,7-10,7.0,10.0,10.0,Medium,Trees,1.0,"Fruit, Seed",Oil,"oil, Resin",1.0,0.0,0.0,0.0,1.0,1.0,0.0,1.0,1.0,0.0,fruit_tree,1.0,Layer contains 'Tree' and Edible parts contains 'Fruit',2386,Pistacia vera,L.,Magnoliopsida:Rosidae:Sapindales:Anacardiaceae,,"Pistachio nut, green almond, pistache, pistachier, pistachio, pistacio, alfostico, alfostigueiro",tree,erect,perennial,"deciduous, single stem","fruits & nuts, materials, medicinals & aromatic",grown on large scale,25.0,35.0,12.0,40.0,400.0,700.0,250.0,1100.0,7.0,8.0,6.0,8.5,25.0,25.0,35.0,35.0,1200.0,very bright,very bright,very bright,very bright,medium (50-150 cm),shallow (20-50 cm),"medium, light","heavy, medium, light",moderate,low,low (<4 dS/m),medium (4-10 dS/m),well (dry spells),"well (dry spells), excessive (dry/moderately dry)",-18,-1.0,short day (<12 hours),"steppe or semiarid (Bs), subtropical dry summer (Cs), temperate oceanic (Do)",,,,large scale/commercial,150.0,180.0,original_rule,edible_flag,high,Pistachio,1,,fruit_tree,0,,0,0
PP:7626,both,musanga cecropioides,exact_scientific_name,high,7626.0,Plant,https://permapeople.org/plants/musanga-cecropioides-corkwood,Musanga cecropioides,Corkwood,Urticaceae,,10-12,10.0,12.0,20.0,Fast,Tall trees,1.0,"Fruit, Inner bark, Sap","Drink, Salt","Weaving material, Cork, Fencing, Fiber, Fire starter, Lumber, Ink, textiles, Mulch, Pioneer, Roofing, Soap making, Soil conditioner, Teeth, Coppice",1.0,0.0,0.0,0.0,0.0,1.0,0.0,1.0,1.0,1.0,fruit_tree,1.0,Layer contains 'Tree' and Edible parts contains 'Fruit',7858,Musanga cecropioides,R.Br.,Magnoliopsida:Dilleniidae:Urticales:Cecropiaceae,,"umbrella tree, African corkwood, kombo-kombo, musanga, musanda",tree,erect,perennial,single stem,forest/wood,,28.0,36.0,20.0,40.0,3000.0,4000.0,2000.0,5000.0,4.5,5.5,4.0,6.5,,,6.0,8.0,200.0,very bright,clear skies,very bright,cloudy skies,medium (50-150 cm),medium (50-150 cm),"medium, light","medium, light",moderate,low,low (<4 dS/m),low (<4 dS/m),"poorly (saturated >50% of year), well (dry spells)","poorly (saturated >50% of year), well (dry spells)",,,short day (<12 hours),tropical wet (Ar),,,,,300.0,365.0,original_rule,edible_flag,high,Corkwood,1,,fruit_tree,0,,0,0
PP:7627,both,origanum onites,exact_scientific_name,high,7627.0,Plant,https://permapeople.org/plants/origanum-onites-pot-marjoram,Origanum onites,Pot Marjoram,Lamiaceae or labiatae,Perennial,7-10,7.0,10.0,0.3,,,1.0,Leaves,"Condiment, Tea","Disinfectant, Dye, Essential Oil, Fragrance",1.0,1.0,0.0,0.0,1.0,1.0,0.0,1.0,1.0,1.0,vegetable,1.0,Edible parts contains Leaves/Stem/Flowers,8120,Origanum onites,L.,Magnoliopsida:Asteridae:Lamiales:Labiatae,,,herb,erect,perennial,multi stem,"ornamentals/turf, medicinals & aromatic",grown on large scale,15.0,25.0,6.0,32.0,800.0,1000.0,600.0,1200.0,7.0,7.5,6.5,8.0,30.0,25.0,45.0,50.0,1500.0,very bright,very bright,very bright,clear skies,medium (50-150 cm),shallow (20-50 cm),"medium, light","medium, light",moderate,low,low (<4 dS/m),low (<4 dS/m),well (dry spells),"well (dry spells), excessive (dry/moderately dry)",,,"short day (<12 hours), neutral day (12-14 hours), long day (>14 hours)","subtropical dry summer (Cs), temperate oceanic (Do), temperate continental (Dc), temperate with humid winters (Df), temperate with dry winters (Dw)",,,,,90.0,120.0,original_rule,edible_flag,high,Pot Marjoram,1,,leafy_herb,0,,0,0
PP:7644,both,perilla frutescens,exact_scientific_name,high,7644.0,Plant,https://permapeople.org/plants/perilla-frutescens-shiso,Perilla frutescens,Shiso,Lamiaceae or labiatae,"Annual, Perennial",7-10,7.0,10.0,0.6,Fast,,1.0,"Flowers, Leaves, Seed","Oil, Colouring, Condiment","Essential Oil, oil, Fragrance",1.0,0.0,0.0,0.0,0.0,1.0,0.0,1.0,1.0,0.0,vegetable,1.0,Edible parts contains Leaves/Stem/Flowers,8452,Perilla frutescens,(L.) Britton,Magnoliopsida:Asteridae:Lamiales:Labiatae,,"perilla, beefsteak plant, Chinese basil, rattlesnake weed, purple common perilla, shiso, wild basil, zi su, tyu ssu, yeh ssu, chi ssu, kinesisk mynte, veripeippi, schwarznessel, Chinesische melisse, bhanjira, Kínai bazsalikom, vad szezám, daun shiso, egoma, aka-shiso, akajiso, ao-shiso, aojiso, kkaennip, tulkkae, nga chien chin, nga chieng, bladmynta, nag-mon, nga-khi-mon, tia to, la tia to, tu to",herb,erect,annual,single stem,"vegetables, materials, ornamentals/turf, medicinals & aromatic, weed",grown on small scale,5.0,30.0,,,250.0,600.0,,,5.5,7.2,,,,,,,,clear skies,very bright,light shade,very bright,medium (50-150 cm),,"medium, organic","heavy, medium, light, wide, organic",high,moderate,medium (4-10 dS/m),,well (dry spells),"poorly (saturated >50% of year), well (dry spells)",,,short day (<12 hours),,,,can become a weed,"home garden, small scale (manual)",80.0,150.0,original_rule,edible_flag,high,Purple Shiso; Shiso,2,,leafy_herb,0,,1,0
PP:7677,both,paulownia tomentosa,exact_scientific_name,high,7677.0,Plant,https://permapeople.org/plants/paulownia-tomentosa-foxglove-tree,Paulownia tomentosa,Foxglove Tree,Scrophulariaceae,,6-9,6.0,9.0,15.0,Fast,Tall trees,1.0,"Flowers, Leaves",,"Fire starter, Lumber, Fragrance",1.0,0.0,0.0,0.0,0.0,1.0,0.0,1.0,1.0,1.0,vegetable,1.0,Edible parts contains Leaves/Stem/Flowers,8390,Paulownia tomentosa,(Thunb.) Steudel,Magnoliopsida:Asteridae:Scrophulariales:Scrophulariaceae,"Paulownia imperialis Sieb. & Zucc., Paulownia grandifolia Hort. ex Wettst","princess tree, royal paulownia, empress tree, foxglove tree, paulownia de Chine, filzige paulownia, do-boku, hana-giri, hitoha-gusa, kiri, kiri-noki, mukuinamo, otoung-nam",tree,erect,perennial,"deciduous, single stem","materials, ornamentals/turf, medicinals & aromatic, forest/wood",,24.0,30.0,15.0,34.0,700.0,1600.0,500.0,2000.0,5.5,7.0,4.5,8.0,32.0,25.0,40.0,55.0,1800.0,very bright,very bright,very bright,clear skies,deep (>>150 cm),shallow (20-50 cm),"medium, light","medium, light",moderate,low,low (<4 dS/m),low (<4 dS/m),well (dry spells),well (dry spells),-4,-1.0,"short day (<12 hours), neutral day (12-14 hours), long day (>14 hours)","tropical wet & dry (Aw), subtropical humid (Cf), subtropical dry summer (Cs), subtropical dry winter (Cw)",,wind,,home garden,210.0,300.0,original_rule,edible_flag,high,Foxglove Tree,1,,leafy_herb,0,,1,0
PP:7679,both,terminalia arjuna,exact_scientific_name,high,7679.0,Plant,https://permapeople.org/plants/terminalia-arjuna-arjuna,Terminalia arjuna,Arjuna,Combretaceae,,10-12,10.0,12.0,30.0,Fast,Tall trees,1.0,Seed,"Drink, Gum","Gum, Tannin, Lumber",1.0,0.0,0.0,0.0,1.0,1.0,0.0,1.0,1.0,1.0,other_productive,1.0,"Edible == true, no more specific rule matched",10321,Terminalia arjuna,(Roxb.) W,Magnoliopsida:Rosidae:Myrtales:Combretaceae,,,tree,erect,perennial,"evergreen, single stem","materials, ornamentals/turf, medicinals & aromatic, forest/wood, environmental",,20.0,33.0,5.0,47.0,1000.0,1500.0,750.0,1800.0,5.5,6.0,5.0,7.0,5.0,5.0,20.0,20.0,,very bright,clear skies,very bright,cloudy skies,medium (50-150 cm),medium (50-150 cm),medium,"medium, light",high,moderate,low (<4 dS/m),low (<4 dS/m),well (dry spells),"poorly (saturated >50% of year), well (dry spells)",-1,-1.0,short day (<12 hours),tropical wet & dry (Aw),,,,,240.0,365.0,original_rule,edible_flag,high,Arjuna,1,,other,0,,0,0
PP:7680,both,paullinia cupana,exact_scientific_name,high,7680.0,Plant,https://permapeople.org/plants/paullinia-cupana-guarana,Paullinia cupana,Guarana,Sapindaceae,,10-12,10.0,12.0,10.0,Medium,Vines,1.0,Seed,"Chocolate, Coffee, Drink",,1.0,1.0,0.0,0.0,0.0,1.0,0.0,1.0,1.0,1.0,edible_vine,1.0,Layer contains 'Vine(s)' and Edible == true,8386,Paullinia cupana,H.B. Kunth,Magnoliopsida:Rosidae:Sapindales:Sapindaceae,,"guarana, kletterstrauch, guaranastruik, quarana, quarane",vine,climber/scrambler/scadent,perennial,multi stem,medicinals & aromatic,"grown on small scale, harvested from wild",24.0,32.0,18.0,38.0,2000.0,2500.0,1100.0,3000.0,4.0,5.5,3.5,6.5,,,15.0,15.0,800.0,cloudy skies,light shade,clear skies,light shade,medium (50-150 cm),medium (50-150 cm),"heavy, medium, light, organic","heavy, medium, light",moderate,low,low (<4 dS/m),low (<4 dS/m),well (dry spells),well (dry spells),10,0.0,short day (<12 hours),"tropical wet & dry (Aw), tropical wet (Ar)",,,,,270.0,365.0,original_rule,edible_flag,high,Guarana,1,,other,0,,0,0
PP:7702,both,pinus pinaster,exact_scientific_name,high,7702.0,Plant,https://permapeople.org/plants/pinus-pinaster-maritime-pine,Pinus pinaster,Maritime Pine,Pinaceae,,7-10,7.0,10.0,20.0,Fast,Tall trees,1.0,,"Oil, Condiment","Dye, Herbicide, oil, Resin, Wind breaker, Erosion control, Lumber",1.0,0.0,0.0,0.0,1.0,1.0,0.0,1.0,1.0,0.0,other_productive,1.0,"Edible == true, no more specific rule matched",2543,Pinus pinaster,Ait.,Pinopsida:Pinaceae,,"cluster pine, seaside pine, maritime pine, pinaster pine, trosden, pin maritime, pino marittimo, Strandkiefer, pinheiro bravo",tree,erect,perennial,"evergreen, single stem","forest/wood, environmental",,18.0,30.0,6.0,34.0,800.0,1100.0,625.0,1300.0,4.5,5.5,4.0,6.5,38.0,34.5,42.0,45.5,2500.0,very bright,very bright,very bright,clear skies,medium (50-150 cm),shallow (20-50 cm),light,light,moderate,low,low (<4 dS/m),low (<4 dS/m),"well (dry spells), excessive (dry/moderately dry)","well (dry spells), excessive (dry/moderately dry)",-2,0.0,"short day (<12 hours), neutral day (12-14 hours), long day (>14 hours)","subtropical dry summer (Cs), subtropical dry winter (Cw)","wind, coastal salt spray",,,,270.0,330.0,original_rule,edible_flag,high,Maritime Pine,1,,other,0,,0,0
PP:7708,both,piper nigrum,exact_scientific_name,high,7708.0,Plant,https://permapeople.org/plants/piper-nigrum-black-pepper,Piper nigrum,Black Pepper,Piperaceae,,10-12,10.0,12.0,6.0,Fast,Vines,1.0,"Fruit, Seed","Oil, Condiment","Essential Oil, Houseplant, oil, Teeth",0.0,1.0,0.0,0.0,0.0,1.0,0.0,1.0,1.0,1.0,edible_vine,1.0,Layer contains 'Vine(s)' and Edible == true,1714,Piper nigrum,L.,Magnoliopsida:Magnoliidae:Piperales:Piperaceae,,"black pepper, Madagascar pepper, pepper, pimienta, poivre, pfeffer, pimenta preta, pimenta do reino, peppar, filfil aswad, peper, pepe, pimenta, pyerets, kasho, hu-vhiao",vine,climber/scrambler/scadent,perennial,,medicinals & aromatic,grown on large scale,22.0,35.0,10.0,40.0,2500.0,4000.0,2000.0,5500.0,6.0,7.0,5.0,7.5,,,15.0,20.0,2000.0,clear skies,light shade,clear skies,light shade,deep (>>150 cm),medium (50-150 cm),"heavy, medium","heavy, medium, light",high,moderate,low (<4 dS/m),low (<4 dS/m),well (dry spells),well (dry spells),,,"short day (<12 hours), neutral day (12-14 hours), long day (>14 hours)","tropical wet & dry (Aw), tropical wet (Ar)",,,,,180.0,270.0,original_rule,edible_flag,high,Black Pepper,1,,fruiting,0,,0,0
PP:7709,both,poa pratensis,exact_scientific_name,high,7709.0,Plant,https://permapeople.org/plants/poa-pratensis-kentucky-blue-grass,Poa pratensis,Kentucky Blue Grass,Poaceae or gramineae,Perennial,3-9,3.0,9.0,1.0,Medium,,1.0,Seed,,,1.0,0.0,0.0,0.0,0.0,1.0,0.0,1.0,1.0,1.0,other_productive,1.0,"Edible == true, no more specific rule matched",8777,Poa pratensis,L.,Liliopsida:Commelinidae:Cyperales:Gramineae,,"Kentucky bluegrass, smooth meadowgrass, common meadowgrass, June grass, paturin des pres, wiesen rispengras, erva da febra, capim do campo",grass,prostrate/procumbent/semi-erect,perennial,multi stem,forage/pasture,,15.0,27.0,5.0,37.0,500.0,1300.0,300.0,1700.0,5.5,7.0,4.5,8.3,37.0,34.0,67.0,70.0,3000.0,very bright,clear skies,very bright,light shade,medium (50-150 cm),shallow (20-50 cm),"heavy, medium, light","heavy, medium, light",high,moderate,low (<4 dS/m),low (<4 dS/m),well (dry spells),"poorly (saturated >50% of year), well (dry spells)",-44,0.0,long day (>14 hours),"steppe or semiarid (Bs), subtropical humid (Cf), subtropical dry summer (Cs), subtropical dry winter (Cw), temperate oceanic (Do), temperate continental (Dc), temperate with humid winters (Df), temperate with dry winters (Dw), boreal (E)",,,,,120.0,270.0,original_rule,edible_flag,high,Kentucky Blue Grass,1,,other,0,,0,0
PP:7813,both,vaccinium constablaei,ecocrop_synonym_binomial,medium,7813.0,Plant,https://permapeople.org/plants/vaccinium-constablaei-hillside-blueberry,Vaccinium constablaei,Hillside Blueberry,Ericaceae,,,,,1.0,,Shrubs,1.0,Fruit,,,1.0,1.0,0.0,0.0,0.0,1.0,0.0,1.0,1.0,0.0,berry,1.0,Common name contains 'berry' and Edible parts contains 'Fruit',10704,Vaccinium corymbosum,L.,Magnoliopsida:Dilleniidae:Ericales:Ericaceae,Vaccinium constablaei A. Gray,"high-bush blueberry, swamp blueberry, American blueberry, blueberry, mirtilho dos pantanos, airelle d'Amérique, amerikanische Blueberry, arándano americano",shrub,erect,perennial,"deciduous, multi stem",fruits & nuts,"grown on large scale, harvested from wild",18.0,30.0,7.0,42.0,900.0,1100.0,700.0,1300.0,4.0,5.0,3.0,5.5,30.0,30.0,45.0,45.0,1000.0,clear skies,very bright,cloudy skies,very bright,shallow (20-50 cm),shallow (20-50 cm),"medium, organic","heavy, medium, light",moderate,low,low (<4 dS/m),low (<4 dS/m),well (dry spells),well (dry spells),-29,-1.0,"short day (<12 hours), neutral day (12-14 hours), long day (>14 hours)","temperate oceanic (Do), temperate continental (Dc), temperate with humid winters (Df), temperate with dry winters (Dw)",flooding,,,,160.0,200.0,original_rule,edible_flag,high,Hillside Blueberry,1,,fruit_tree,0,,0,0
PP:7814,both,vaccinium brittonii,ecocrop_synonym_binomial,medium,7814.0,Plant,https://permapeople.org/plants/vaccinium-brittonii,Vaccinium brittonii,Vaccinium brittonii,Ericaceae,,,,,2.0,,Shrubs,1.0,Fruit,,,1.0,1.0,0.0,0.0,1.0,1.0,0.0,1.0,1.0,0.0,fruit,1.0,Edible parts contains 'Fruit' (non-tree layer),10700,Vaccinium angustifolium,Aiton,Magnoliopsida:Dilleniidae:Ericales:Ericaceae,"Vaccinium brittonii Porter ex C. Bicknell, Vaccinium lamarckii Camp, Vaccinium pensylvanicum var. nigrum A.W. Wood","low-bush blueberry, late sweet blueberry, low sweet blueberry, sweet hurts, mirtilho de folhas estreitas, uva do monte de folhas estreitas, upland lowbush blueberry","sub-shrub, shrub",prostrate/procumbent/semi-erect,perennial,multi stem,"fruits & nuts, medicinals & aromatic",,13.0,20.0,4.0,30.0,600.0,900.0,400.0,1100.0,4.2,5.2,2.8,6.6,40.0,40.0,55.0,55.0,1000.0,cloudy skies,light shade,clear skies,heavy shade,shallow (20-50 cm),shallow (20-50 cm),"medium, organic","heavy, medium, light",low,low,low (<4 dS/m),low (<4 dS/m),well (dry spells),well (dry spells),-40,-1.0,"short day (<12 hours), neutral day (12-14 hours), long day (>14 hours)","steppe or semiarid (Bs), temperate oceanic (Do), temperate continental (Dc), temperate with humid winters (Df), temperate with dry winters (Dw)",,,,,100.0,180.0,original_rule,edible_flag,high,Vaccinium brittonii,1,,fruit_tree,0,,0,0
PP:7843,both,sporobolus airoides,exact_scientific_name,high,7843.0,Plant,https://permapeople.org/plants/sporobolus-airoides-alkali-sakaton,Sporobolus airoides,Alkali Sakaton,Poaceae or gramineae,Perennial,,,,0.8,,,1.0,Seed,,,1.0,0.0,0.0,0.0,1.0,1.0,0.0,1.0,1.0,1.0,other_productive,1.0,"Edible == true, no more specific rule matched",10017,Sporobolus airoides,(Torrey) Torrey,Liliopsida:Commelinidae:Cyperales:Gramineae,,,grass,erect,perennial,multi stem,forage/pasture,,17.0,25.0,3.0,31.0,700.0,1100.0,500.0,1300.0,7.0,7.5,6.5,8.5,25.0,25.0,50.0,50.0,2000.0,very bright,very bright,very bright,clear skies,medium (50-150 cm),shallow (20-50 cm),"medium, light","heavy, medium, light",moderate,low,low (<4 dS/m),high (>10 dS/m)),well (dry spells),"poorly (saturated >50% of year), well (dry spells)",-30,-1.0,short day (<12 hours),"steppe or semiarid (Bs), subtropical humid (Cf), subtropical dry summer (Cs), temperate oceanic (Do), temperate continental (Dc)",,,,,120.0,180.0,original_rule,edible_flag,high,Alkali Sakaton,1,,other,0,,0,0
PP:7845,both,taraxacum officinale,exact_scientific_name,high,7845.0,Plant,https://permapeople.org/plants/taraxacum-officinale-dandelion-kukraundha,Taraxacum officinale,Dandelion - Kukraundha,Asteraceae or compositae,Perennial,5-9,5.0,9.0,0.5,Fast,,1.0,"Flowers, Leaves, Root","Coffee, Tea","Compost, Cosmetic, Dye, Fruit ripening, textiles, Dynamic accumulator, Fragrance",1.0,1.0,0.0,0.0,0.0,1.0,0.0,1.0,1.0,1.0,root_crop,1.0,Layer or Edible parts indicates Root/Tuber,10291,Taraxacum officinale,Weber; Wigg.,Magnoliopsida:Asteridae:Asterales:Compositae,"Taraxacum dens-leonis Desf., Taraxacum officinarum Rupr., Leontodon officinale Gmel., Leontodon taraxacum L.","dandelion, common dandelion, pissenlit, Löwenzahn, dente di leone, mælkeb¢tte, perdeblom, plant dissel, umashwababa, irwabe lenyoka, Tanaceti herba, Tanaceti flos",herb,"erect, acaulescent (or rosette plants)",perennial,single stem,medicinals & aromatic,harvested from wild,14.0,22.0,5.0,26.0,500.0,1000.0,300.0,2700.0,5.0,6.5,4.5,8.3,40.0,,55.0,60.0,2000.0,very bright,cloudy skies,very bright,light shade,shallow (20-50 cm),shallow (20-50 cm),"heavy, medium, light","heavy, medium, light",moderate,low,low (<4 dS/m),low (<4 dS/m),well (dry spells),well (dry spells),-5,0.0,long day (>14 hours),"tropical wet (Ar), steppe or semiarid (Bs), subtropical humid (Cf), subtropical dry summer (Cs), subtropical dry winter (Cw), temperate oceanic (Do), temperate continental (Dc), temperate with humid winters (Df), temperate with dry winters (Dw)",,,can become a weed,,90.0,180.0,original_rule,edible_flag,high,Dandelion - Kukraundha,1,,leafy_herb,0,,0,0
PP:7847,both,tarchonanthus camphoratus,exact_scientific_name,high,7847.0,Plant,https://permapeople.org/plants/tarchonanthus-camphoratus-camphor-bush,Tarchonanthus camphoratus,Camphor Bush,Asteraceae,,9-12,9.0,12.0,7.0,Medium,Trees,1.0,Leaves,Tea,"Cosmetic, Deodorant, Essential Oil, Fire retardant, Fire starter, Hedgerow, Pest control, Wind breaker, Soil conditioner, Erosion control, textiles, Lumber, Coppice, Fragrance",1.0,1.0,0.0,0.0,1.0,1.0,1.0,1.0,1.0,1.0,vegetable,1.0,Edible parts contains Leaves/Stem/Flowers,10292,Tarchonanthus camphoratus,L.,Magnoliopsida:Asteridae:Asterales:Compositae,,"African fleabane, camphor bush, wild camphor bush, Hottentot tobacco, pau quicongo, kamferbos, wilde kamferbos, vaalbos, African wild sage, wild sage, Leleshwa, Mkalambati, kapokbossie, kanferbos, kanferboom, iGqeba-elimhlophe, Mathola, Mofahlana, Mohata, Sefahla, Umgebe","shrub, tree",erect,perennial,"single stem, multi stem","forage/pasture, forest/wood, environmental, weed",,17.0,33.0,8.0,38.0,300.0,600.0,150.0,800.0,5.5,6.5,5.0,7.0,,,30.0,35.0,2000.0,very bright,very bright,very bright,clear skies,medium (50-150 cm),shallow (20-50 cm),"heavy, medium, light","heavy, medium, light",moderate,low,low (<4 dS/m),medium (4-10 dS/m),well (dry spells),"well (dry spells), excessive (dry/moderately dry)",-2,-1.0,"short day (<12 hours), neutral day (12-14 hours), long day (>14 hours)","tropical wet & dry (Aw), desert or arid (Bw), steppe or semiarid (Bs), subtropical humid (Cf), subtropical dry summer (Cs), subtropical dry winter (Cw)","fire, drought",,can become a weed,,90.0,210.0,original_rule,edible_flag,high,Camphor Bush,1,,leafy_herb,0,,0,0
PP:7966,both,sesamum indicum,exact_scientific_name,high,7966.0,Plant,https://permapeople.org/plants/sesamum-indicum-sesame,Sesamum indicum,Sesame,Pedaliaceae,Annual,10-12,10.0,12.0,1.0,,,1.0,"Leaves, Seed","Oil, Condiment","Hair, Pest control, Lighting, oil, Soap making, Wind breaker",1.0,0.0,0.0,0.0,0.0,1.0,0.0,1.0,1.0,1.0,vegetable,1.0,Edible parts contains Leaves/Stem/Flowers,1937,Sesamum indicum,L.,Magnoliopsida:Asteridae:Scrophulariales:Pedaliaceae,,"sesame, ajonjoli, sesamo, zhima, gergelim, til, sesam, simsim, kunzhut, goma, hu-ma, selit",herb,erect,annual,,"forage/pasture, materials",grown on large scale,20.0,30.0,10.0,40.0,500.0,1000.0,300.0,1500.0,5.5,7.5,4.5,8.0,,,25.0,40.0,1500.0,very bright,very bright,very bright,clear skies,deep (>>150 cm),medium (50-150 cm),medium,"heavy, medium, light",moderate,low,low (<4 dS/m),low (<4 dS/m),well (dry spells),"well (dry spells), excessive (dry/moderately dry)",,,"short day (<12 hours), neutral day (12-14 hours), long day (>14 hours)","tropical wet & dry (Aw), steppe or semiarid (Bs), subtropical humid (Cf), subtropical dry summer (Cs), subtropical dry winter (Cw)",,,,"small scale (manual), large scale/commercial",40.0,180.0,original_rule,edible_flag,high,Sesame,1,,leafy_herb,0,,0,0
PP:7977,both,spondias purpurea,exact_scientific_name,high,7977.0,Plant,https://permapeople.org/plants/spondias-purpurea-purple-mombin-red-mombin,Spondias purpurea,Purple Mombin Red Mombin,Anacardiaceae,,10-12,10.0,12.0,10.0,Fast,Trees,1.0,"Fruit, Leaves, Seed, Shoots",Gum,"Cosmetic, Fencing, Fire starter, Gum, textiles, Soap making, Lumber",1.0,0.0,0.0,0.0,1.0,1.0,0.0,0.0,1.0,1.0,fruit_tree,1.0,Layer contains 'Tree' and Edible parts contains 'Fruit',10015,Spondias purpurea,L.,Magnoliopsida:Rosidae:Sapindales:Anacardiaceae,Spondias dulcis Blanco (1837),"red mombin, Spanish plum, mombin rouge, prunier d'Espagne, ciruelo, kedondong seberang, kedondong cocok, siniguelas, jocote",tree,erect,perennial,"deciduous, single stem, multi stem",fruits & nuts,"grown on small scale, harvested from wild",22.0,28.0,13.0,35.0,800.0,1100.0,600.0,1800.0,6.0,7.0,5.5,8.0,5.0,,20.0,35.0,2000.0,very bright,very bright,very bright,clear skies,deep (>>150 cm),medium (50-150 cm),medium,"heavy, medium, light",high,low,low (<4 dS/m),low (<4 dS/m),well (dry spells),well (dry spells),,,"short day (<12 hours), neutral day (12-14 hours), long day (>14 hours)","tropical wet & dry (Aw), tropical wet (Ar)",,,,,120.0,365.0,original_rule,edible_flag,high,Purple Mombin Red Mombin,1,,fruit_tree,0,,0,0
PP:7979,both,passiflora quadrangularis,exact_scientific_name,high,7979.0,Plant,https://permapeople.org/plants/passiflora-quadrangularis-giant-granadilla,Passiflora quadrangularis,Giant Granadilla,Passifloraceae,,10-12,10.0,12.0,15.0,Fast,Vines,1.0,"Fruit, Root","Drink, Sweetener",,1.0,1.0,0.0,0.0,0.0,1.0,0.0,0.0,1.0,1.0,root_crop,1.0,Layer or Edible parts indicates Root/Tuber,1639,Passiflora quadrangularis,L.,Magnoliopsida:Dilleniidae:Violales:Passifloraceae,Passiflora macrocarpa M.T. Mast.,"giant granadilla, granadilla, square-stemmed passion flower, fleur de le passion, barbadine, parcha, granadilla real, grandadilla grande, parcha granadina, parcha de Guinea, ganadilla de fresco, granadilla para refrescos, badea, corvejo, sandía de Pasión, maracuya-acu, maracuja-assu, maracuja silvestre, maracuya grande, maracuja melao, maracuja mamao, maracuja de Caiena, parola, kasaflora, erbis, makisa, markiza, markoesa, markeesa, manesa, timun belanda, timun hutan, marquesa, mentimun, su-khontha-rot, dua gan tay, chum bao dua, Parapotina maata (Cooks), Palatini, Vine fua lalahi, Tinitini (Niue), Pasione (Tonga), Pasio (Samoa)",vine,climber/scrambler/scadent,perennial,multi stem,fruits & nuts,grown on small scale,18.0,30.0,12.0,35.0,1400.0,1600.0,700.0,2200.0,6.5,7.5,4.3,8.0,,,20.0,20.0,1000.0,very bright,clear skies,very bright,cloudy skies,medium (50-150 cm),shallow (20-50 cm),"medium, light","heavy, medium, light, organic",moderate,low,low (<4 dS/m),low (<4 dS/m),well (dry spells),well (dry spells),,,"short day (<12 hours), neutral day (12-14 hours), long day (>14 hours)","tropical wet & dry (Aw), tropical wet (Ar)",,,,,180.0,365.0,original_rule,edible_flag,high,Giant Granadilla,1,,fruiting,0,,0,0
PP:8032,both,nephelium lappaceum,exact_scientific_name,high,8032.0,Plant,https://permapeople.org/plants/nephelium-lappaceum-rambutan,Nephelium lappaceum,Rambutan,Sapindaceae,,10-12,10.0,12.0,20.0,Fast,Tall trees,1.0,"Fruit, Seed",Oil,"Dye, Houseplant, Lighting, oil, Soap, Tannin",1.0,1.0,0.0,0.0,0.0,1.0,0.0,0.0,1.0,1.0,fruit_tree,1.0,Layer contains 'Tree' and Edible parts contains 'Fruit',1528,Nephelium lappaceum,L.,Magnoliopsida:Rosidae:Sapindales:Sapindaceae,"Nephelium gabrum Cambess., Nephelium chryseum Blume, Nephelium sufferugineum Ralk., Nephelium mutabile Blume var. pallens Hiern in Hook.f., Xerospermum topengii Merr.","rambutan, rambootan, ramboutan, rambuteira, rambut (= 'hair'in Malay), usan (Philippines), usau (Philippines), usare (Philippines), phruan (Thailand), ngaw, ser mon (Cambodia), chle (Cambodia), chle sao mao (Cambodia), shao tzu, rambotang, rambustan, rambutao, litchi chevelu, ramboetan",tree,erect,perennial,"evergreen, single stem, multi stem","fruits & nuts, materials, ornamentals/turf, medicinals & aromatic, forest/wood, environmental",grown on large scale,21.0,35.0,10.0,42.0,2000.0,3000.0,1400.0,4000.0,5.0,6.5,4.5,7.5,,,15.0,17.0,1950.0,clear skies,cloudy skies,clear skies,light shade,deep (>>150 cm),medium (50-150 cm),medium,"heavy, medium, light, organic",high,moderate,low (<4 dS/m),low (<4 dS/m),well (dry spells),"poorly (saturated >50% of year), well (dry spells), excessive (dry/moderately dry)",4,4.0,"short day (<12 hours), neutral day (12-14 hours), long day (>14 hours)","tropical wet & dry (Aw), tropical wet (Ar)",drought,wind,,,170.0,365.0,original_rule,edible_flag,high,Rambutan,1,,fruit_tree,0,,0,0
PP:8033,both,musa acuminata,exact_scientific_name,high,8033.0,Plant,https://permapeople.org/plants/musa-acuminata-dwarf-banana,Musa acuminata,Dwarf Banana,Musaceae,Perennial,10-12,10.0,12.0,3.0,,,1.0,"Fruit, Shoots",,"Containers, Fiber, textiles, Weaving material",1.0,1.0,0.0,0.0,0.0,1.0,0.0,1.0,1.0,1.0,fruit,1.0,Edible parts contains 'Fruit' (non-tree layer),7848,Musa acuminata,Colla,Liliopsida:Zingiberidae:Zingiberales:Musaceae,,,herb,erect,perennial,"evergreen, single stem, C3 photosynthesis","forage/pasture, fruits & nuts",grown on large scale,23.0,33.0,12.0,42.0,1200.0,3600.0,650.0,5000.0,5.5,7.5,4.0,8.4,31.0,31.0,31.0,35.0,2400.0,very bright,cloudy skies,very bright,light shade,deep (>>150 cm),medium (50-150 cm),"medium, organic","heavy, medium, light",high,moderate,low (<4 dS/m),low (<4 dS/m),well (dry spells),well (dry spells),1,1.0,"short day (<12 hours), neutral day (12-14 hours), long day (>14 hours)","tropical wet & dry (Aw), tropical wet (Ar), steppe or semiarid (Bs), subtropical humid (Cf), subtropical dry summer (Cs), subtropical dry winter (Cw)",,"hail, wind",,,180.0,365.0,original_rule,edible_flag,high,Dwarf Banana,2,,fruiting,0,,0,0
PP:8037,both,musa balbisiana,exact_scientific_name,high,8037.0,Plant,https://permapeople.org/plants/musa-balbisiana-plantain,Musa balbisiana,Plantain,Musaceae,Perennial,9-12,9.0,12.0,5.0,Fast,,1.0,"Flowers, Fruit, Stem",,"Containers, Dye, Fiber",1.0,1.0,0.0,0.0,0.0,1.0,0.0,1.0,1.0,1.0,fruit,1.0,Edible parts contains 'Fruit' (non-tree layer),2507,Musa balbisiana,,Liliopsida:Zingiberidae:Zingiberales:Musaceae,,,herb,erect,perennial,single stem,"forage/pasture, fruits & nuts, medicinals & aromatic, environmental",grown on small scale,23.0,28.0,16.0,38.0,1300.0,3000.0,1000.0,5000.0,5.5,7.0,4.5,7.5,,,15.0,15.0,1200.0,very bright,clear skies,very bright,light shade,deep (>>150 cm),medium (50-150 cm),"medium, light","heavy, medium, light",high,moderate,low (<4 dS/m),low (<4 dS/m),well (dry spells),well (dry spells),8,12.0,"short day (<12 hours), neutral day (12-14 hours), long day (>14 hours)",tropical wet (Ar),,,,,365.0,365.0,original_rule,edible_flag,high,Plantain,1,,fruiting,0,,0,0
PP:8059,both,typha angustifolia,exact_scientific_name,high,8059.0,Plant,https://permapeople.org/plants/typha-angustifolia-small-reed-mace,Typha angustifolia,Small Reed Mace,Typhaceae,Perennial,3-7,3.0,7.0,3.0,,,1.0,"Flowers, Leaves, Pollen, Root, Seed, Shoots, Stem",Oil,"Biomass, textiles, oil, Erosion control, Fire starter, Weaving material",1.0,0.0,0.0,0.0,0.0,0.0,1.0,1.0,1.0,1.0,root_crop,1.0,Layer or Edible parts indicates Root/Tuber,10628,Typha angustifolia,L.,Liliopsida:Commelinidae:Typhales:Typhaceae,,"small reed mace, narrow-leaved cattail, lesser bulrush, narrow-leaf cat-tail, narrowleaf cattail, totora, espandana, kleine lisdodde, schmalblättriger rohrkolben, smalt dunkjevle, smalbladet dunhammer, kapeaosmankäämi, smalkaveldun, smalbladigt kaveldun",grass,erect,perennial,"deciduous, multi stem","vegetables, materials, medicinals & aromatic, environmental",harvested from wild,10.0,24.0,7.0,28.0,500.0,1500.0,300.0,4000.0,4.5,8.0,4.0,8.5,36.0,32.0,60.0,62.0,2000.0,clear skies,very bright,cloudy skies,very bright,shallow (20-50 cm),shallow (20-50 cm),"heavy, organic","heavy, medium, light, wide, organic",high,moderate,low (<4 dS/m),medium (4-10 dS/m),poorly (saturated >50% of year),poorly (saturated >50% of year),-33,0.0,,"steppe or semiarid (Bs), subtropical humid (Cf), subtropical dry summer (Cs), temperate oceanic (Do), temperate continental (Dc)",flooding,drought,can become a weed,,130.0,210.0,original_rule,edible_flag,high,Small Reed Mace,1,,leafy_herb,0,,0,0
PP:8113,both,schinziophyton rautanenii,ecocrop_synonym_binomial,medium,8113.0,Plant,https://permapeople.org/plants/schinziophyton-rautanenii-mongongo-nut-manketti-tree,Schinziophyton rautanenii,Mongongo Nut Manketti Tree,Euphorbiaceae,,10-12,10.0,12.0,12.0,Medium,Trees,1.0,"Fruit, Seed",Oil,"Cosmetic, Fencing, Fiber, Hair, Hedgerow, oil, Paint, Soap, Weaving material, Varnish, Lumber, Coppice",1.0,0.0,0.0,0.0,1.0,1.0,0.0,1.0,1.0,0.0,fruit_tree,1.0,Layer contains 'Tree' and Edible parts contains 'Fruit',9292,Ricinodendron rautanenii,Schinz,Magnoliopsida:Dilleniidae:Euphorbiales:Euphorbiaceae,Schinziophyton rautanenii,"mongongo nut, manketti nut, featherweight tree, mongongo, mungongo, mungongoma, mugonga, mangetti, ugongo (Kwangali), ngongo (Kwangali), wilde okkerneut",tree,erect,perennial,"deciduous, single stem","forage/pasture, fruits & nuts, environmental","grown on small scale, harvested from wild",18.0,30.0,10.0,40.0,500.0,800.0,400.0,1000.0,6.5,8.0,6.0,8.5,15.0,13.0,21.0,32.0,1200.0,very bright,very bright,clear skies,very bright,deep (>>150 cm),deep (>>150 cm),"medium, light","medium, light",moderate,low,low (<4 dS/m),low (<4 dS/m),well (dry spells),"well (dry spells), excessive (dry/moderately dry)",-7,-1.0,,"tropical wet & dry (Aw), steppe or semiarid (Bs), subtropical dry summer (Cs)",,,,,365.0,365.0,original_rule,edible_flag,high,Mongongo Nut Manketti Tree,1,,fruit_tree,0,,0,0
PP:8157,both,sagittaria sagittifolia,exact_scientific_name,high,8157.0,Plant,https://permapeople.org/plants/sagittaria-sagittifolia-arrow-head,Sagittaria sagittifolia,Arrow Head,Alismataceae,Perennial,6-9,6.0,9.0,1.0,,,1.0,"Leaves, Root",,,1.0,0.0,0.0,0.0,0.0,0.0,1.0,1.0,1.0,1.0,root_crop,1.0,Layer or Edible parts indicates Root/Tuber,9441,Sagittaria sagittifolia,L.,Liliopsida:Alismatidae:Alismatales:Alismataceae,,"old-world arrowhead, arrowhead, kyor, Chinese arrowhead, sagitaria vulgar, gewöhnliches pfeilkraut, pilblad, pystykeiholehti, pilört, vanligt pilblad",herb,prostrate/procumbent/semi-erect,perennial,single stem,roots/tubers,,16.0,24.0,12.0,28.0,900.0,1200.0,600.0,1500.0,6.0,7.5,5.5,8.2,45.0,42.0,65.0,67.0,,clear skies,clear skies,very bright,cloudy skies,shallow (20-50 cm),shallow (20-50 cm),medium,medium,high,moderate,low (<4 dS/m),low (<4 dS/m),poorly (saturated >50% of year),poorly (saturated >50% of year),8,0.0,"short day (<12 hours), neutral day (12-14 hours), long day (>14 hours)","subtropical humid (Cf), subtropical dry summer (Cs), subtropical dry winter (Cw), temperate oceanic (Do), temperate continental (Dc), temperate with humid winters (Df), temperate with dry winters (Dw)",flooding,,,,180.0,270.0,original_rule,edible_flag,high,Arrow Head; Sagittaria sagittifolia leucopetala,2,,root,0,,0,0
PP:8165,both,scirpus lacustris,exact_scientific_name,high,8165.0,Plant,https://permapeople.org/plants/scirpus-lacustris-bulrush,Scirpus lacustris,Bulrush,Cyperaceae,Perennial,4-8,4.0,8.0,2.5,,,1.0,"Leaves, Pollen, Root, Seed, Shoots, Stem",,"textiles, Weaving material",1.0,1.0,0.0,0.0,0.0,1.0,1.0,1.0,1.0,1.0,root_crop,1.0,Layer or Edible parts indicates Root/Tuber,9639,Scirpus lacustris,L.,Liliopsida:Commelinidae:Cyperales:Cyperaceae,Schoenoplectus lacustris (L.) Palla,"common club-rush, bulrush, gewöhnliche teichsimse, sjøsevaks, sø-kogleaks, järvikaisla, votasef, säv",grass,erect,perennial,multi stem,"roots/tubers, vegetables, materials, ornamentals/turf, environmental","grown on small scale, harvested from wild",14.0,22.0,8.0,30.0,550.0,1200.0,450.0,1400.0,6.0,7.0,5.5,7.5,35.0,18.0,63.0,65.0,1500.0,clear skies,very bright,cloudy skies,very bright,shallow (20-50 cm),shallow (20-50 cm),"heavy, medium, light, wide, organic","heavy, medium, light, wide, organic",moderate,low,low (<4 dS/m),low (<4 dS/m),poorly (saturated >50% of year),poorly (saturated >50% of year),-38,0.0,,"steppe or semiarid (Bs), subtropical humid (Cf), subtropical dry summer (Cs), temperate oceanic (Do), temperate continental (Dc), boreal (E)",flooding,drought,,,80.0,180.0,original_rule,edible_flag,high,Bulrush,1,,root,0,,0,0
PP:8200,both,valeriana officinalis,exact_scientific_name,high,8200.0,Plant,https://permapeople.org/plants/valeriana-officinalis-valerian,Valeriana officinalis,Valerian,Valerianaceae,Perennial,4-8,4.0,8.0,1.5,,,1.0,Seed,"Condiment, Tea","Compost, Essential Oil, Animal feed, Dynamic accumulator, Fragrance",1.0,0.0,0.0,0.0,0.0,1.0,0.0,1.0,1.0,1.0,other_productive,1.0,"Edible == true, no more specific rule matched",17405,Valeriana officinalis,L.,Magnoliopsida:Asteridae:Dipsacales:Valerianaceae,,"valerian, garden heliotrope, allheal, cherry pie, valeriana, læge baldrian, erva dos gatos, Baldrian, Valerianae rhizoma et radix",herb,erect,perennial,,"ornamentals/turf, medicinals & aromatic","grown on large scale, grown on small scale",15.0,24.0,5.0,32.0,600.0,800.0,500.0,1000.0,5.5,7.0,5.0,7.5,45.0,40.0,65.0,70.0,400.0,clear skies,very bright,light shade,very bright,medium (50-150 cm),shallow (20-50 cm),"medium, organic","medium, light, organic",high,moderate,low (<4 dS/m),low (<4 dS/m),well (dry spells),"poorly (saturated >50% of year), well (dry spells)",,,,"temperate oceanic (Do), temperate continental (Dc)",,,,"home garden, large scale/commercial",0.0,0.0,original_rule,edible_flag,high,Valerian,1,,other,0,,1,0
PP:8211,both,ullucus tuberosus,exact_scientific_name,high,8211.0,Plant,https://permapeople.org/plants/ullucus-tuberosus-olluco,Ullucus tuberosus,Olluco,Basellaceae,Perennial,8-10,8.0,10.0,0.3,,,1.0,"Leaves, Root",,,1.0,0.0,0.0,0.0,0.0,1.0,0.0,1.0,1.0,0.0,root_crop,1.0,Layer or Edible parts indicates Root/Tuber,2120,Ullucus tuberosus,Caldas,Magnoliopsida:Caryophyllidae:Caryophyllales:Basellaceae,"Ullucus tuberosus Lozano, Ullucus kunthii Moq., Basella tuberosa HBK, Melloca tuberosa Lindl., Melloca peruviana Lindl.","ulluco, melloco, oca quina, rubas (Ecuador), olloco, ulluca, ulluma (Argentina), papa lisas, lisas (Bolivia), olluco, papalisa (Peru), rubas, camarones de tierra, ruhuas (Colombia), micuche, miguri, ruba, tinquino (Venezuela)",herb,prostrate/procumbent/semi-erect,annual,,roots/tubers,grown on small scale,12.0,20.0,5.0,28.0,1100.0,1400.0,800.0,1800.0,5.5,6.5,5.0,7.0,,,25.0,40.0,4000.0,very bright,very bright,very bright,clear skies,medium (50-150 cm),shallow (20-50 cm),medium,"heavy, medium, light",high,moderate,low (<4 dS/m),low (<4 dS/m),well (dry spells),well (dry spells),-4,0.0,short day (<12 hours),"tropical wet & dry (Aw), subtropical humid (Cf), temperate continental (Dc)",,,,small scale (manual),120.0,270.0,original_rule,edible_flag,high,Olluco,1,,root,0,,0,0
PP:8212,both,uapaca kirkiana,exact_scientific_name,high,8212.0,Plant,https://permapeople.org/plants/uapaca-kirkiana-wild-loquat,Uapaca kirkiana,Wild Loquat,Phyllanthaceae,,10-12,10.0,12.0,12.0,Medium,Trees,1.0,Fruit,Drink,"Fire starter, Containers, Dye, Fencing, Lumber, Soil conditioner, Erosion control",1.0,1.0,0.0,0.0,0.0,1.0,0.0,1.0,1.0,0.0,fruit_tree,1.0,Layer contains 'Tree' and Edible parts contains 'Fruit',10644,Uapaca kirkiana,Mull. Arg.,Magnoliopsida:Dilleniidae:Euphorbiales:Euphorbiaceae,"Uapaca albida De Wild., Uapaca benguelensis Muell. Arg., Uapaca goetzei Pax, Uapaca greenwayi Suesseng., Uapaca homblei De Wild., Uapaca neo-masuku De Wild., Uapaca teusczii Pax.","wild loquat, West African loquat, mkusu, muzanje, umhobohobo, nkusu",tree,erect,perennial,"evergreen, semi evergreen, single stem","forage/pasture, fruits & nuts, materials, ornamentals/turf, medicinals & aromatic, forest/wood, environmental",,18.0,24.0,12.0,32.0,700.0,1500.0,500.0,2000.0,4.5,6.0,4.0,6.5,,,25.0,35.0,2000.0,very bright,clear skies,very bright,cloudy skies,medium (50-150 cm),shallow (20-50 cm),light,"medium, light",low,low,low (<4 dS/m),low (<4 dS/m),well (dry spells),"well (dry spells), excessive (dry/moderately dry)",,,"short day (<12 hours), neutral day (12-14 hours), long day (>14 hours)",tropical wet & dry (Aw),,fire,,,180.0,330.0,original_rule,edible_flag,high,Wild Loquat,1,,fruit_tree,0,,0,0
PP:8232,both,tamarindus indica,exact_scientific_name,high,8232.0,Plant,https://permapeople.org/plants/tamarindus-indica-tamarind,Tamarindus indica,Tamarind,Fabaceae,,10-12,10.0,12.0,20.0,Slow,Tall trees,1.0,"Flowers, Leaves, Seed, Seedpod","Coffee, Drink","Adhesive, Fire starter, Dye, Animal feed, Lumber, Ink, Lighting, Paint, Pest control, Plant support, Polish, Wind breaker, Tannin, Varnish, Nitrogen fixer",1.0,0.0,0.0,0.0,1.0,1.0,0.0,1.0,1.0,1.0,legume,1.0,Family == Fabaceae and Edible parts contains Seed/Pod,2047,Tamarindus indica,L.,Magnoliopsida:Rosidae:Fabales:Leguminosae,"Tamarindus occidentalis Gaertn. Fruct. 2000, Tamarindus officinalis Hook., Tamarindus umbrosa Salisb.","tamarind, Indian date, Madeira mahogany, camalindo, sampaloc, tamarin, tamarindo, tamarainer, tamarindier, ardeib, tamarindeiro, tamarinho, tamarineiro, tamarinheiro, tamanha, jubai', tamarinde, tamarindizio, ambli, amli, imli, amalika, tintiff, tintul, tetul, chinch, chitz, asam jawa, assam, tambaring, chinta, sitta, pulian, tetili, salomagi, sampalok, kalamagi, makham, bakham, somkham, humer, masika, dakar (Senegal), ukwaju, arabeb, b/roka, racahu, dereho, dindie, ghroma, gianko, omar, aradeib, tamarihindi, shekere, kuashi, danufi, daharg, dakah, dakhar, ndakhar, roka, hemor, homor, humar, komar, tommar, siyambala, maha, mushishi, mkwaju, ol-masamburai, mwemba, hamar, khaam, mak kham, puli, magyi, magyee, majee-pen, tamarenn, 'am' pul, ampil, khoua me, kham, me, trai me, ttri, titis, paun, dabe, jammeh, jammi, homar, roka (Galinya), ragai (Soddu), tamarind-hendi, Rogo'ota (Konsogna), Koria (Wolayetgna)",tree,erect,perennial,single stem,"fruits & nuts, materials, ornamentals/turf, medicinals & aromatic, forest/wood","grown on large scale, harvested from wild",20.0,35.0,12.0,45.0,800.0,3000.0,300.0,4500.0,5.5,6.5,4.5,8.5,,,15.0,20.0,1500.0,very bright,clear skies,very bright,light shade,deep (>>150 cm),shallow (20-50 cm),"medium, light","heavy, medium, light",moderate,low,low (<4 dS/m),high (>10 dS/m)),well (dry spells),"well (dry spells), excessive (dry/moderately dry)",-3,-1.0,"short day (<12 hours), neutral day (12-14 hours), long day (>14 hours)","tropical wet & dry (Aw), steppe or semiarid (Bs), subtropical humid (Cf), subtropical dry summer (Cs)",,,,"home garden, large scale/commercial",70.0,210.0,original_rule,edible_flag,high,Tamarind,1,,legume,0,,1,0
PP:8235,both,tamarix aphylla,exact_scientific_name,high,8235.0,Plant,https://permapeople.org/plants/tamarix-aphylla-athel-tamarisk,Tamarix aphylla,Athel Tamarisk,Tamaricaceae,,7-10,7.0,10.0,10.0,Medium,Trees,1.0,,"Manna, Drink","Hedgerow, Tannin",1.0,0.0,0.0,0.0,1.0,1.0,0.0,1.0,1.0,1.0,other_productive,1.0,"Edible == true, no more specific rule matched",10274,Tamarix aphylla,(L.) Karst.,Magnoliopsida:Dilleniidae:Violales:Tamaricaceae,,"athel tree, dur tree, salt tree, tamargueira de folha pequena",tree,erect,perennial,"evergreen, single stem, C3 photosynthesis","forest/wood, environmental",grown on small scale,27.0,40.0,8.0,50.0,300.0,400.0,200.0,500.0,6.5,7.5,6.0,8.5,20.0,25.0,40.0,40.0,1400.0,very bright,very bright,very bright,clear skies,deep (>>150 cm),medium (50-150 cm),"medium, light","heavy, medium, light",low,low,low (<4 dS/m),high (>10 dS/m)),"well (dry spells), excessive (dry/moderately dry)","well (dry spells), excessive (dry/moderately dry)",-10,-1.0,"short day (<12 hours), neutral day (12-14 hours), long day (>14 hours)","desert or arid (Bw), steppe or semiarid (Bs), subtropical dry summer (Cs)",drought,,,,120.0,180.0,original_rule,edible_flag,high,Athel Tamarisk,1,,other,0,,0,0
PP:8243,both,vaccinium angustifolium,exact_scientific_name,high,8243.0,Plant,https://permapeople.org/plants/vaccinium-angustifolium-low-sweet-blueberry,Vaccinium angustifolium,Low Sweet Blueberry,Ericaceae,,2-6,2.0,6.0,0.2,,Shrubs,1.0,Fruit,Tea,,1.0,1.0,0.0,0.0,1.0,1.0,0.0,1.0,1.0,0.0,berry,1.0,Common name contains 'berry' and Edible parts contains 'Fruit',10700,Vaccinium angustifolium,Aiton,Magnoliopsida:Dilleniidae:Ericales:Ericaceae,"Vaccinium brittonii Porter ex C. Bicknell, Vaccinium lamarckii Camp, Vaccinium pensylvanicum var. nigrum A.W. Wood","low-bush blueberry, late sweet blueberry, low sweet blueberry, sweet hurts, mirtilho de folhas estreitas, uva do monte de folhas estreitas, upland lowbush blueberry","sub-shrub, shrub",prostrate/procumbent/semi-erect,perennial,multi stem,"fruits & nuts, medicinals & aromatic",,13.0,20.0,4.0,30.0,600.0,900.0,400.0,1100.0,4.2,5.2,2.8,6.6,40.0,40.0,55.0,55.0,1000.0,cloudy skies,light shade,clear skies,heavy shade,shallow (20-50 cm),shallow (20-50 cm),"medium, organic","heavy, medium, light",low,low,low (<4 dS/m),low (<4 dS/m),well (dry spells),well (dry spells),-40,-1.0,"short day (<12 hours), neutral day (12-14 hours), long day (>14 hours)","steppe or semiarid (Bs), temperate oceanic (Do), temperate continental (Dc), temperate with humid winters (Df), temperate with dry winters (Dw)",,,,,100.0,180.0,original_rule,edible_flag,high,Low Sweet Blueberry,2,,fruit_tree,0,,0,0
PP:8274,both,vitex doniana,exact_scientific_name,high,8274.0,Plant,https://permapeople.org/plants/vitex-doniana-black-plum,Vitex doniana,Black Plum,Lamiaceae,,10-12,10.0,12.0,15.0,Medium,Tall trees,1.0,"Fruit, Leaves, Seed, Shoots","Coffee, Condiment, Drink, Sweetener, Tea","Fire starter, Dye, Lumber, Ink, Mulch, Pioneer, Resin, Soil conditioner, Teeth, Nitrogen fixer",1.0,1.0,0.0,0.0,0.0,1.0,0.0,1.0,1.0,1.0,fruit_tree,1.0,Layer contains 'Tree' and Edible parts contains 'Fruit',10874,Vitex doniana,Sweet,Magnoliopsida:Asteridae:Lamiales:Verbenaceae,"Vitex cienkowskii Kotschy et Peyr., Vitex cuneata Schum. et Thonn.","Afetewa, black plum, muxiloxilo, galbihi, dinya, ucha koro, mfudu, mfuu, oori-nla, Plem (Amargna), Silanri (Ari)",tree,erect,perennial,"deciduous, single stem","forage/pasture, fruits & nuts, materials, medicinals & aromatic, forest/wood, environmental",,14.0,28.0,10.0,36.0,750.0,2000.0,600.0,2500.0,5.5,7.0,5.0,7.5,,,20.0,30.0,1850.0,very bright,very bright,clear skies,very bright,deep (>>150 cm),medium (50-150 cm),wide,wide,moderate,low,low (<4 dS/m),low (<4 dS/m),well (dry spells),well (dry spells),,,,"tropical wet & dry (Aw), subtropical humid (Cf)",,,,,365.0,365.0,original_rule,edible_flag,high,Black Plum,1,,fruit_tree,0,,0,0
PP:8278,both,vitex keniensis,exact_scientific_name,high,8278.0,Plant,https://permapeople.org/plants/vitex-keniensis-fulu,Vitex keniensis,Fulu,Lamiaceae,,10-12,10.0,12.0,25.0,Fast,Tall trees,1.0,Fruit,,"Fire starter, Lumber, Mulch, Wind breaker",1.0,0.0,0.0,0.0,0.0,1.0,0.0,1.0,1.0,0.0,fruit_tree,1.0,Layer contains 'Tree' and Edible parts contains 'Fruit',10880,Vitex keniensis,Turrill,Magnoliopsida:Asteridae:Lamiales:Verbenaceae,Vitex balbi Chiov.,"moru oak, meru oak, mfuu",tree,erect,perennial,single stem,"fruits & nuts, ornamentals/turf, forest/wood",,15.0,20.0,12.0,28.0,1800.0,2200.0,1500.0,2500.0,5.5,7.0,5.0,7.5,,,10.0,10.0,2100.0,clear skies,very bright,cloudy skies,very bright,deep (>>150 cm),medium (50-150 cm),"medium, light","medium, light",high,moderate,low (<4 dS/m),low (<4 dS/m),well (dry spells),well (dry spells),,,,tropical wet & dry (Aw),,,,,365.0,365.0,original_rule,edible_flag,high,Fulu,1,,fruit_tree,0,,0,0
PP:8300,both,vitis rotundifolia,exact_scientific_name,high,8300.0,Plant,https://permapeople.org/plants/vitis-rotundifolia-muscadine-grape,Vitis rotundifolia,Muscadine Grape,Vitaceae,,5-9,5.0,9.0,25.0,Fast,Vines,1.0,"Fruit, Leaves, Shoots",,Dye,1.0,1.0,0.0,0.0,1.0,1.0,0.0,1.0,1.0,1.0,edible_vine,1.0,Layer contains 'Vine(s)' and Edible == true,10900,Vitis rotundifolia,Michaux.,Magnoliopsida:Rosidae:Rhamnales:Vitaceae,,"muscadine grape, Southern fox grape, scuppernong grape, bullace grape, vinha americana, muscardinia",vine,climber/scrambler/scadent,perennial,"deciduous, single stem",fruits & nuts,grown on small scale,18.0,32.0,10.0,40.0,1400.0,1600.0,1100.0,1800.0,6.0,7.0,5.8,8.0,,,,,,very bright,very bright,very bright,clear skies,medium (50-150 cm),medium (50-150 cm),"medium, organic","heavy, medium, light",moderate,low,low (<4 dS/m),low (<4 dS/m),well (dry spells),well (dry spells),,,"short day (<12 hours), neutral day (12-14 hours), long day (>14 hours)",subtropical humid (Cf),,,,,150.0,270.0,original_rule,edible_flag,high,Muscadine Grape,1,,fruiting,0,,0,0
PP:8346,both,vitis labrusca,exact_scientific_name,high,8346.0,Plant,https://permapeople.org/plants/vitis-labrusca-northern-fox-grape,Vitis labrusca,Northern Fox Grape,Vitaceae,,6-9,6.0,9.0,15.0,Fast,Vines,1.0,"Fruit, Leaves, Sap, Shoots",Oil,"Dye, oil, Rootstock, Fragrance",1.0,1.0,0.0,0.0,1.0,1.0,0.0,1.0,1.0,1.0,edible_vine,1.0,Layer contains 'Vine(s)' and Edible == true,10895,Vitis labrusca,L.,Magnoliopsida:Rosidae:Rhamnales:Vitaceae,Vitis lambrusca,"fox grape, skunk grape, plum grape, Isabella grape, Labrusca grape, uva de raposa, labrusca","herb, vine",climber/scrambler/scadent,perennial,"deciduous, single stem",,,15.0,25.0,6.0,35.0,900.0,1100.0,700.0,1500.0,6.0,6.5,4.9,7.5,25.0,25.0,45.0,45.0,1000.0,very bright,very bright,very bright,clear skies,medium (50-150 cm),medium (50-150 cm),"medium, organic","heavy, medium, light",moderate,low,low (<4 dS/m),low (<4 dS/m),well (dry spells),well (dry spells),-22,0.0,"short day (<12 hours), neutral day (12-14 hours), long day (>14 hours)","subtropical humid (Cf), temperate continental (Dc)",,,,,150.0,270.0,original_rule,edible_flag,high,Northern Fox Grape,1,,fruiting,0,,0,0
PP:8364,permapeople_only,vicia sativa,ecocrop_only,,8364.0,Plant,https://permapeople.org/plants/vicia-sativa-common-vetch,Vicia sativa,Common Vetch,Fabaceae or leguminosae,Annual,4-8,4.0,8.0,1.2,Fast,Herbs,1.0,"Leaves, Seed, Shoots",Tea,"Cover crop, Dynamic accumulator, Nitrogen fixer",1.0,1.0,0.0,0.0,0.0,1.0,0.0,1.0,1.0,1.0,legume,1.0,Family == Fabaceae and Edible parts contains Seed/Pod,238002,Vicia sativa ssp. nigra,(L.) Ehrh.,Magnoliopsida:Rosidae:Fabales:Leguminosae,"Vicia angustifolia L., Vicia angustifolia var. segetalis (Thuill.) W.D.J. Koch, Vicia angustifolia var. uncinata (Desv.) Rouy, Vicia sativa var. angustifolia (L.) Ser., Vicia sativa var. nigra L., Vicia sativa var. segetalis (Thuill.) Ser.","garden vetch, common vetch, slimleaf vetch, vetch",herb,prostrate/procumbent/semi-erect,annual,multi stem,"pulses (grain legumes), forage/pasture, environmental",,11.0,23.0,4.0,28.0,600.0,800.0,350.0,1160.0,6.0,7.0,4.9,8.2,30.0,,30.0,30.0,3300.0,very bright,cloudy skies,very bright,light shade,medium (50-150 cm),shallow (20-50 cm),medium,"heavy, medium, light",moderate,low,low (<4 dS/m),low (<4 dS/m),well (dry spells),well (dry spells),-5,-1.0,long day (>14 hours),"tropical wet & dry (Aw), tropical wet (Ar), steppe or semiarid (Bs), subtropical dry summer (Cs), temperate oceanic (Do), temperate continental (Dc), temperate with humid winters (Df), temperate with dry winters (Dw)",,,,,80.0,170.0,original_rule,edible_flag,high,Common Vetch; Winter Tares; garden vetch,4,,legume,0,,0,0
PP:8368,both,vicia villosa,ecocrop_synonym_binomial,medium,8368.0,Plant,https://permapeople.org/plants/vicia-villosa-large-russian-vetch,Vicia villosa,Large Russian Vetch,Fabaceae or leguminosae,Perennial,,,,1.8,,Vines,1.0,"Leaves, Seed",,"Cover crop, Nitrogen fixer",1.0,1.0,0.0,0.0,0.0,1.0,0.0,1.0,1.0,1.0,legume,1.0,Family == Fabaceae and Edible parts contains Seed/Pod,400003,Vicia dasycarpa,Roth.,Leguminosae,Vicia villosa ssp. varia,Hairy vetch,herb,prostrate/procumbent/semi-erect,annual,multi stem,forage/pasture,grown on large scale,10.0,24.0,4.0,32.0,500.0,700.0,300.0,1000.0,6.0,7.0,4.9,8.0,38.0,35.0,55.0,60.0,2000.0,very bright,clear skies,very bright,cloudy skies,medium (50-150 cm),shallow (20-50 cm),"medium, light","heavy, medium, light, organic",moderate,low,low (<4 dS/m),low (<4 dS/m),well (dry spells),well (dry spells),-5,0.0,long day (>14 hours),"subtropical humid (Cf), subtropical dry summer (Cs), subtropical dry winter (Cw), temperate oceanic (Do)",,,"poisonous to man or animals, can become a weed",large scale/commercial,0.0,0.0,original_rule,edible_flag,high,Large Russian Vetch; winter vetch,4,,legume,0,,0,0
PP:8400,both,rumex obtusifolius,exact_scientific_name,high,8400.0,Plant,https://permapeople.org/plants/rumex-obtusifolius-round-leaved-dock,Rumex obtusifolius,Round-Leaved Dock,Polygonaceae,Perennial,4-8,4.0,8.0,1.0,,,1.0,"Leaves, Seed, Stem",,"Dye, Dynamic accumulator",1.0,1.0,0.0,0.0,0.0,1.0,0.0,1.0,1.0,1.0,vegetable,1.0,Edible parts contains Leaves/Stem/Flowers,9412,Rumex obtusifolius,L.,,,"bitter dock, blunt-leaved dock, red-veined dock, labacol",herb,erect,perennial,,"forage/pasture, weed",,14.0,18.0,6.0,23.0,1300.0,1700.0,1000.0,2000.0,6.0,6.5,5.3,7.1,35.0,,60.0,65.0,3250.0,very bright,cloudy skies,very bright,light shade,medium (50-150 cm),shallow (20-50 cm),"heavy, medium","heavy, medium",high,low,low (<4 dS/m),low (<4 dS/m),well (dry spells),"poorly (saturated >50% of year), well (dry spells)",,,"short day (<12 hours), neutral day (12-14 hours), long day (>14 hours)","tropical wet & dry (Aw), temperate oceanic (Do), temperate continental (Dc), temperate with humid winters (Df), temperate with dry winters (Dw)",,,can become a weed,,150.0,180.0,original_rule,edible_flag,high,Round-Leaved Dock,1,,leafy_herb,0,,0,0
PP:8407,both,abies balsamea,exact_scientific_name,high,8407.0,Plant,https://permapeople.org/plants/abies-balsamea-balsam-fir,Abies balsamea,Balsam Fir,Pinaceae,,3-6,3.0,6.0,15.0,Slow,Tall trees,1.0,"Inner bark, Shoots","Condiment, Gum, Tea","Adhesive, Fiber, Gum, Fire starter, Microscope, Resin, textiles, Waterproofing, Lumber, Fragrance",1.0,1.0,0.0,1.0,0.0,1.0,0.0,1.0,1.0,1.0,other_productive,1.0,"Edible == true, no more specific rule matched",2551,Abies balsamea,(L.) Miller,Pinopsida:Pinaceae,,"Balsam Fir, Gilead Fir, Fir Balsam, Fir Pine, Sapin, Silver Fir, Silver Pine, Balm of Gilead Tree, Canada Balsam",tree,erect,perennial,"evergreen, single stem","materials, forest/wood",,10.0,18.0,4.0,26.0,750.0,1100.0,400.0,1500.0,5.0,6.5,4.5,7.5,45.0,42.0,55.0,58.0,1900.0,cloudy skies,clear skies,cloudy skies,clear skies,medium (50-150 cm),shallow (20-50 cm),"heavy, medium, organic","heavy, medium, light, wide, organic",moderate,low,low (<4 dS/m),low (<4 dS/m),well (dry spells),"poorly (saturated >50% of year), well (dry spells)",-25,0.0,,"temperate oceanic (Do), temperate continental (Dc), boreal (E)",,,,,100.0,160.0,original_rule,edible_flag,high,Balsam Fir,1,,other,0,,0,0
PP:8409,both,abies amabilis,exact_scientific_name,high,8409.0,Plant,https://permapeople.org/plants/abies-amabilis-red-fir,Abies amabilis,Red Fir,Pinaceae,,4-8,4.0,8.0,30.0,Slow,Tall trees,1.0,"Inner bark, Shoots","Gum, Tea","Gum, Lumber",1.0,1.0,0.0,1.0,0.0,1.0,0.0,1.0,1.0,1.0,other_productive,1.0,"Edible == true, no more specific rule matched",196860,Abies amabilis,(Dougl. ex Loud.) Dougl. ex Forbes,Pinopsida:Pinaceae,"Pinus amabilis Doug., Picea amabilis Doug. Ex Loudl.","cascade fir, Pacific silver fir, lovely fir, red fir, white fir",tree,erect,perennial,"evergreen, single stem","ornamentals/turf, forest/wood",,12.0,18.0,6.0,22.0,1500.0,6000.0,1000.0,6650.0,5.0,7.0,4.5,7.5,42.0,40.0,58.0,60.0,2100.0,clear skies,cloudy skies,very bright,light shade,medium (50-150 cm),shallow (20-50 cm),"medium, organic","heavy, medium, organic",high,moderate,low (<4 dS/m),low (<4 dS/m),"poorly (saturated >50% of year), well (dry spells)","poorly (saturated >50% of year), well (dry spells)",-35,-5.0,,"temperate oceanic (Do), boreal (E)",,,,,0.0,0.0,original_rule,edible_flag,high,Red Fir,1,,other,0,,0,0
PP:8411,both,abelmoschus manihot,exact_scientific_name,high,8411.0,Plant,https://permapeople.org/plants/abelmoschus-manihot-aibika,Abelmoschus manihot,Aibika,Malvaceae,Perennial,8-11,8.0,11.0,3.0,Fast,,1.0,"Flowers, Leaves, Shoots",,,1.0,0.0,0.0,0.0,0.0,1.0,0.0,1.0,1.0,1.0,vegetable,1.0,Edible parts contains Leaves/Stem/Flowers,290,Abelmoschus manihot,(L.) Medic.,Magnoliopsida:Dilleniidae:Malvales:Malvaceae,"Hibiscus manihot L. (1753), Abelmoschus manihot ssp. manihot [(L)]; Medikus","neka (Simbo), bele (Fiji), pele (Tonga, Tuvalu), aibika, island cabbage, baera, bush spinach, peli, slippery cabbage (Solomon Is.), bush cabbage, slipery kabis",shrub,erect,"annual, perennial",,"vegetables, ornamentals/turf, medicinals & aromatic",grown on small scale,22.0,30.0,16.0,36.0,1200.0,2000.0,1000.0,3000.0,5.5,7.0,5.0,8.0,,,,,1200.0,very bright,clear skies,very bright,cloudy skies,medium (50-150 cm),medium (50-150 cm),"medium, organic","heavy, medium, light",high,moderate,low (<4 dS/m),low (<4 dS/m),well (dry spells),well (dry spells),,,long day (>14 hours),"tropical wet & dry (Aw), tropical wet (Ar)",,,,,365.0,365.0,original_rule,edible_flag,high,Aibika,1,,leafy_herb,0,,0,0
PP:8412,both,abelmoschus moschatus,exact_scientific_name,high,8412.0,Plant,https://permapeople.org/plants/abelmoschus-moschatus-musk-mallow,Abelmoschus moschatus,Musk Mallow,Malvaceae,Perennial,8-11,8.0,11.0,2.0,Fast,,1.0,"Leaves, Root, Seed, Seedpod, Shoots","Oil, Condiment","Essential Oil, Fiber, Pest control, oil, Fragrance",1.0,0.0,0.0,0.0,0.0,1.0,0.0,1.0,1.0,1.0,root_crop,1.0,Layer or Edible parts indicates Root/Tuber,291,Abelmoschus moschatus,Medic.,Magnoliopsida:Dilleniidae:Malvales:Malvaceae,Hibiscus abelmoschus L. (1753).,"abelmosk, musk mallow, mushkdan, muskdana, kasturi bhendi, gukhia korai, kasturi bhenda, kattukasturi, varttilai kasturi, lalkasturika, musk okra, ambrette, abelmosco, ambreta, rosa almiscarada, quiabo cheiroso, kasturi, gombo musqué, ketmie musquée, graine de musc, kamang, kaŒmang, karereon, karereon nikapwerik nik, kareron, likonokon, gongul, metei, mety, methey, hathongethong, kamwayang, nikapwerik, setmwechin, sotumo, wakiwaki, wakewake, wakeke, vakeke, aukiki, oŒeŒe, fou ingo, fau ingo, Œaute toga, fau tagaloa, fua samasama, loa, fauŒingo, tropical jewel-hibiscus","herb, sub-shrub",prostrate/procumbent/semi-erect,"annual, biennial, perennial","deciduous, multi stem","ornamentals/turf, medicinals & aromatic",,20.0,30.0,10.0,35.0,1000.0,1400.0,900.0,1500.0,5.5,7.0,5.0,8.0,,,23.0,29.0,900.0,cloudy skies,very bright,light shade,very bright,medium (50-150 cm),shallow (20-50 cm),"medium, organic","medium, organic",high,moderate,low (<4 dS/m),low (<4 dS/m),well (dry spells),well (dry spells),,,,tropical wet & dry (Aw),,,can become a weed,,0.0,0.0,original_rule,edible_flag,high,Musk Mallow,1,,leafy_herb,0,,0,0
PP:8416,both,leucaena leucocephala,exact_scientific_name,high,8416.0,Plant,https://permapeople.org/plants/leucaena-leucocephala-leucaena,Leucaena leucocephala,Leucaena,Fabaceae,,9-12,9.0,12.0,10.0,Fast,Trees,1.0,"Flowers, Leaves, Seed, Seedpod","Coffee, Drink, Gum","Biomass, Dye, Fencing, Fiber, Animal feed, Fire starter, Lumber, Gum, Hedgerow, textiles, Plant support, Wind breaker, Coppice, Nitrogen fixer",1.0,0.0,0.0,0.0,1.0,1.0,0.0,1.0,1.0,1.0,legume,1.0,Family == Fabaceae and Edible parts contains Seed/Pod,1344,Leucaena leucocephala,(Lamk.) De Wit,Magnoliopsida:Rosidae:Fabales:Leguminosae,"Leucaena glauca (L. ex Willd.) Benth., Leucaena latisiluqua sensu Gillis & Stearn, Mimosa leucocephala Lamark, Acacia glauca Willd.","leucaena, leucaene, guage, wild tamarind, lead tree, faux-acacia, faux mimosa, lamtoro, namas, vaivai, vaivai ni vavalagi, reusewattel, stuipboom, haole koa, koa haole, tangantangan, tangan tangan, talantayan (Guam, Marshall Islands), talntangan, ganitnityuwan tangantan (Yap), tuhngantuhngan, rohbohtin (Kosrae), telentund (Palau), lopa samoa (American Samoa), fua pepe (American Samoa and Samoa), lusina (Samoa), pepe (Niue and Samoa), nito (Cook Islands), siale mohemohe (Tonga), vaivai(Fiji), vaivai ni vavalangi, vaivai dina, balori, cassis (Vanuatu), te kaitetua (Kiribati)","shrub, tree",erect,perennial,"evergreen, single stem, multi stem","forage/pasture, materials, ornamentals/turf, forest/wood, environmental",grown on large scale,20.0,32.0,10.0,42.0,600.0,3000.0,250.0,5000.0,6.0,7.7,5.0,8.5,15.0,,25.0,30.0,2100.0,very bright,cloudy skies,very bright,light shade,deep (>>150 cm),shallow (20-50 cm),"heavy, medium","heavy, medium, light",moderate,low,low (<4 dS/m),medium (4-10 dS/m),well (dry spells),"well (dry spells), excessive (dry/moderately dry)",,,short day (<12 hours),"tropical wet & dry (Aw), tropical wet (Ar), steppe or semiarid (Bs), subtropical humid (Cf), subtropical dry summer (Cs), subtropical dry winter (Cw)",coastal salt spray,,,,180.0,365.0,original_rule,edible_flag,high,Leucaena,1,,legume,0,,0,0
PP:8417,both,pithecellobium dulce,exact_scientific_name,high,8417.0,Plant,https://permapeople.org/plants/pithecellobium-dulce-manila-tamarind,Pithecellobium dulce,Manila Tamarind,Fabaceae,,10-12,10.0,12.0,15.0,Fast,Tall trees,1.0,"Fruit, Seed, Seedpod","Oil, Drink, Gum","Biomass, Dye, Fencing, Animal feed, Fire starter, Gum, Hedgerow, oil, Wind breaker, Soap making, Soil reclamation, Tannin, Lumber, Coppice, Nitrogen fixer",1.0,0.0,0.0,0.0,1.0,1.0,0.0,1.0,1.0,1.0,fruit_tree,1.0,Layer contains 'Tree' and Edible parts contains 'Fruit',8700,Pithecellobium dulce,(Roxb.) Benth.,Magnoliopsida:Rosidae:Fabales:Leguminosae,"Inga dulcis (Roxb.) Willd., Mimosa dulcis Roxb., Pithecolobium dulce","filfile zaf, koloita","shrub, tree",erect,perennial,"semi evergreen, single stem, multi stem","forage/pasture, materials, ornamentals/turf, medicinals & aromatic, forest/wood, environmental, weed",grown on small scale,20.0,30.0,12.0,40.0,2000.0,3000.0,450.0,4000.0,5.5,6.5,4.5,7.5,,,28.0,28.0,1800.0,very bright,cloudy skies,very bright,light shade,deep (>>150 cm),shallow (20-50 cm),"heavy, medium, light","heavy, medium, light",moderate,low,low (<4 dS/m),low (<4 dS/m),well (dry spells),"well (dry spells), excessive (dry/moderately dry)",-3,-1.0,short day (<12 hours),"tropical wet & dry (Aw), tropical wet (Ar)",grazing/browsing,wind,can become a weed,,120.0,240.0,original_rule,edible_flag,high,Manila Tamarind,1,,fruit_tree,0,,0,0
PP:8419,both,samanea saman,exact_scientific_name,high,8419.0,Plant,https://permapeople.org/plants/samanea-saman-rain-tree,Samanea saman,Rain Tree,Fabaceae,,10-12,10.0,12.0,20.0,Fast,Tall trees,1.0,Seedpod,"Drink, Gum","Alcohol, Fire starter, Containers, Fencing, Animal feed, Gum, Resin, Lumber, Nitrogen fixer",1.0,1.0,0.0,0.0,1.0,1.0,1.0,1.0,1.0,1.0,other_productive,1.0,"Edible == true, no more specific rule matched",1894,Samanea saman,(Jacq.) Merrill,,"Pithecellobium saman (Jacq.) Benth., Albizia saman (Jacaq.) F. v. Muell., Enterolobium saman Prain. ex King, Inga salutaris Kunth., Inga saman Willd., Mimosa saman Jacq.","rain tree saman, monkey-pod tree, monkeypod, saman tree, zaman, genisaro, cow tamarind, porrain tree, arvore da chuva, samania, guango, feijao cru', mendubi de veado, ohai saman, 'ohai, gumor ni spanis, kasia, vaivai ni vavalangi, vaivai ni vavalagi, tronkon mames, trongkon-mames, filinganga (CNMI-Carolinian)",tree,erect,perennial,single stem,"forage/pasture, fruits & nuts, materials, ornamentals/turf, forest/wood, environmental",grown on small scale,20.0,35.0,15.0,40.0,800.0,3000.0,500.0,3500.0,5.5,6.5,4.5,7.5,,,20.0,40.0,1300.0,very bright,very bright,very bright,clear skies,deep (>>150 cm),medium (50-150 cm),"heavy, medium, light","heavy, medium, light",moderate,low,low (<4 dS/m),low (<4 dS/m),"poorly (saturated >50% of year), well (dry spells)","poorly (saturated >50% of year), well (dry spells), excessive (dry/moderately dry)",,,short day (<12 hours),"tropical wet & dry (Aw), tropical wet (Ar), subtropical humid (Cf)",,,,,210.0,300.0,original_rule,edible_flag,high,Rain Tree,1,,other,0,,0,0
PP:8420,both,prosopis pallida,exact_scientific_name,high,8420.0,Plant,https://permapeople.org/plants/prosopis-pallida-algaroba,Prosopis pallida,Algaroba,Fabaceae,,10-12,10.0,12.0,12.0,Fast,Trees,1.0,Seedpod,,Animal feed,1.0,0.0,0.0,0.0,1.0,1.0,0.0,1.0,1.0,1.0,other_productive,1.0,"Edible == true, no more specific rule matched",8953,Prosopis pallida,(H.B. ex Willd.) Kunth,Magnoliopsida:Rosidae:Fabales:Leguminosae,,,"shrub, tree",erect,perennial,"deciduous, single stem, multi stem, C3 photosynthesis","pulses (grain legumes), forage/pasture, materials, ornamentals/turf, forest/wood, environmental, weed",grown on small scale,22.0,28.0,19.0,32.0,500.0,1000.0,250.0,1250.0,5.5,6.0,5.0,6.7,,,22.0,22.0,600.0,very bright,very bright,very bright,clear skies,medium (50-150 cm),shallow (20-50 cm),"heavy, medium, light","heavy, medium, light",moderate,low,low (<4 dS/m),high (>10 dS/m)),well (dry spells),"well (dry spells), excessive (dry/moderately dry)",-2,-1.0,short day (<12 hours),"tropical wet & dry (Aw), desert or arid (Bw), steppe or semiarid (Bs)","drought, grazing/browsing",wind,can become a weed,,100.0,240.0,original_rule,edible_flag,high,Algaroba,1,,other,0,,0,0
PP:8421,both,prosopis chilensis,exact_scientific_name,high,8421.0,Plant,https://permapeople.org/plants/prosopis-chilensis-chilean-algarrobo,Prosopis chilensis,Chilean algarrobo,Fabaceae,,10-12,10.0,12.0,12.0,Medium,Trees,1.0,Seedpod,,Animal feed,1.0,0.0,0.0,0.0,1.0,1.0,0.0,1.0,1.0,0.0,other_productive,1.0,"Edible == true, no more specific rule matched",8946,Prosopis chilensis,(Molina) Stuntz,Magnoliopsida:Rosidae:Fabales:Leguminosae,,,tree,erect,perennial,"deciduous, single stem, C3 photosynthesis","forage/pasture, fruits & nuts, materials, ornamentals/turf, forest/wood, environmental",grown on small scale,22.0,30.0,12.0,45.0,300.0,500.0,200.0,600.0,6.5,7.5,6.0,8.5,5.0,15.0,30.0,25.0,2900.0,very bright,very bright,very bright,very bright,shallow (20-50 cm),shallow (20-50 cm),"medium, light","medium, light",low,low,low (<4 dS/m),high (>10 dS/m)),well (dry spells),"well (dry spells), excessive (dry/moderately dry)",-5,-1.0,short day (<12 hours),"tropical wet & dry (Aw), desert or arid (Bw), steppe or semiarid (Bs)",drought,,can become a weed,,90.0,180.0,original_rule,edible_flag,high,Chilean algarrobo; Thornless Chilean Mesquite,2,,other,0,,0,0
PP:8426,both,manilkara zapota,exact_scientific_name,high,8426.0,Plant,https://permapeople.org/plants/manilkara-zapota-sapodilla,Manilkara zapota,Sapodilla,Sapotaceae,,10-12,10.0,12.0,25.0,Slow,Tall trees,1.0,"Fruit, Leaves, Sap, Shoots",Gum,"Lumber, Gum, textiles, Tannin, Teeth",1.0,0.0,0.0,0.0,1.0,1.0,0.0,1.0,1.0,1.0,fruit_tree,1.0,Layer contains 'Tree' and Edible parts contains 'Fruit',7605,Manilkara zapota,(L.) P. Royen,Magnoliopsida:Dilleniidae:Sapotales:Sapotaceae,"Achras zapota L. (1753), Pouteria mammosa (L.) Cronquist (1946), Nispero achras (Miller) Aubreville (1965)","sapodilla, sapodilla plum, chicozapote, chiku, naseberry, beef apple, chicle, sapoti, sapotizeiro, sapotillier, sawo manila, ciku, sawo londo, chico, lomut, lamud, lamut, lamut-farang, xabôchê, hông xiêm, tâm lu'c",tree,erect,perennial,single stem,"fruits & nuts, medicinals & aromatic, forest/wood",grown on small scale,20.0,34.0,11.0,42.0,1000.0,1500.0,400.0,2000.0,6.0,7.0,5.5,8.5,,,28.0,34.0,2500.0,cloudy skies,very bright,light shade,very bright,deep (>>150 cm),shallow (20-50 cm),medium,wide,high,moderate,low (<4 dS/m),medium (4-10 dS/m),well (dry spells),well (dry spells),-1,-1.0,neutral day (12-14 hours),"tropical wet & dry (Aw), tropical wet (Ar), steppe or semiarid (Bs), subtropical dry summer (Cs)",,,,small scale (manual),180.0,365.0,original_rule,edible_flag,high,Sapodilla,1,,fruit_tree,0,,0,0
PP:8434,both,abutilon theophrasti,exact_scientific_name,high,8434.0,Plant,https://permapeople.org/plants/abutilon-theophrasti-china-jute,Abutilon theophrasti,China Jute,Malvaceae,Annual,,,,1.0,,,1.0,"Fruit, Seed",Oil,"Fiber, oil, textiles",1.0,1.0,0.0,0.0,1.0,1.0,0.0,1.0,1.0,1.0,fruit,1.0,Edible parts contains 'Fruit' (non-tree layer),11067,Abutilon theophrasti,Medicus,Magnoliopsida:Dilleniidae:Malvales:Malvaceae,"Abutilon abutilon (L.) Rusby, Abutilon avicennae Gaertn. nom. illeg., Sida abutilon L.","China jute, velvetleaf, velvet leaf, butter-print, pie-marker, piemarker, Indian mallow, Chinese lantern, malva blanca, malva de terciopelo, malva grande, yute de la China, jute de Chine, Lindenblättrige Schönmalve, Chinesische Jute, Chinesischer Hanf, Iuta cinese, swamp Chinese lantern, butterprint velvetleaf, chingma lantern, pie maker, buttonweed, butter print, velvet weed, Indian hemp, cotton weed, wild cotton, flower of an hour",herb,erect,annual,,"materials, weed",grown on large scale,14.0,25.0,10.0,30.0,650.0,2000.0,500.0,3000.0,5.5,6.5,4.9,8.2,,,50.0,56.0,,very bright,clear skies,very bright,cloudy skies,deep (>>150 cm),medium (50-150 cm),medium,"heavy, medium, light",moderate,low,low (<4 dS/m),low (<4 dS/m),well (dry spells),"poorly (saturated >50% of year), well (dry spells)",,,long day (>14 hours),"temperate oceanic (Do), temperate continental (Dc), temperate with humid winters (Df), temperate with dry winters (Dw)",,,can become a weed,,75.0,140.0,original_rule,edible_flag,high,China Jute,1,,fruiting,0,,0,0
PP:8470,both,faidherbia albida,exact_scientific_name,high,8470.0,Plant,https://permapeople.org/plants/faidherbia-albida-white-acacia-white-thorn-apple-ring-acacia,Faidherbia albida,White Acacia White-thorn Apple ring acacia,Fabaceae,,10-12,10.0,12.0,25.0,Fast,Tall trees,1.0,Seed,Gum,"Fire starter, Containers, Animal feed, Lumber, Gum, Mulch, Potash, Soap making, Soil conditioner, Erosion control, Tannin, Teeth, Coppice, Nitrogen fixer",1.0,0.0,0.0,0.0,1.0,1.0,0.0,1.0,1.0,0.0,legume,1.0,Family == Fabaceae and Edible parts contains Seed/Pod,6082,Faidherbia albida,(Del.) A. Chev. 1934,Magnoliopsida:Rosidae:Fabales:Leguminosae,"Acacia albida Delille, 1813, Acacia albida Del. var. microfoliata De Wild., Acacia albida Del. var. varifoliata De Wild., Acacia gyrocarpa Hochst. ex. A. Rich., Acacia leucocephala Link, Acacia mossambecensis Bolle, Acacia saccharata Benth.","winter thorn, apple ring thorn tree, apple ring acacia, ana tree, white thorn, without, anaboom, apiesdoring, mogabo, magohlo, umHlalankwazi, kad, Faidherbia",tree,erect,perennial,"deciduous, single stem","forage/pasture, fruits & nuts, ornamentals/turf, medicinals & aromatic, forest/wood, environmental",,18.0,30.0,12.0,13.0,400.0,1000.0,250.0,1200.0,5.5,7.0,5.0,7.5,10.0,,30.0,35.0,2700.0,very bright,very bright,very bright,very bright,deep (>>150 cm),deep (>>150 cm),light,"medium, light",high,moderate,low (<4 dS/m),medium (4-10 dS/m),well (dry spells),"poorly (saturated >50% of year), well (dry spells)",,,,"tropical wet & dry (Aw), steppe or semiarid (Bs), subtropical dry summer (Cs)",,,,,0.0,0.0,original_rule,edible_flag,high,White Acacia White-thorn Apple ring acacia,1,,legume,0,,0,0
PP:8488,both,pouteria sapota,exact_scientific_name,high,8488.0,Plant,https://permapeople.org/plants/pouteria-sapota-sapote,Pouteria sapota,Sapote,Sapotaceae,,10-12,10.0,12.0,25.0,Medium,Tall trees,1.0,"Fruit, Seed","Oil, Chocolate, Drink, Tea","Cosmetic, Lumber, Hair, oil, Soap making",1.0,0.0,0.0,0.0,0.0,1.0,0.0,0.0,1.0,1.0,fruit_tree,1.0,Layer contains 'Tree' and Edible parts contains 'Fruit',8917,Pouteria sapota,(Jacq.) H. More & Stearn,,,"sapote, mammee zapote, marmalade plum, zapote, mamey zapoteo, mamey colorado, zapota grande, sapota grande, unique', grosse sapote",tree,erect,perennial,"evergreen, deciduous, single stem","fruits & nuts, forest/wood","grown on small scale, harvested from wild",24.0,30.0,15.0,36.0,2000.0,3300.0,800.0,4000.0,6.0,6.5,5.0,7.0,10.0,,20.0,25.0,1400.0,clear skies,cloudy skies,clear skies,cloudy skies,deep (>>150 cm),medium (50-150 cm),"heavy, medium","heavy, medium, light",moderate,moderate,low (<4 dS/m),low (<4 dS/m),well (dry spells),well (dry spells),-2,0.0,short day (<12 hours),"tropical wet & dry (Aw), tropical wet (Ar)",,,,home garden,365.0,365.0,original_rule,edible_flag,high,Sapote,1,,fruit_tree,0,,1,0
PP:8523,both,elettaria cardamomum,exact_scientific_name,high,8523.0,Plant,https://permapeople.org/plants/elettaria-cardamomum-true-cardamom,Elettaria cardamomum,True Cardamom,Zingiberaceae,Perennial,10-12,10.0,12.0,,,,1.0,Seed,,,0.0,1.0,0.0,1.0,0.0,1.0,0.0,0.0,0.0,0.0,other_productive,1.0,"Edible == true, no more specific rule matched",984,Elettaria cardamomum,Maton,Liliopsida:Zingiberidae:Zingiberales:Zingiberaceae,,"cardamom, cardamomo, cardamome, kardamom, kardemom, elachi, hal, karudamon, pai tou k'ou, kardomom, kardemome",herb,erect,perennial,,"materials, medicinals & aromatic","grown on large scale, grown on small scale",22.0,30.0,10.0,35.0,3000.0,6000.0,1500.0,7000.0,5.5,6.0,4.8,7.0,5.0,,15.0,25.0,1500.0,light shade,cloudy skies,light shade,clear skies,shallow (20-50 cm),shallow (20-50 cm),"medium, organic","heavy, medium, light",moderate,low,low (<4 dS/m),low (<4 dS/m),well (dry spells),well (dry spells),,,short day (<12 hours),"tropical wet & dry (Aw), tropical wet (Ar), subtropical dry summer (Cs)",,wind,susceptible to nematodes,large scale/commercial,240.0,365.0,original_rule,edible_flag,high,True Cardamom,1,,other,0,,0,0
PP:8982,both,coccoloba uvifera,exact_scientific_name,high,8982.0,Plant,https://permapeople.org/plants/coccoloba-uvifera-seagrape,Coccoloba uvifera,Seagrape,Polygonaceae,Perennial,9b-11,,,,,Shrubs,1.0,Fruit,,,1.0,1.0,0.0,0.0,0.0,0.0,0.0,0.0,0.0,0.0,fruit,1.0,Edible parts contains 'Fruit' (non-tree layer),743,Coccoloba uvifera,(L.) L.,Magnoliopsida:Caryophyllidae:Polygonales:Polygonaceae,,Sea grape,"shrub, tree",erect,perennial,"deciduous, single stem, multi stem","fruits & nuts, materials, ornamentals/turf, forest/wood, environmental",grown on small scale,21.0,26.0,10.0,32.0,700.0,1400.0,400.0,2500.0,6.5,7.5,5.8,8.0,5.0,5.0,20.0,20.0,500.0,very bright,very bright,very bright,clear skies,medium (50-150 cm),shallow (20-50 cm),light,"medium, light",high,moderate,low (<4 dS/m),high (>10 dS/m)),well (dry spells),well (dry spells),-3,-1.0,short day (<12 hours),"tropical wet & dry (Aw), tropical wet (Ar), subtropical humid (Cf)","wind, coastal salt spray",,,,240.0,365.0,original_rule,edible_flag,high,Seagrape,1,,fruit_tree,0,,0,0
